text,label
pls person had a seizure please,Medical
bro gaas leak after cylinder burst fast,Gas Leak
quick multiple injured people,Medical
quick multiple vehicles collided,Road Accident
fast emergency! my school is burning immediately,Fire
bro roads blocked by fallen trees,Storm
help live wire near school,Electrical Hazard
mall caught frie,Fire
pls truck lost control,Road Accident
pls gas smell everywhere,Gas Leak
fan shaking violently save us,Earthquake
gaas leak after cylinder burst quickly,Gas Leak
emergency! medical emergency,Medical
please trees buried in landslide,Landslide
bro building cracking badly,Building Collapse
madam chemical smell inside building,Gas Leak
bridge inaccessible please,Landslide
fast gass leak caused fire,Fire
cyclone has reached our area please,Storm
entire area under water please,Flood
car rolled over save us,Road Accident
please hospital building shaking,Earthquake
urgent objects falling down,Earthquake
urgent! house collapsedd,Building Collapse
emergency! strong gas smell,Gas Leak
need immediate evacuation immediately,Landslide
everyone evacuated because of gass,Gas Leak
heavy tremors felt,Earthquake
strong water current outside quickly,Flood
suspected gaas cylinder failure,Gas Leak
save us! fire in my house,Fire
save me! gass leak in the kitchen,Gas Leak
shopping mall collapsed now,Building Collapse
urgent heavy smoke from house,Fire
we climbed to terrace quickly,Flood
our area has no electricity save me,Storm
hospital floded,Flood
people trapped after earth quake,Earthquake
urgent possible explosion due to gas,Gas Leak
people stranded on rooftop save me,Flood
please current coming through water save us,Electrical Hazard
cylinder valve is leaking save me,Gas Leak
help water level is rising quickly,Flood
factory is burning,Fire
fast please send medical team,Medical
help! my apartment is burning,Fire
please residents evacuated due to gass,Gas Leak
strong smell of gaas inside house,Gas Leak
sir people running outside,Earthquake
our village is flooed,Flood
lightning struck nearby save us,Storm
cannot stop the gass leak quickly,Gas Leak
walls are cracking,Earthquake
emergency houses buried in mud,Landslide
urgent snake bite emergency,Medical
kitchen caught fire,Fire
help house caught fire,Fire
possible heart attack,Medical
help need evacuation immediately,Flood
urgent need help immediately! current leakage please,Electrical Hazard
fast road blocked by landslide quickly,Landslide
person swallowed poison,Medical
toxic gaas smell,Gas Leak
emergency! flood water entered our bedroom,Flood
rain water entering house save us,Flood
emergency electric poles have fallen save us,Storm
trees uprooted everywhere save us,Storm
our belongings are floating save us,Flood
lightning struck nearby please,Storm
urgent lift trapped after collapse,Building Collapse
madam help us landslide please,Landslide
help child touched live wire,Electrical Hazard
people feeling dizzy because of gas now,Gas Leak
our shop is burning,Fire
need help immediately! earthquake quickly,Earthquake
fast need rescue after landslide,Landslide
electric board caught fir,Fire
urgent gas smell becoming stronger,Gas Leak
bro medicine overdose please,Medical
bridge damaged after earth quack,Earthquake
fast house flooded during cyclone quickly,Storm
fast! my home is burning,Fire
quick building collapsedd after heavy rain,Building Collapse
cannot escape because of smkoe,Fire
wire caught fie,Fire
balcony fall downd,Building Collapse
save me! cyclone approaching save me,Storm
bridge collapsed due to flood save us,Flood
save me! gas leak in the kitchen please,Gas Leak
gas leakage detected,Gas Leak
room is filled with smke,Fire
need help immediately! my railway station is burning,Fire
power cable broken fast,Electrical Hazard
we are trapped because of flod,Flood
emergency hailstorm damaged vehicles save me,Storm
urgent! electric shock,Electrical Hazard
help! electric shock,Electrical Hazard
please medicine overdose,Medical
multiple vehicles collided please,Road Accident
fast! current leakage,Electrical Hazard
heavy smoke from apartment,Fire
quick emergency! earthquake,Earthquake
fast! landslide,Landslide
warehouse is completely floodsed immediately,Flood
bro someone help! gas leak in the kitchen,Gas Leak
urgent patient lost consciousness,Medical
madam gas regulator is leaking,Gas Leak
gas emergency quickly,Gas Leak
bro cars damaged by trees save me,Storm
cannot go outside because of flood fast,Flood
please send rescue teams quickly,Earthquake
please! electric shock,Electrical Hazard
help gas regulator is leaking,Gas Leak
quick wire caught firee quickly,Fire
bro wire caught fie,Fire
urgent gaas detected in basement please,Gas Leak
urgent large rocks on road,Landslide
gas leaking continuously,Gas Leak
please electric panel smoking,Electrical Hazard
soil sliding downhill save us,Landslide
quick power outage after explosion immediately,Electrical Hazard
fast person had a seizure fast,Medical
emergency many vehicles stranded,Landslide
dangerous gaas smell,Gas Leak
petrol bunk caught fir quickly,Fire
quick kitchen filled with gas smell,Gas Leak
help accident due to fog,Road Accident
madam hospital ward caught fire,Fire
quick entire area under water,Flood
industrial gass leak,Gas Leak
quick patient is bleeding heavily,Medical
emergency shopping mall caught fire,Fire
urgent kitchen full of smoke quickly,Fire
help flood everywhere,Flood
our building has building felld please,Building Collapse
quick kitchen caught fire,Fire
urgent please send emergency team,Gas Leak
pls bridge inaccessible save me,Landslide
factory is burning save us,Fire
fast staircase collapsed,Building Collapse
frie reached second floor,Fire
water entered first floor,Flood
fast electrical short circuit caused fie,Fire
please building damaged by wind,Storm
sir dangerous gas smell now,Gas Leak
building shaking badly now,Earthquake
passengers injured fast,Road Accident
fast dust everywhere after collapse,Building Collapse
children trapped inside burning house fast,Fire
huge flames in kitchen,Fire
urgent critical medical emergency,Medical
huge flames in college save me,Fire
help multiple injured people quickly,Medical
dangerous electric sparks save us,Electrical Hazard
house destroyed completely immediately,Building Collapse
transformer making loud noise fast,Electrical Hazard
pls need rescue after earthquake,Earthquake
urgent high speed winds everywhere,Storm
communication lost after heavy wind please,Storm
fast communication lost after storm,Storm
please everyone evacuated building,Earthquake
lift trapped after fall down quickly,Building Collapse
floor is vibrating please,Earthquake
urgent bike skid on road save us,Road Accident
difficulty in breathing,Medical
emergency people waiting for rescue,Flood
car fell into ditch,Road Accident
heavy rain and thunderstorm fast,Storm
madam garage is completely flooded,Flood
black smoke everywhere fast,Fire
madam live wire near school fast,Electrical Hazard
bro need immediate evacuation,Landslide
building tilted slightly immediately,Earthquake
bro bridge is underwater,Flood
plastic burning smell quickly,Fire
gaas is coming from the stove,Gas Leak
madam bridge partially building felld,Building Collapse
mudslide blocking road please,Landslide
fast it feels like an earthshake,Earthquake
bro cannot reach village,Landslide
school building caught frie,Fire
emergency trees buried in landslide,Landslide
power lines are down fast,Storm
sir strong earthquake felt,Earthquake
help! gass leak in the kitchen,Gas Leak
severe allergic reaction fast,Medical
urgent our house is shaking save us,Earthquake
sir houses collapsing due to landslide immediately,Landslide
please send rescue teams save me,Storm
bro road completely submerged,Flood
sir pole may fall,Electrical Hazard
passengers injured,Road Accident
cannot brethe properly,Medical
emergency need rescue after landslide,Landslide
please wire caught fire quickly,Fire
sir emergency landslide,Landslide
glass windows broke immediately,Earthquake
someone help! house collapsed,Building Collapse
quick earth moving continuously,Earthquake
fast cannot reach hospital because of flood,Flood
pls factory electrical accident quickly,Electrical Hazard
please our building has collapsed,Building Collapse
suspected gass cylinder failure,Gas Leak
road full of damaged vehicles please,Road Accident
staircase collapsedd save us,Building Collapse
bridge is underwater immediately,Flood
sir danger of complete collapse,Building Collapse
urgent many people are injured,Earthquake
pls soil sliding downhill please,Landslide
save trapped people please,Landslide
office building building felld,Building Collapse
quick several people injured,Road Accident
emergency house developed huge cracks,Earthquake
roads completely blocked fast,Storm
heavy rain with strong winds save me,Storm
touching gate gives shock immediately,Electrical Hazard
bro person hit by a car now,Road Accident
people waiting for rescue quickly,Flood
help bed caught fie,Fire
emergency suspected gaas cylinder failure,Gas Leak
quick cannot reach hospital because of floo save me,Flood
do not know where gas is leaking,Gas Leak
main entrance blocked by debris save me,Building Collapse
emergency staircase building felld,Building Collapse
curtains caught fire save us,Fire
urgent our colony is floded,Flood
danger due to exposed wire quickly,Electrical Hazard
need emergency shelter fast,Storm
serious head injury fast,Medical
emergency walls have huge cracks save me,Building Collapse
building may collapse save us,Earthquake
our building is unsafe,Building Collapse
please our house is under water,Flood
power lines are down,Storm
electrical accident occurred save me,Electrical Hazard
please danger of another landslide fast,Landslide
fast need immediate assistance,Gas Leak
fast please send patient sick team,Medical
emergency people trapped after storm,Storm
fast! medical emergency,Medical
madam cannot reach village,Landslide
lift trapped after collapse,Building Collapse
critical medical emergency now,Medical
madam electric panel smoking,Electrical Hazard
office building building felld now,Building Collapse
mudslide blocking road save us,Landslide
electrical short circuit caused firee,Fire
roof caught fire save me,Fire
help plastic burning smell,Fire
fast entire area under water,Flood
bro hill collapsing,Landslide
please storm damaged our house please,Storm
please building tilted slightly,Earthquake
stairs blocked by firee,Fire
person trapped under vehicle save us,Road Accident
shop caught fire,Fire
save us! landslide,Landslide
someone help! cyclone approaching,Storm
passengers injured save us,Road Accident
lights are swinging please,Earthquake
quick flying debris everywhere,Storm
save me! medical emergency,Medical
madam the whole area is shaking,Earthquake
building shaking and collapsing,Building Collapse
gaas leak near hospital fast,Gas Leak
soil sliding downhill quickly,Landslide
furniture shaking,Earthquake
generator caught fie,Electrical Hazard
shopping mall caught fir fast,Fire
gaas regulator is leaking quickly,Gas Leak
gas leaking from pipeline,Gas Leak
fast traffic stopped because of accident,Road Accident
bike skid on road save me,Road Accident
bridge collapsed due to floo,Flood
emergency electric poles inside flood water,Flood
help building shaking badly quickly,Earthquake
sewer water mixed with flod,Flood
madam gas smell everywhere,Gas Leak
furniture shaking save me,Earthquake
please old building collapsed,Building Collapse
fast river overflowed,Flood
office building shaking please,Earthquake
fast gas emergency,Gas Leak
please gas leak near hospital please,Gas Leak
madam cracks appeared on wall,Earthquake
family trapped in landslide please,Landslide
fast woman fainted suddenly save me,Medical
please school building collapsed,Building Collapse
emergency heavy smoke from school,Fire
elderly person collapsed save us,Medical
switchboard caught fire,Electrical Hazard
possible explosion due to gaas fast,Gas Leak
sir roof caught fire,Fire
help patient is not responding,Medical
help please! building collapsed,Building Collapse
urgent! cyclone approaching,Storm
many residents trapped save us,Building Collapse
save me! floods water entered our road,Flood
need rescue after cyclone,Storm
strong earthquake felt,Earthquake
emergency two cars crashed,Road Accident
petrol bunk caught fir,Fire
do not know where gaas is leaking now,Gas Leak
bro two cars crashed,Road Accident
cannot leave home because of storm,Storm
urgent building failure occurred,Building Collapse
people trapped under debris now,Building Collapse
need rescue after landslide immediately,Landslide
bro cylinder valve is leaking,Gas Leak
urgent cannot come out because building collapsed,Building Collapse
emergency doors are shaking violently now,Storm
burning smell from switchboard,Electrical Hazard
need ambulans urgently quickly,Medical
madam broken leg after fall,Medical
save us! need ambulnce save us,Medical
water reached waist level fast,Flood
patient unable to speak immediately,Medical
madam please help! gas leak in the kitchen,Gas Leak
bro dangerous gas smell,Gas Leak
sir power lines are down,Storm
office building collapsed fast,Building Collapse
fie in neighbour house,Fire
difficulty in breathing fast,Medical
emergency quick! house collapsedd,Building Collapse
black smoke everywhere quickly,Fire
madam people trapped inside car save me,Road Accident
gass leak in apartment save us,Gas Leak
help electric wire fell on vehicle,Electrical Hazard
building shaking and collapsing immediately,Building Collapse
communication lost after wind storm now,Storm
animals trapped in flood,Flood
fast! road accident,Road Accident
madam people stranded on rooftop,Flood
lift trapped after fall down,Building Collapse
madam our village is flooded,Flood
help the whole area is shaking,Earthquake
pls vehicle overturned,Road Accident
bro mudslide blocking road now,Landslide
help burn injuries need treatment,Medical
kitchen full of smok now,Fire
need rescue boat,Flood
fast need help immediately! gas leak in the kitchen,Gas Leak
fast aftershock happened,Earthquake
firee spreading quickly,Fire
mudslide blocking road immediately,Landslide
madam cupboard fell,Earthquake
save me! house collapsedd,Building Collapse
our building has collapsed,Building Collapse
hissing sound from gaas cylinder,Gas Leak
sir dangerous electric sparks,Electrical Hazard
bridge is underwater,Flood
ceiling collapsedd,Building Collapse
please bridge damaged after earthquake,Earthquake
quick smoke everywhere,Fire
madam help us landslide immediately,Landslide
urgent danger of another landslide save us,Landslide
help our colony is floodsed,Flood
switchboard caught firee,Electrical Hazard
pls continuous rain causing flod now,Flood
bro bike accident near the junction,Road Accident
electric board caught firee immediately,Fire
emergency lift trapped after collapse,Building Collapse
emergency gaas detected in basement,Gas Leak
madam gass cylinder exploded,Fire
doors are shaking violently immediately,Storm
pls houses damaged by cyclone,Storm
earth is moving save us,Earthquake
people waiting for rescue fast,Flood
hill collapsing,Landslide
help roads blocked by fallen trees,Storm
urgent ceiling is cracking,Earthquake
flammable gaas leaking,Gas Leak
ceiling collapsed fast,Building Collapse
bro save me! medical emergency,Medical
bro thick smkoe coming out,Fire
building collapsed after earth moving save me,Building Collapse
cyclone warning issued,Storm
sir bike accident near the junction,Road Accident
cars damaged by trees save me,Storm
save trapped people quickly,Landslide
need immediate assistance,Gas Leak
please help! house collapsedd immediately,Building Collapse
sir bridge collapsed due to flood,Flood
bro restaurant kitchen caught fire,Fire
gas leak near restaurant immediately,Gas Leak
help please help! fir in my street save me,Fire
hailwind storm damaged vehicles please,Storm
fast electrical disaster,Electrical Hazard
concrete fell from roof,Building Collapse
bro house floodsed during cyclone,Storm
dangerous electric sparks,Electrical Hazard
sir need food and water,Flood
sir our house is shaking save me,Earthquake
lift trapped after collapsed save us,Building Collapse
sir house flooed during cyclone quickly,Storm
bedroom is completely floded,Flood
help building may fall down now,Earthquake
heavy wind becoming stronger,Storm
quick help! gas leak in the kitchen now,Gas Leak
ambulance needed immediately save us,Road Accident
urgent fast! landslide,Landslide
emergency gas leak near restaurant,Gas Leak
please need rescue after earthquake,Earthquake
gas leaking from pipeline save me,Gas Leak
forest fire nearby,Fire
quick people injured by electric shock,Electrical Hazard
bro gaas leak near warehouse,Gas Leak
emergency gas leak immediately,Gas Leak
two cars crashed save us,Road Accident
gas leak caused fire fast,Fire
madam people injured in landslide,Landslide
chemical smell inside building,Gas Leak
gaas leakage detected please,Gas Leak
my father fainted,Medical
person is not breathing,Medical
madam power line snapped,Electrical Hazard
electrical short circuit caused fire save me,Fire
curtains caught frie,Fire
save trapped people fast,Landslide
urgent earth sliding down,Landslide
fire in neighbour house immediately,Fire
sir truck lost control,Road Accident
my mother fall downd save me,Medical
electric board caught fire fast,Fire
please urgent! building building felld,Building Collapse
quick vehicle overturned,Road Accident
help live wire on the road,Electrical Hazard
road cracked after earthquake now,Earthquake
fast save us! electric shock,Electrical Hazard
broken leg after fall fast,Medical
car accident on the highway,Road Accident
please power lines are down,Storm
sir gas smell becoming stronger,Gas Leak
need emergency doctor,Medical
please help! road accident quickly,Road Accident
road cracked after earthshake please,Earthquake
do not know where current is coming from now,Electrical Hazard
urgent kitchen caught fire,Fire
building shaking and collapsing fast,Building Collapse
high voltage danger save me,Electrical Hazard
help kitchen full of smoke,Fire
pls school building shaking,Earthquake
pls roof is cracking,Earthquake
bro broken leg after fall quickly,Medical
madam our house is under water,Flood
save us! my kitchen is burning,Fire
save us! building shaking,Earthquake
please children trapped in floo,Flood
kitchen caught fie,Fire
need immediate assistance please,Gas Leak
please huge landslide occurred,Landslide
urgent possible gaas leak,Gas Leak
urgent cannot brethe properly,Medical
mud everywhere,Landslide
help electricity leaking,Electrical Hazard
current passing through gate save me,Electrical Hazard
bro transformer exploded,Fire
patient lost consciousness now,Medical
pls our house is under water,Flood
cannot breathe properly,Medical
everyone is panicking now,Earthquake
bro we climbed to terrace,Flood
truck caught fire,Fire
gass cylinder is leaking save me,Gas Leak
please help! building collapsed,Building Collapse
sir electric meter burning,Electrical Hazard
electrical short circuit caused fie,Fire
please live cable exposed,Electrical Hazard
electrical disaster,Electrical Hazard
people feeling dizzy because of gas please,Gas Leak
pls telephone poles collapsedd,Storm
pls person trapped under vehicle,Road Accident
emergency the ground is shaking,Earthquake
help need rescue after earth quack,Earthquake
urgent need ambulance after accident save me,Road Accident
help building may collapse now,Earthquake
major collision immediately,Road Accident
road blocked by fall downd building,Building Collapse
quick transformer exploded please,Fire
pls our apartment is burning,Fire
madam driver unconscious after accident,Road Accident
people evacuated from village,Storm
fast firee after explosion please,Fire
live wire near school immediately,Electrical Hazard
help help accident victims immediately,Road Accident
bro houses damaged by cyclone save me,Storm
urgent! house collapsed,Building Collapse
storm water flooded road save me,Flood
sir lights are swinging save us,Earthquake
bridge building felld due to flod,Flood
please road blocked by building felld building,Building Collapse
quick gas pipe is leaking,Gas Leak
people feeling dizzy because of gass,Gas Leak
school building shaking,Earthquake
please earth moving continuously immediately,Earthquake
kitchen filled with gas smell,Gas Leak
pls children trapped inside burning house,Fire
pls car rolled over now,Road Accident
help our colony is flooded,Flood
vehicles trapped under rocks save us,Landslide
family trapped in landslide,Landslide
kitchen caught fir,Fire
please help! house collapsed fast,Building Collapse
cannot come out because building building felld,Building Collapse
sir kitchen unsafe because of gaas,Gas Leak
fast need emergency shelter,Storm
madam transformer exploded,Fire
sir cannot stay inside because of gas smell,Gas Leak
car fell into ditch quickly,Road Accident
help possible explosion due to gas now,Gas Leak
please gas smell everywhere,Gas Leak
heavy rain flooded our street save us,Flood
emergency strong lpg smell from kitchen,Gas Leak
urgent office electrical emergency,Electrical Hazard
emergency fast! building collapsed immediately,Building Collapse
madam people trapped inside building immediately,Fire
thick smoke coming out now,Fire
fire reached second floor save us,Fire
toxic gass smell,Gas Leak
high speed winds everywhere save me,Storm
madam person is not breathing,Medical
need help immediately! fire in my bedroom,Fire
madam children trapped inside burning house,Fire
urgent hissing sound from gass cylinder,Gas Leak
quick gas leak in apartment,Gas Leak
bro children trapped in flood,Flood
emergency current coming through water fast,Electrical Hazard
bro wire sparking now,Electrical Hazard
save us! floods water entered our apartment,Flood
apartment building collapsedd,Building Collapse
madam fast! strong gas smell save us,Gas Leak
please people stranded on rooftop,Flood
huge flames in factory,Fire
urgent earth is moving save me,Earthquake
please danger of another landslide save me,Landslide
fast need help gaas leak,Gas Leak
power line broken now,Electrical Hazard
kitchen filled with gas smell please,Gas Leak
road cracked after earth moving,Earthquake
cars floating in water,Flood
madam power line broken immediately,Electrical Hazard
need help immediately! current leakage,Electrical Hazard
quick cannot come out because building collapsed,Building Collapse
kitchen full of smkoe now,Fire
apartment building building felld,Building Collapse
communication lost after heavy wind save me,Storm
factory is burning save me,Fire
old building building felld,Building Collapse
emergency accident due to heavy rain,Road Accident
heavy tremors felt immediately,Earthquake
vehicle caught firee after crash,Road Accident
emergency person had a seizure,Medical
landslide getting worse quickly,Landslide
water coming inside house,Flood
bro building damaged by wind,Storm
rocks falling from hill immediately,Landslide
bridge damaged after earth quack save us,Earthquake
truck caught firee please,Fire
cylinder valve is leaking,Gas Leak
gaas smell becoming stronger,Gas Leak
emergency broken arm after accident,Medical
patient cannot walk now,Medical
heavy rain and thunderheavy wind,Storm
pole may fall,Electrical Hazard
emergency power cable broken,Electrical Hazard
entire area under water immediately,Flood
factory electrical accident now,Electrical Hazard
madam fire spreading quickly,Fire
sir electricity leaking save us,Electrical Hazard
please residents trapped save me,Landslide
sir aftershock happened,Earthquake
save us! need ambulance,Medical
urgent road disappeared under water,Flood
sir gaas leak caused fire,Fire
pls flying debris everywhere quickly,Storm
please please send emergency team save us,Gas Leak
roads blocked because of flood fast,Flood
quick need emergency shelter,Storm
stairs blocked by frie,Fire
earth is moving fast,Earthquake
strong vibrations everywhere fast,Earthquake
please building failure occurred,Building Collapse
please accident happened just now,Road Accident
bro bedroom is completely floodsed,Flood
urgent roof flew away,Storm
everyone is panicking save us,Earthquake
patient lost consciousness,Medical
everyone evacuated because of gass save us,Gas Leak
madam wind storm damaged our house,Storm
tree fell on our house fast,Storm
need help immediately! heavy storm,Storm
gaas leak near restaurant,Gas Leak
need emergency shelter,Storm
bike is burning,Fire
emergency stairs are damaged,Earthquake
roof caught fire quickly,Fire
pls tree fell on our house,Storm
help flod everywhere,Flood
need ambulance after accident,Road Accident
madam storm damaged our house fast,Storm
elderly person collapsed now,Medical
children injured in accident immediately,Road Accident
fuel leaking from vehicle,Road Accident
please help us before explosion,Gas Leak
our colony is flooded,Flood
bridge damaged after earthquake,Earthquake
quick many vehicles stranded,Landslide
truck collided with a bus,Road Accident
water reached roof level save me,Flood
help house developed huge cracks quickly,Earthquake
people injured by electric shock,Electrical Hazard
gas leak in factory quickly,Gas Leak
pls roof caught fire,Fire
pls ambulence has not arrived please,Medical
people trapped after landslide,Landslide
wire caught frie,Fire
rocks covering highway please,Landslide
bridge partially collapsed,Building Collapse
fast bike accident near the junction fast,Road Accident
bridge collapsed due to floods,Flood
hospital building shaking save me,Earthquake
truck lost control quickly,Road Accident
fast need rescue urgently,Building Collapse
urgent bridge damaged by landslide,Landslide
huge flames in kitchen please,Fire
please help! gas leak in the kitchen,Gas Leak
urgent! earthquake immediately,Earthquake
kitchen caught fie save me,Fire
help door is shaking,Earthquake
serious head injury immediately,Medical
sir stairs blocked by fire,Fire
roads blocked because of flood save me,Flood
warehouse caught firee,Fire
cannot stop the gas leak fast,Gas Leak
multiple vehicles collided save us,Road Accident
please plastic burning smell,Fire
urgent dangerous gas smell,Gas Leak
madam wire touching the ground,Electrical Hazard
sir cyclone warning issued,Storm
fast! electric shock now,Electrical Hazard
roof is cracking save us,Earthquake
rocks covering highway quickly,Landslide
urgent possible stroke,Medical
help electrical accident occurred please,Electrical Hazard
transformer making loud noise,Electrical Hazard
quick gas leak near restaurant,Gas Leak
madam landslide after heavy rainfall,Landslide
staircase collapsed,Building Collapse
building disaster please,Building Collapse
gas is coming from the stove immediately,Gas Leak
bro ambulance has not arrived,Medical
sir gass leak in factory immediately,Gas Leak
please cannot breathe because of smoke immediately,Fire
madam gass leak in factory now,Gas Leak
help accident victims quickly,Road Accident
medicine overdose immediately,Medical
madam petrol bunk caught fie,Fire
quick ceiling collapsed now,Building Collapse
help curtains caught fire,Fire
our building is unsafe,Earthquake
fast need ambulence after accident,Road Accident
severe chest pain,Medical
madam heart patient building felld,Medical
people injured in landslide fast,Landslide
help person swallowed poison,Medical
hospital caught fie fast,Fire
emergency due to cyclone quickly,Storm
objects falling down now,Earthquake
hill collapsing save us,Landslide
ceiling is cracking immediately,Earthquake
part of the building collapsed,Building Collapse
gaas leak in apartment,Gas Leak
multiple vehicles collided now,Road Accident
quick floor is vibrating,Earthquake
bro houses collapsing due to landslide,Landslide
fast people feeling dizzy because of gas,Gas Leak
madam my father fainted immediately,Medical
medicine overdose save me,Medical
road cracked after earthshake,Earthquake
road full of damaged vehicles,Road Accident
cannot go outside because of floods,Flood
ac unit caught fie,Fire
ac unit caught frie,Fire
shopping mall caught fire immediately,Fire
switchboard caught fire please,Electrical Hazard
urgent! heavy storm,Storm
people trapped inside car please,Road Accident
quick dangerous hillside movement,Landslide
industrial gas leak,Gas Leak
pls people feeling dizzy because of gas,Gas Leak
urgent accident victim needs medical emergency help please,Medical
suspected gas cylinder failure please,Gas Leak
pls burn injuries need treatment,Medical
quick! current leakage,Electrical Hazard
children inside during gaas leak,Gas Leak
help gas leaking continuously,Gas Leak
warehouse caught fir,Fire
driver unconscious after accident,Road Accident
please water reached roof level quickly,Flood
please heart patient collapsed,Medical
emergency possible gas leak please,Gas Leak
high voltage wire down save us,Electrical Hazard
heavy smok from school,Fire
pole may fall fast,Electrical Hazard
people stranded on rooftop please,Flood
bus stand is completely flooded,Flood
very strong winds outside immediately,Storm
help gaas smell everywhere,Gas Leak
ac unit caught fire immediately,Fire
fast ambulance has not arrived,Medical
glass windows broke fast,Earthquake
school building caught fire fast,Fire
please high fever and unconscious,Medical
bike is burning please,Fire
shopping mall caught frie,Fire
pls emergency landslide,Landslide
hospital ward caught frie now,Fire
houses collapsing due to landslide quickly,Landslide
someone is unconscious quickly,Medical
gas leak after cylinder burst now,Gas Leak
sparks everywhere save me,Electrical Hazard
please send rescue teams,Storm
please send health emergency team now,Medical
fast rescue teams required now,Landslide
sir gass leakage detected quickly,Gas Leak
pls urgent! house collapsed quickly,Building Collapse
madam our ceiling is burning,Fire
forest firee nearby now,Fire
main entrance blocked by debris immediately,Building Collapse
help shopping mall caught fire,Fire
gass smell everywhere,Gas Leak
help us before explosion save us,Gas Leak
please send medical emergency team,Medical
emergency kitchen unsafe because of gas,Gas Leak
kitchen caught frie,Fire
fast children crying due to flood,Flood
lift trapped after collapse fast,Building Collapse
quick everything is shaking save us,Earthquake
everything is burning,Fire
ambulnce needed immediately,Road Accident
petrol bunk caught fire fast,Fire
need help immediately! fire in my college,Fire
people trapped after earthquake please,Earthquake
quick accident on bridge,Road Accident
bridge damaged after earthshake please,Earthquake
person is not breathing fast,Medical
bridge damaged after earthquake fast,Earthquake
mountain road building felld,Landslide
gas cylinder is leaking,Gas Leak
save us! medical emergency save me,Medical
quick dangerous gas smell,Gas Leak
ceiling building felld,Building Collapse
pls vehicles washed away,Flood
building cracking badly,Building Collapse
fast person had a seizure please,Medical
electrical short circuit caused fire now,Fire
school building caught fir,Fire
sir concrete fell from roof,Building Collapse
emergency help building may collapse save me,Earthquake
cannot brethe because of smoke quickly,Fire
mudslide blocking road save me,Landslide
pls power lines are down,Storm
building fall downd after earthquake,Building Collapse
quick! house collapsed,Building Collapse
quick rocks covering highway,Landslide
we climbed to terrace now,Flood
madam need rescue urgently,Building Collapse
accident happened just now now,Road Accident
the ground is shaking,Earthquake
live wire on the road save me,Electrical Hazard
electric wire fell on vehicle quickly,Electrical Hazard
pls my mother collapsed,Medical
electrical emergency fast,Electrical Hazard
factory electrical accident save us,Electrical Hazard
shopping mall caught fire please,Fire
gas pipe is leaking,Gas Leak
need food and water quickly,Flood
storm water flooed road immediately,Flood
dangerous hillside movement,Landslide
help people injured in landslide,Landslide
need immediate evacuation,Landslide
please houses damaged by falling rocks,Landslide
bridge damaged by wind storm,Storm
pls it feels like an earthquake,Earthquake
vehicle caught fie,Fire
room is filled with smoke,Fire
heavy smoke from kitchen,Fire
please car hit a tree,Road Accident
construction building collapsedd,Building Collapse
pls cannot reach village,Landslide
fast bridge damaged by strom,Storm
emergency building fall down save me,Building Collapse
help child is unconscious fast,Medical
pls car accident on the highway,Road Accident
emergency electric pole has fallen please,Electrical Hazard
please our belongings are floating,Flood
bridge inaccessible,Landslide
fast sewer water mixed with flood immediately,Flood
fast sewer water mixed with flood please,Flood
urgent gas cylinder exploded,Fire
please cannot go outside because of flood please,Flood
quick someone help! house collapsed,Building Collapse
need ambulans after accident please,Road Accident
help people trapped quickly,Building Collapse
roof flew away,Storm
electric board caught fie save us,Fire
someone help! need ambulans,Medical
my father fainted save us,Medical
please cannot move the injured save me,Road Accident
pls do not know where gaas is leaking,Gas Leak
quick live cable exposed,Electrical Hazard
cannot reach hospital because of floods,Flood
gass leak in apartment,Gas Leak
help switchboard caught frie,Electrical Hazard
pls ceiling fall downd,Building Collapse
emergency children trapped in flood immediately,Flood
please possible gass leak,Gas Leak
gaas regulator is leaking,Gas Leak
our apartment is burning now,Fire
need help immediately! road accident,Road Accident
roads blocked because of flood immediately,Flood
multiple vehicles collided quickly,Road Accident
blood pressure very low,Medical
bro cannot breathe properly,Medical
urgent family trapped inside collapsed house,Building Collapse
bro furniture shaking,Earthquake
bridge damaged after earth moving,Earthquake
boats needed immediately fast,Flood
quick! cyclone approaching save me,Storm
residents trapped fast,Landslide
power lines are down now,Storm
chemical smell inside building quickly,Gas Leak
walls have huge cracks now,Building Collapse
pls our building is unsafe,Earthquake
someone help! heavy heavy wind,Storm
black smkoe everywhere,Fire
storm becoming stronger quickly,Storm
our building is unsafe now,Building Collapse
power lines are down save us,Storm
kitchen full of smke,Fire
people feeling dizzy because of gass please,Gas Leak
power outage after explosion,Electrical Hazard
urgent hospital ward caught fire,Fire
need rescue after landslide please,Landslide
severe chest pain fast,Medical
our ceiling is burning save us,Fire
tree fell on our house save us,Storm
road washed away,Landslide
help possible gass leak,Gas Leak
switchboard caught fir,Electrical Hazard
fast our house is shaking,Earthquake
help! major accident,Road Accident
help diabetic patient unconscious,Medical
urgent! strong gas smell immediately,Gas Leak
vehicle caught fire after crash,Road Accident
bro patient is not responding,Medical
quick gas cylinder exploded save me,Fire
please passengers injured immediately,Road Accident
help industrial gaas leak fast,Gas Leak
pls aftershock happened fast,Earthquake
help floods everywhere,Flood
quick snake bite emergency,Medical
pls road completely blocked,Landslide
natural disaster landslide save us,Landslide
debris everywhere save us,Earthquake
pls strong earthquake felt,Earthquake
gass pipe is leaking,Gas Leak
pls gaas leaking from pipeline,Gas Leak
possible explosion due to gass,Gas Leak
strong earth quake felt quickly,Earthquake
possible gas leak,Gas Leak
bro help us rescue immediately,Flood
residents evacuated due to gass,Gas Leak
please village affected by landslide,Landslide
urgent rain water entering house,Flood
please! major accident save us,Road Accident
urgent children inside during gas leak,Gas Leak
strong smell of gas inside house immediately,Gas Leak
gass leak after cylinder burst,Gas Leak
cannot stand properly now,Earthquake
gass emergency,Gas Leak
help fast! building shaking,Earthquake
quick danger of complete collapse,Building Collapse
everyone is scared,Storm
current coming through water now,Electrical Hazard
need electricity department save me,Electrical Hazard
madam sewer water mixed with flood please,Flood
gas spreading throughout house save me,Gas Leak
animals trapped in flood now,Flood
electric poles have fallen immediately,Storm
madam lights are swinging,Earthquake
bro high-speed accident,Road Accident
medicine overdose,Medical
natural disaster landslide,Landslide
help construction building collapsed,Building Collapse
save trapped people save us,Landslide
emergency building collapse please,Building Collapse
high voltage wire down,Electrical Hazard
urgent need immediate evacuation,Landslide
bro very strong winds outside quickly,Storm
save the patient save me,Medical
live wire near hospital save me,Electrical Hazard
office building shaking immediately,Earthquake
building shaking badly save me,Earthquake
river overflowed save us,Flood
fast road completely submerged,Flood
fast building damaged by wind,Storm
quick accident happened just now,Road Accident
please collapsedd structure blocking road,Building Collapse
immediate electrical assistance needed save me,Electrical Hazard
accident due to heavy rain save me,Road Accident
please need electricity department,Electrical Hazard
my father fainted fast,Medical
flying debris everywhere save me,Storm
help objects falling down,Earthquake
our belongings are floating,Flood
pls building tilted slightly please,Earthquake
possible heart attack quickly,Medical
urgent furniture shaking quickly,Earthquake
sewer water mixed with floods,Flood
someone help! floods water entered our bedroom,Flood
sir cars damaged by trees,Storm
bridge damaged after earth moving save us,Earthquake
flying debris everywhere,Storm
urgent please send medical team,Medical
help! heavy heavy wind,Storm
building shaking and collapsing now,Building Collapse
emergency industrial gas leak,Gas Leak
madam people trapped inside building please,Fire
madam emergency! major accident,Road Accident
school building collapsed,Building Collapse
urgent school building shaking save us,Earthquake
need help immediately! landslide now,Landslide
continuous rain causing floods,Flood
save trapped people,Landslide
building shaking and collapsing quickly,Building Collapse
help building failure occurred,Building Collapse
madam everyone is scared,Storm
bridge damaged by storm,Storm
bro accident victim needs medical help,Medical
ambulans needed immediately,Road Accident
lift trapped after collapse now,Building Collapse
our apartment is burning save me,Fire
need evacuation immediately fast,Flood
emergency! road accident quickly,Road Accident
need evacuation immediately please,Flood
quick the ground is shaking,Earthquake
cannot go outside because of flood quickly,Flood
please fuel leaking from vehicle immediately,Road Accident
help house floded during cyclone,Storm
please someone help! electric shock immediately,Electrical Hazard
please continuous rain causing flood,Flood
please send rescue teams,Earthquake
roof caught fire,Fire
need electricity department,Electrical Hazard
furniture shaking please,Earthquake
madam emergency gas leak save me,Gas Leak
everything is shaking quickly,Earthquake
madam roof caught fire,Fire
help house developed huge cracks,Earthquake
traffic stopped because of accident,Road Accident
burning smell everywhere quickly,Fire
please people trapped after earthquake,Earthquake
help ac unit caught fire,Fire
fire in neighbour house save us,Fire
pls house wiring problem,Electrical Hazard
bus fell into canal quickly,Road Accident
fast high fever and unconscious,Medical
madam shopping mall caught fire,Fire
animals trapped in floods save me,Flood
pls possible stroke save us,Medical
cracks appeared on wall,Earthquake
emergency internet cables snapped,Storm
quick help us before explosion,Gas Leak
need help immediately! house collapsed,Building Collapse
pls gaas smell becoming stronger,Gas Leak
stairs are damaged please,Earthquake
fast power line broken,Electrical Hazard
person had a seizure now,Medical
gass leakage detected,Gas Leak
sir children injured in accident save me,Road Accident
urgent vehicle caught fie after crash,Road Accident
cannot breathe because of smke please,Fire
pls collapsed structure blocking road,Building Collapse
sir electricity leaking,Electrical Hazard
please smoke everywhere save us,Fire
heavy rain flooed our street,Flood
emergency people evacuated from village,Storm
gass leaking continuously,Gas Leak
our building is unsafe save us,Earthquake
strong lpg smell from kitchen,Gas Leak
ceiling is cracking now,Earthquake
pls everyone evacuated building,Earthquake
fast possible stroke,Medical
ceiling is cracking quickly,Earthquake
quick our office is on fire,Fire
wire sparking,Electrical Hazard
danger of complete fall down,Building Collapse
gas is coming from the stove,Gas Leak
house caught fie,Fire
emergency! building building felld save me,Building Collapse
everyone is scared fast,Storm
pls driver unconscious after accident immediately,Road Accident
emergency our house is breaking apart,Building Collapse
sir help us rescue immediately,Flood
huge boulders on road,Landslide
fall downd structure blocking road save me,Building Collapse
urgent transformer exploded save us,Electrical Hazard
old building collapsed,Building Collapse
gaas leak in factory,Gas Leak
emergency thick smoke coming out,Fire
tree fell on our house now,Storm
save us! patient sick emergency,Medical
burning smell everywhere please,Fire
help building collapsed after heavy rain,Building Collapse
please rescue team required,Road Accident
urgent roof is cracking,Earthquake
bro everyone evacuated because of gas,Gas Leak
sir road blocked by landslide,Landslide
emergency save me! medical emergency,Medical
our building is unsafe save me,Building Collapse
school caught fire,Fire
elderly person collapsedd,Medical
industrial gaas leak fast,Gas Leak
urgent electrical emergency,Electrical Hazard
fast please help! current leakage,Electrical Hazard
strong earth moving felt now,Earthquake
electricity gone after cyclone fast,Storm
electrical disaster quickly,Electrical Hazard
strong lpg smell from kitchen fast,Gas Leak
huge landslide occurred immediately,Landslide
help us before explosion save me,Gas Leak
live wire on the road please,Electrical Hazard
gas leaking from pipeline please,Gas Leak
heavy bleeding after accident save us,Road Accident
save us! electric shock fast,Electrical Hazard
sir huge boulders on road,Landslide
emergency live wire near school,Electrical Hazard
electric meter burning,Electrical Hazard
urgent everyone is scared,Storm
someone help! fire in my hospital,Fire
child is unconscious now,Medical
please building about to collapse,Building Collapse
pls food poisoning suspected,Medical
bro office building collapsed,Building Collapse
help transformer exploded immediately,Electrical Hazard
building collapsed after heavy rain,Building Collapse
generator caught fir,Electrical Hazard
landslide after heavy rainfall,Landslide
building caught fir,Fire
vehicle caught fie after crash,Road Accident
child touched live wire quickly,Electrical Hazard
family trapped inside collapsed house immediately,Building Collapse
bro roads blocked because of flod save me,Flood
kitchen full of smoke now,Fire
earthquake just happened now,Earthquake
please quick! building shaking,Earthquake
quick drains overflowing,Flood
emergency children crying due to flod save me,Flood
apartment building fall downd immediately,Building Collapse
quick cyclone warning issued quickly,Storm
emergency roof caught fie,Fire
house developed huge cracks please,Earthquake
quick roof caught fire,Fire
madam cannot stop the gass leak,Gas Leak
gass detected in basement,Gas Leak
bro natural disaster landslide,Landslide
sir electricity gone after cyclone,Storm
the whole area is shaking,Earthquake
houses collapsing due to landslide immediately,Landslide
water reached roof level please,Flood
urgent cannot reach trapped people,Building Collapse
emergency need first aid immediately quickly,Medical
emergency our village is badly affected,Storm
pls gas regulator is leaking,Gas Leak
wire touching the ground,Electrical Hazard
help office electrical emergency,Electrical Hazard
quick car accident on the highway,Road Accident
thick smkoe coming out,Fire
accident on bridge,Road Accident
fast urgent! current leakage,Electrical Hazard
please kitchen filled with gas smell,Gas Leak
accident due to fog quickly,Road Accident
pls cyclone has reached our area,Storm
gas leak caused fir,Fire
sir help electric shock save me,Electrical Hazard
pls people evacuated from village,Storm
industrial gas leak save me,Gas Leak
building collapsed after earthquake please,Building Collapse
quick many people injured after collapse,Building Collapse
strom is getting worse,Storm
sir large rocks on road,Landslide
gass smell becoming stronger save us,Gas Leak
industrial gaas leak,Gas Leak
person trapped under vehicle now,Road Accident
houses collapsing due to landslide,Landslide
office building fall downd,Building Collapse
children trapped inside burning house,Fire
everything is shaking,Earthquake
sir toxic gas smell,Gas Leak
save us! major accident,Road Accident
fast fan shaking violently,Earthquake
madam building may collapse,Earthquake
wire sparking save me,Electrical Hazard
emergency! heavy storm,Storm
madam earth sliding down,Landslide
live wire on the road,Electrical Hazard
pls curtains caught fire,Fire
pls hospital building shaking,Earthquake
pls the whole area is shaking save us,Earthquake
vehicle caught fire after crash fast,Road Accident
heavy debris blocking road quickly,Landslide
earth is moving immediately,Earthquake
hailwind storm damaged vehicles save me,Storm
quick people trapped under debris,Building Collapse
road blocked by landslide immediately,Landslide
quick rescue team needed immediately,Building Collapse
please residents trapped,Landslide
emergency continuous rain causing flood,Flood
fast! strong gas smell,Gas Leak
road is completely flooded,Flood
tree fell on our house quickly,Storm
pls road disappeared under water,Flood
cupboard fell please,Earthquake
fast tree fell on our house,Storm
houses buried in mud,Landslide
bed caught fire quickly,Fire
power line broken fast,Electrical Hazard
water reached roof level quickly,Flood
madam help! landslide,Landslide
please help! house collapsed,Building Collapse
please trees falling continuously,Storm
save us! earth shaking,Earthquake
gaas leak near hospital save us,Gas Leak
fast school building collapsed,Building Collapse
quick cyclone has reached our area,Storm
transformer exploded save us,Electrical Hazard
please children crying due to flood,Flood
person trapped under vehicle,Road Accident
urgent large rocks on road now,Landslide
urgent truck lost control fast,Road Accident
ac unit caught fie fast,Fire
madam several people injured,Road Accident
quick building failure occurred,Building Collapse
please roads blocked because of flood,Flood
bro our house is under water,Flood
madam building shaking badly,Earthquake
wire touching the ground save me,Electrical Hazard
bro kitchen caught fire,Fire
live cable exposed save me,Electrical Hazard
huge flames in shop save me,Fire
possible explosion due to gas immediately,Gas Leak
sir person trapped and injured,Medical
roof caught fie,Fire
heavy bleeding after accident,Road Accident
help! fire in my factory,Fire
help storm water flooded road,Flood
huge cracks in the building,Building Collapse
help dangerous gas smell,Gas Leak
need help immediately! house fall downd,Building Collapse
help help electric shock,Electrical Hazard
person trapped and injured fast,Medical
building disaster immediately,Building Collapse
sir our area has no electricity immediately,Storm
accident happened just now,Road Accident
main entrance blocked by debris,Building Collapse
shopping mall fall downd,Building Collapse
emergency! earth quack,Earthquake
child touched live wire,Electrical Hazard
gass leak near restaurant,Gas Leak
huge landslide occurred,Landslide
water level is rising quickly,Flood
our ceiling is burning,Fire
quick save the accident victims,Road Accident
high voltage wire down now,Electrical Hazard
urgent danger of another landslide,Landslide
fast emergency gaas leak,Gas Leak
truck lost control now,Road Accident
please fire after explosion,Fire
help children trapped under collapsed building,Building Collapse
our colony is flooed,Flood
help huge boulders on road,Landslide
madam glass shattered everywhere,Road Accident
help building shaking badly,Earthquake
sir need oxygen immediately,Medical
sir electrical disaster,Electrical Hazard
restaurant kitchen caught fire now,Fire
quick need oxygen immediately,Medical
madam vehicle caught fire after crash,Road Accident
help rescue teams required,Landslide
toxic gas smell fast,Gas Leak
wind storm water flooed road,Flood
windows shattered due to wind save us,Storm
emergency our house is under water now,Flood
person received electric shock save us,Electrical Hazard
electric short circuit,Electrical Hazard
difficulty in breathing now,Medical
family trapped inside building felld house fast,Building Collapse
passengers injured please,Road Accident
sir gaas leak in apartment,Gas Leak
please! gas leak in the kitchen,Gas Leak
quick water reached waist level please,Flood
please! earthquake immediately,Earthquake
kitchen full of smok save us,Fire
blood pressure very low save us,Medical
quick landslide getting worse,Landslide
fast head injury after fall,Medical
emergency! gas leak in the kitchen save me,Gas Leak
gas cylinder exploded,Fire
pls gass leaking from pipeline save us,Gas Leak
help communication lost after storm,Storm
madam road blocked by collapsed building,Building Collapse
fast children trapped in flod,Flood
help people stranded on rooftop fast,Flood
smkoe everywhere immediately,Fire
help factory electrical accident,Electrical Hazard
madam road blocked by collapsed building please,Building Collapse
power outage after explosion fast,Electrical Hazard
rescue team required immediately,Road Accident
houses damaged by cyclone immediately,Storm
help power line broken,Electrical Hazard
houses damaged by falling rocks save me,Landslide
need oxygen immediately,Medical
bro kitchen filled with gas smell,Gas Leak
fan shaking violently please,Earthquake
gas spreading throughout house,Gas Leak
pls live cable exposed,Electrical Hazard
bridge collapsed due to flood,Flood
sir roof collapsed suddenly,Building Collapse
someone help! building shaking,Earthquake
lights are swinging,Earthquake
help us rescue immediately,Flood
fir reached second floor now,Fire
sir cannot breathe because of smoke,Fire
sir help us after cyclone save me,Storm
sir family trapped in landslide,Landslide
gass smell becoming stronger,Gas Leak
children crying due to flod now,Flood
mountain collapsed,Landslide
shopping mall caught fie,Fire
emergency save us! need ambulence,Medical
ambulance has not arrived,Medical
ceiling is falling quickly,Building Collapse
sir electricity gone after cyclone immediately,Storm
burning smell from switchboard fast,Electrical Hazard
gas regulator is leaking save me,Gas Leak
heart patient collapsed now,Medical
houses damaged by falling rocks immediately,Landslide
people trapped after earthquake now,Earthquake
fast internet cables snapped,Storm
road completely blocked now,Road Accident
heavy smkoe from building,Fire
fast! major accident,Road Accident
school building caught fire immediately,Fire
pls gass leak near warehouse,Gas Leak
tree blocking the road please,Storm
pls power cable broken,Electrical Hazard
please help building may collapse immediately,Earthquake
emergency food poisoning suspected fast,Medical
heart patient collapsed please,Medical
madam building collapsed after heavy rain,Building Collapse
forest firee nearby,Fire
rocks falling from hill fast,Landslide
fast petrol bunk caught fire quickly,Fire
everything is burning now,Fire
quick factory electrical accident,Electrical Hazard
the ground is shaking fast,Earthquake
need rescue after earthshake,Earthquake
road completely blocked immediately,Road Accident
live wire on the road quickly,Electrical Hazard
accident due to heavy rain,Road Accident
possible heart attack immediately,Medical
our shop is burning immediately,Fire
emergency house is completely flooded,Flood
cannot come out because building collapsedd,Building Collapse
people missing after landslide,Landslide
urgent our house is breaking apart,Building Collapse
storm water floded road save me,Flood
our colony is floodsed,Flood
sir road disappeared due to landslide,Landslide
fast building shaking and collapsing,Building Collapse
madam people waiting for rescue immediately,Flood
strong water current outside fast,Flood
gas detected in basement,Gas Leak
urgent strong lpg smell from kitchen,Gas Leak
plastic burning smell please,Fire
need help gaas leak,Gas Leak
help emergency road accident,Road Accident
my mother collapsedd,Medical
emergency people injured in landslide save us,Landslide
houses buried in mud please,Landslide
urgent vehicles washed away quickly,Flood
bro our building is unsafe,Building Collapse
help! flood water entered our road,Flood
telephone poles building felld,Storm
please cars damaged by trees,Storm
fast multiple injured people save us,Medical
building about to collapsed now,Building Collapse
everyone evacuated because of gaas immediately,Gas Leak
bro school surrounded by water,Flood
fast many residents trapped,Building Collapse
sir live wire near school now,Electrical Hazard
someone help! building collapsed,Building Collapse
tree fell on our house immediately,Storm
water reached waist level save us,Flood
electric poles inside flood water fast,Flood
emergency gas is coming from the stove,Gas Leak
emergency heavy rain caused landslide,Landslide
old building collapsed save me,Building Collapse
someone help! heavy strom save us,Storm
road cracked after earthquake,Earthquake
gass leak in office pantry,Gas Leak
cannot breathe because of smkoe,Fire
emergency patient lost consciousness,Medical
need evacuation immediately save me,Flood
bro electric pole has fallen,Electrical Hazard
emergency people stranded on rooftop please,Flood
fast person is not breathing,Medical
quick heavy debris blocking road,Landslide
please dust everywhere after collapse save me,Building Collapse
mountain road fall downd save me,Landslide
our area has no electricity immediately,Storm
madam emergency gas leak,Gas Leak
please send emergency team please,Gas Leak
sewer water mixed with floo,Flood
madam severe allergic reaction immediately,Medical
kitchen unsafe because of gas please,Gas Leak
village affected by landslide fast,Landslide
quick severe allergic reaction,Medical
building failure occurred please,Building Collapse
urgent broken leg after fall,Medical
fast heavy tremors felt,Earthquake
fast current coming through water,Electrical Hazard
fast multiple injured people save me,Medical
gaas alarm is ringing,Gas Leak
wall fall downd,Building Collapse
need help immediately! electric shock,Electrical Hazard
pls help people trapped,Building Collapse
madam please! major accident save us,Road Accident
gass cylinder is leaking fast,Gas Leak
roof leaking badly,Storm
severe allergic reaction save me,Medical
help! road accident,Road Accident
chemical smell inside building immediately,Gas Leak
pls hissing sound from gas cylinder,Gas Leak
roof collapsedd suddenly,Building Collapse
bro mud entered our house,Landslide
tree blocking the road,Storm
please roads blocked by fallen trees immediately,Storm
urgent vehicle caught firee after crash save me,Road Accident
electric wire fell on vehicle,Electrical Hazard
urgent passengers injured,Road Accident
pls mountain collapsed,Landslide
help need first aid immediately,Medical
bro road disappeared under water save me,Flood
drains overflowing fast,Flood
heart patient fall downd,Medical
emergency please send rescue teams,Earthquake
please our apartment is shaking,Earthquake
help road full of damaged vehicles,Road Accident
bro the whole area is shaking save us,Earthquake
help! earthquake,Earthquake
bro possible heart attack,Medical
please! heavy storm,Storm
hospital ward caught fir,Fire
help ceiling building felld,Building Collapse
cannot reach trapped people save us,Building Collapse
huge flames in house,Fire
please office building shaking,Earthquake
children trapped under collapsed building now,Building Collapse
heavy bleeding immediately,Medical
please generator caught fire,Electrical Hazard
broken arm after accident,Medical
water entered ground floor fast,Flood
emergency gass leak now,Gas Leak
person having severe pain,Medical
people running outside save me,Earthquake
need help immediately! need ambulance,Medical
our house is breaking apart please,Building Collapse
sir apartment building building felld,Building Collapse
pls serious head injury,Medical
urgent gas leak after cylinder burst save us,Gas Leak
water reached roof level,Flood
serious road accident now,Road Accident
urgent need oxygen immediately,Medical
kitchen filled with gas smell save me,Gas Leak
bro storm water flooded road,Flood
strong earth quack felt save us,Earthquake
shopping mall caught fir,Fire
help people stranded on rooftop,Flood
kitchen unsafe because of gas save us,Gas Leak
fast building collapsedd after earth quake,Building Collapse
patient is bleeding heavily quickly,Medical
fast electric meter burning,Electrical Hazard
storm water entered house,Storm
madam tree fell on our house now,Storm
pls save me! firee in my railway station,Fire
hailwind storm damaged vehicles fast,Storm
cars floating in water now,Flood
pls save us! house collapsed,Building Collapse
urgent passengers injured fast,Road Accident
emergency electrical accident occurred,Electrical Hazard
people stranded on rooftop immediately,Flood
our area has no electricity,Storm
snake bite emergency save us,Medical
bro high speed winds everywhere,Storm
people evacuated from village please,Storm
quick electric pole has fallen,Electrical Hazard
sir child touched live wire,Electrical Hazard
current coming through water please,Electrical Hazard
bridge damaged after earth quake immediately,Earthquake
urgent huge flames in factory,Fire
please accident victim needs medical help,Medical
need food and water save me,Flood
shopping mall caught firee,Fire
please our apartment basement flooded,Flood
people trapped inside building save us,Fire
emergency debris everywhere,Building Collapse
pls children trapped in floo now,Flood
many vehicles stranded,Landslide
please heavy debris blocking road,Landslide
fast people injured by electric shock,Electrical Hazard
fast sofa caught fie,Fire
urgent! strong gass smell,Gas Leak
people trapped after earthquake immediately,Earthquake
pls danger due to exposed wire,Electrical Hazard
truck caught fire save me,Fire
severe allergic reaction now,Medical
wall building felld,Building Collapse
houses damaged by falling rocks quickly,Landslide
hospital ward caught fie please,Fire
help please! current leakage quickly,Electrical Hazard
urgent driver unconscious after accident,Road Accident
rocks covering highway save us,Landslide
gas detected in basement quickly,Gas Leak
people trapped after storm,Storm
sir patient is bleeding heavily now,Medical
save the accident victims,Road Accident
rocks falling from hill,Landslide
everything is burning quickly,Fire
bro sofa caught fire,Fire
help hospital building shaking,Earthquake
pls road washed away,Landslide
please help! earthquake,Earthquake
bro bridge partially fall downd save us,Building Collapse
people feeling dizzy because of gas,Gas Leak
madam staircase collapsed,Building Collapse
please house developed huge cracks please,Earthquake
madam people trapped after landslide,Landslide
fire reached second floor,Fire
emergency vehicle caught frie after crash,Road Accident
rescue team needed immediately save us,Building Collapse
please! strong gas smell,Gas Leak
water entered first floor immediately,Flood
rescue team required,Road Accident
urgent firee spreading quickly,Fire
gas leak near hospital save us,Gas Leak
gas cylinder exploded now,Fire
madam television fell down,Earthquake
shopping mall caught fie please,Fire
strom water entered house,Storm
sir restaurant caught fire,Fire
quick cylinder valve is leaking,Gas Leak
bro electric panel smoking,Electrical Hazard
elderly person building felld please,Medical
sewer water mixed with flood,Flood
bro bridge damaged by landslide,Landslide
family trapped inside home fast,Flood
cannot go outside because of flod quickly,Flood
madam bridge damaged by landslide,Landslide
fast fast! landslide,Landslide
houses damaged by cyclone save us,Storm
madam dust everywhere after fall down,Building Collapse
sir need immediate evacuation,Landslide
fast vehicle overturned,Road Accident
please electrical disaster,Electrical Hazard
emergency emergency gass leak,Gas Leak
fast power line broken fast,Electrical Hazard
emergency gaas leak,Gas Leak
huge landslide occurred save us,Landslide
please house flooded during cyclone,Storm
pls road washed away now,Landslide
electricity leaking immediately,Electrical Hazard
bro woman fainted suddenly,Medical
uncontrolled vomiting,Medical
emergency! flood water entered our school,Flood
electric meter burning now,Electrical Hazard
bro we climbed to terrace quickly,Flood
uncontrolled vomiting now,Medical
urgent traffic stopped because of accident,Road Accident
gas alarm is ringing quickly,Gas Leak
bro our apartment is burning,Fire
bro cannot go outside because of flod,Flood
live wire near hospital,Electrical Hazard
building is completely flooed,Flood
please food poisoning suspected now,Medical
medicine overdose fast,Medical
sir telephone poles collapsed,Storm
heavy smoke from restaurant now,Fire
madam we climbed to terrace,Flood
emergency gass leak,Gas Leak
bridge partially building felld,Building Collapse
danger due to exposed wire,Electrical Hazard
lorry accident fast,Road Accident
patient is not responding fast,Medical
urgent! need ambulance,Medical
sir everyone evacuated because of gas quickly,Gas Leak
pls electric board caught fir now,Fire
bro boats needed immediately,Flood
entire area under water,Flood
bro need evacuation immediately,Flood
roof leaking badly immediately,Storm
part of the building collapsed please,Building Collapse
sir critical health emergency emergency,Medical
pls two cars crashed,Road Accident
car is burning please,Fire
pls accident near railway crossing,Road Accident
fast pole may fall,Electrical Hazard
glass shattered everywhere save me,Road Accident
strom damaged our house,Storm
emergency! health emergency emergency,Medical
quick water entered ground floor,Flood
gaas leakage detected,Gas Leak
need immediate evacuation save me,Landslide
bro help electric shock,Electrical Hazard
urgent need electricity department,Electrical Hazard
bro save me! my garage is burning,Fire
house floded during cyclone,Storm
fast people injured by electric shock immediately,Electrical Hazard
help transformer exploded,Fire
emergency power line broken,Electrical Hazard
head injury after fall,Medical
hospital building shaking,Earthquake
please road completely submerged,Flood
heavy smoke from school,Fire
sir electric poles have fallen save me,Storm
sir petrol bunk caught fire,Fire
storm is getting worse save me,Storm
children trapped under collapsed building please,Building Collapse
help cars damaged by trees,Storm
ceiling is cracking fast,Earthquake
fast difficulty breathing due to gas,Gas Leak
huge flames in street quickly,Fire
urgent child touched live wire quickly,Electrical Hazard
quick accident due to fog,Road Accident
house floodsed during cyclone,Storm
old building fall downd fast,Building Collapse
need ambulance urgently,Medical
please people trapped after storm,Storm
shops floded,Flood
fast stairs are damaged,Earthquake
sir cannot cross because of landslide,Landslide
please send medical team,Medical
quick house wiring problem,Electrical Hazard
bike skid on road quickly,Road Accident
quick electrical short circuit caused fire immediately,Fire
head injury after fall quickly,Medical
fan shaking violently now,Earthquake
roads completely blocked now,Storm
fir spreading quickly,Fire
need rescue after earthquake immediately,Earthquake
sir school building caught fire,Fire
accident near traffic signal,Road Accident
warehouse caught frie,Fire
children trapped under fall downd building,Building Collapse
immediate electrical assistance needed save us,Electrical Hazard
roof flew away now,Storm
save the patient quickly,Medical
forest fir nearby,Fire
our house is breaking apart,Building Collapse
help emergency due to cyclone,Storm
please blood pressure very low save us,Medical
sir uncontrolled vomiting,Medical
madam electrical frie started,Electrical Hazard
family trapped inside collapsed house,Building Collapse
bro water reached waist level,Flood
bike skid on road fast,Road Accident
possible explosion due to gas quickly,Gas Leak
warehouse caught fire,Fire
fast driver unconscious after accident,Road Accident
difficulty breathing due to gass,Gas Leak
gass is coming from the stove,Gas Leak
please high speed winds everywhere immediately,Storm
possible gass leak,Gas Leak
please please! medical emergency now,Medical
water reached waist level now,Flood
emergency need emergency shelter,Storm
people trapped inside building quickly,Fire
office is completely floded,Flood
our apartment is burning immediately,Fire
fast power lines are down save me,Storm
help us after cyclone save us,Storm
people stranded on rooftop now,Flood
accident on bridge now,Road Accident
emergency! current leakage,Electrical Hazard
balcony collapsed,Building Collapse
madam people feeling dizzy because of gas,Gas Leak
bro bike is burning fast,Fire
my mother collapsed fast,Medical
building shaking badly,Earthquake
concrete fell from roof save me,Building Collapse
sir toxic gaas smell,Gas Leak
please save the patient,Medical
gas smell everywhere now,Gas Leak
madam accident near railway crossing,Road Accident
high-speed accident,Road Accident
help flying debris everywhere,Storm
petrol bunk caught fire save me,Fire
please school building shaking,Earthquake
house wiring problem,Electrical Hazard
please send fire brigade quickly,Fire
urgent plastic burning smell now,Fire
accident happened just now immediately,Road Accident
help high voltage emergency,Electrical Hazard
burn injuries need treatment save us,Medical
gass spreading throughout house,Gas Leak
people evacuated from village save me,Storm
madam rocks falling from hill,Landslide
emergency child is unconscious,Medical
suspected gas cylinder failure,Gas Leak
pls high speed winds everywhere,Storm
ceiling collapsed,Building Collapse
quick! road accident,Road Accident
head injury after fall save me,Medical
kitchen unsafe because of gas save me,Gas Leak
person is not breathing quickly,Medical
madam gaas leaking continuously,Gas Leak
help possible explosion due to gaas,Gas Leak
emergency possible gas leak now,Gas Leak
emergency river overflowed quickly,Flood
quick gaas smell becoming stronger,Gas Leak
help! heavy storm fast,Storm
sir earth sliding down,Landslide
bridge damaged after earthshake fast,Earthquake
warehouse caught fire fast,Fire
storm is getting worse fast,Storm
bro uncontrolled vomiting,Medical
emergency mud entered our house,Landslide
gas alarm is ringing immediately,Gas Leak
please cupboard fell,Earthquake
please suspected gas cylinder failure,Gas Leak
urgent! heavy strom,Storm
school building caught fire please,Fire
bro it feels like an earthquake save me,Earthquake
live cable exposed quickly,Electrical Hazard
madam roads blocked because of flood,Flood
urgent! need ambulans,Medical
windows shattered due to wind,Storm
lightning struck nearby fast,Storm
please bridge damaged by storm,Storm
pls snake bite emergency,Medical
animals trapped in floods,Flood
people trapped after landslide save me,Landslide
fast accident near traffic signal please,Road Accident
bro flying debris everywhere,Storm
children trapped under collapsedd building,Building Collapse
please the ground is shaking,Earthquake
continuous rain causing flood,Flood
wind storm water flooded road,Flood
telephone poles collapsed save me,Storm
please hissing sound from gas cylinder,Gas Leak
cannot stand properly,Earthquake
cannot breath properly please,Medical
landslide after heavy rainfall fast,Landslide
water reached waist level,Flood
fast broken leg after fall,Medical
madam our belongings are floating save us,Flood
bro electric wire fell on vehicle,Electrical Hazard
urgent person had a seizure,Medical
urgent building fall downd after earthquake,Building Collapse
earth sliding down now,Landslide
children trapped under collapsed building quickly,Building Collapse
someone help! fire in my railway station,Fire
shopping mall caught fire fast,Fire
cyclist hit by vehicle save me,Road Accident
electric poles have fallen,Storm
road cracked after earth quack,Earthquake
sir boats needed immediately,Flood
quick someone is unconscious quickly,Medical
save the patient,Medical
sofa caught firee,Fire
road completely blocked please,Landslide
emergency heavy bleeding,Medical
pls heavy bleeding save me,Medical
urgent! building shaking,Earthquake
quick wire sparking,Electrical Hazard
accident near railway crossing save me,Road Accident
please power cable broken,Electrical Hazard
sir heavy tremors felt,Earthquake
urgent emergency due to cyclone,Storm
bike accident near the junction,Road Accident
someone is unconscious,Medical
cyclist hit by vehicle please,Road Accident
staircase collapsed please,Building Collapse
cannot stand properly save us,Earthquake
emergency roads completely blocked save me,Storm
quick mountain disaster,Landslide
sir huge landslide occurred,Landslide
people trapped after earthquake quickly,Earthquake
urgent truck caught fire,Fire
sir passengers injured,Road Accident
major collision,Road Accident
emergency several people injured fast,Road Accident
building collapsed after earth quake,Building Collapse
road caught fire,Fire
quick do not know where current is coming from,Electrical Hazard
urgent tree fell on our house immediately,Storm
building fall downd after heavy rain,Building Collapse
quick patient unable to speak,Medical
accident near railway crossing fast,Road Accident
strong earthquake felt please,Earthquake
emergency due to cyclone save me,Storm
sir high voltage wire down,Electrical Hazard
fast bridge is underwater,Flood
urgent cannot move the injured,Road Accident
roof building felld suddenly,Building Collapse
person received electric shock,Electrical Hazard
communication lost after wind storm save us,Storm
driver unconscious after accident immediately,Road Accident
do not know where current is coming from,Electrical Hazard
please pole may fall,Electrical Hazard
gaas leak in office pantry save me,Gas Leak
sir road blocked by building felld building quickly,Building Collapse
urgent need help immediately! house collapsed,Building Collapse
electric poles inside floo water,Flood
school surrounded by water save us,Flood
patient cannot walk fast,Medical
quick our apartment is burning,Fire
residents evacuated due to gas now,Gas Leak
road blocked by collapsedd building,Building Collapse
windows shattered due to wind save me,Storm
help building may collapse fast,Earthquake
need rescue after cyclone quickly,Storm
people running outside fast,Earthquake
madam passengers injured,Road Accident
car accident on the highway immediately,Road Accident
madam power line snapped quickly,Electrical Hazard
bro roof flew away save us,Storm
emergency gas spreading throughout house fast,Gas Leak
need help immediately! building collapsed,Building Collapse
fast passengers injured,Road Accident
landslide getting worse,Landslide
please help! earthshake,Earthquake
emergency! house collapsed,Building Collapse
fast storm becoming stronger,Storm
bro bridge collapsed due to flod,Flood
diabetic patient unconscious quickly,Medical
live wire on the road now,Electrical Hazard
emergency warehouse caught firee,Fire
storm is getting worse quickly,Storm
bro vehicle overturned,Road Accident
office building shaking fast,Earthquake
landslide near tunnel save us,Landslide
madam rescue team needed immediately,Building Collapse
sir fire reached second floor,Fire
gas leak after cylinder burst,Gas Leak
emergency live wire near hospital,Electrical Hazard
heavy smoke from bedroom save us,Fire
please kitchen filled with gass smell,Gas Leak
gas smell everywhere fast,Gas Leak
help major collision,Road Accident
madam gaas pipe is leaking,Gas Leak
madam part of the building collapsedd,Building Collapse
school is completely flooded fast,Flood
rescue team needed immediately,Building Collapse
hissing sound from gas cylinder,Gas Leak
fast! road accident quickly,Road Accident
pls difficulty in breathing,Medical
electric pole has fallen,Electrical Hazard
everyone evacuated because of gas save us,Gas Leak
pls lift trapped after building fell,Building Collapse
help electric panel smoking please,Electrical Hazard
pls gass detected in basement,Gas Leak
gaas leak in factory immediately,Gas Leak
help strong earth quack felt,Earthquake
bro house wiring problem immediately,Electrical Hazard
ambulans has not arrived,Medical
madam bridge damaged by landslide save me,Landslide
emergency due to cyclone please,Storm
madam hospital building shaking,Earthquake
emergency my father fainted,Medical
sir need rescue boat,Flood
storm water flooed road save me,Flood
please send fire brigade,Fire
road completely blocked save us,Road Accident
quick! strong gas smell,Gas Leak
trees uprooted everywhere immediately,Storm
quick earth sliding down,Landslide
gaas cylinder exploded,Fire
madam everyone is panicking,Earthquake
walls are cracking now,Earthquake
madam need ambulance after accident,Road Accident
cannot cross because of landslide fast,Landslide
quick gass leak near hospital,Gas Leak
fast need ambulance urgently,Medical
cannot breathe because of smke,Fire
difficulty breathing due to gaas,Gas Leak
sir lorry accident immediately,Road Accident
gas leak in apartment quickly,Gas Leak
someone help! need ambulence,Medical
help traffic stopped because of accident,Road Accident
critical health emergency emergency save us,Medical
sir balcony collapsedd fast,Building Collapse
our house is under water fast,Flood
power line snapped now,Electrical Hazard
help accident victims fast,Road Accident
bro danger due to exposed wire quickly,Electrical Hazard
cyclone has reached our area,Storm
truck caught frie,Fire
huge flames in apartment,Fire
critical patient sick emergency,Medical
children crying due to flood fast,Flood
sir bed caught fir,Fire
help hill collapsing,Landslide
factory caught fire quickly,Fire
quick power lines are down,Storm
pls building collapsed after heavy rain,Building Collapse
gas leaking from pipeline fast,Gas Leak
debris everywhere,Building Collapse
urgent emergency building collapsed,Building Collapse
bro danger of complete collapse,Building Collapse
urgent family trapped inside home,Flood
emergency! landslide,Landslide
fast gass leakage detected,Gas Leak
madam ceiling is falling,Building Collapse
roads blocked by fallen trees,Storm
touching gate gives shock save us,Electrical Hazard
mud entered our house,Landslide
main entrance blocked by debris now,Building Collapse
bro high speed winds everywhere save me,Storm
electrical emergency,Electrical Hazard
urgent concrete fell from roof,Building Collapse
power cable broken quickly,Electrical Hazard
fast! building collapsedd,Building Collapse
bro earth sliding down,Landslide
bro books falling from shelf please,Earthquake
residents trapped,Landslide
fast strong lpg smell from kitchen save me,Gas Leak
sir debris everywhere,Earthquake
sewer water mixed with floo now,Flood
our office is on fir now,Fire
bridge damaged after earthquake quickly,Earthquake
bridge damaged by landslide please,Landslide
fast! health emergency emergency,Medical
emergency cannot cross because of landslide,Landslide
help cylinder valve is leaking immediately,Gas Leak
please our building is unsafe,Earthquake
emergency switchboard caught fire,Electrical Hazard
burn injuries need treatment,Medical
mud everywhere immediately,Landslide
cannot cross because of landslide quickly,Landslide
fast water reached waist level,Flood
quick our building has fall downd,Building Collapse
shops flooed,Flood
save me! cyclone approaching,Storm
urgent fire after explosion fast,Fire
people stranded on rooftop,Flood
gas smell everywhere,Gas Leak
urgent electric wire fell on vehicle,Electrical Hazard
children inside during gass leak,Gas Leak
building tilted slightly fast,Earthquake
pls vehicle caught fire fast,Fire
madam children inside during gas leak save us,Gas Leak
cannot reach village please,Landslide
electrical accident occurred quickly,Electrical Hazard
critical medical emergency emergency,Medical
our village is badly affected immediately,Storm
lpg gass leak save us,Gas Leak
urgent gaas leak near hospital,Gas Leak
firee in neighbour house quickly,Fire
landslide near tunnel,Landslide
quick person having severe pain,Medical
urgent gas leak caused fire,Fire
building damaged by wind immediately,Storm
sir heavy tremors felt quickly,Earthquake
fast we climbed to terrace,Flood
fast our building has fall downd,Building Collapse
quick internet cables snapped,Storm
help save trapped people now,Landslide
please live wire near school,Electrical Hazard
sir roads blocked by fallen trees,Storm
madam car rolled over,Road Accident
switchboard caught fire save us,Electrical Hazard
plastic burning smell,Fire
our building is unsafe please,Building Collapse
need help immediately! cyclone approaching,Storm
please gass leakage detected,Gas Leak
please! landslide,Landslide
sir live wire on the road,Electrical Hazard
burn injuries need treatment now,Medical
madam books falling from shelf,Earthquake
mud everywhere quickly,Landslide
building disaster,Building Collapse
gaas detected in basement,Gas Leak
save trapped people save me,Landslide
help! strong gas smell,Gas Leak
gas leak near hospital please,Gas Leak
need help immediately! major accident,Road Accident
please send patient sick team please,Medical
building cracking badly fast,Building Collapse
pls drains overflowing,Flood
touching gate gives shock please,Electrical Hazard
quick need evacuation immediately,Flood
please roof is collapsing,Storm
ac unit caught fie now,Fire
pls many people are injured,Earthquake
multiple injured people,Medical
sir drains overflowing,Flood
transformer exploded,Fire
urgent cyclone has reached our area,Storm
help gas cylinder is leaking,Gas Leak
internet cables snapped,Storm
children trapped in flod,Flood
help car rolled over,Road Accident
our apartment is shaking please,Earthquake
children crying due to floo,Flood
sir very strong winds outside,Storm
urgent truck caught fir,Fire
sir school surrounded by water,Flood
urgent television fell down,Earthquake
quick fan shaking violently,Earthquake
pls continuous soil movement now,Landslide
emergency patient is not responding,Medical
electric panel smoking,Electrical Hazard
cannot stay inside because of gaas smell,Gas Leak
danger of complete building fell,Building Collapse
it feels like an earthquake,Earthquake
quick urgent! gas leak in the kitchen now,Gas Leak
please gass spreading throughout house,Gas Leak
danger of another landslide fast,Landslide
gaas leaking continuously,Gas Leak
help difficulty in breathing,Medical
urgent patient is bleeding heavily,Medical
bro huge cracks in the building,Building Collapse
truck lost control,Road Accident
help someone is unconscious,Medical
madam electrical emergency,Electrical Hazard
help us after cyclone,Storm
madam electrical fire started please,Electrical Hazard
please help! electric shock fast,Electrical Hazard
pls difficulty breathing due to gass,Gas Leak
mudslide blocking road,Landslide
fir after explosion now,Fire
our apartment basement flooed,Flood
pls everyone is panicking,Earthquake
help water entered ground floor,Flood
gas leak in apartment please,Gas Leak
river overflowed,Flood
emergency severe chest pain,Medical
electricity leaking save us,Electrical Hazard
emergency electrical disaster,Electrical Hazard
madam dangerous gas smell,Gas Leak
urgent restaurant kitchen caught firee,Fire
help! current leakage,Electrical Hazard
sir people injured by electric shock,Electrical Hazard
snake bite emergency please,Medical
mountain disaster fast,Landslide
shops flooded,Flood
madam our village is flooded immediately,Flood
save us! floo water entered our railway station,Flood
help our house is shaking,Earthquake
residents evacuated due to gas please,Gas Leak
quick hospital caught fire please,Fire
help medicine overdose,Medical
dangerous gaas smell quickly,Gas Leak
please cannot cross because of landslide,Landslide
gas leak near restaurant,Gas Leak
save me! health emergency emergency,Medical
building building felld after heavy rain save us,Building Collapse
vehicle caught frie after crash,Road Accident
building cracking badly save me,Building Collapse
urgent electric short circuit,Electrical Hazard
help our house is under water fast,Flood
sir road cracked after earth moving,Earthquake
sir television fell down,Earthquake
help us landslide quickly,Landslide
emergency landslide quickly,Landslide
heavy rain flooded our street,Flood
sir accident due to heavy rain,Road Accident
heavy smoke from building,Fire
accident due to fog,Road Accident
building collapsedd after earthquake,Building Collapse
madam our belongings are floating,Flood
please residents trapped now,Landslide
help people running outside,Earthquake
fast! flood water entered our garage,Flood
huge flames in garage,Fire
chemical smell inside building now,Gas Leak
pls serious road accident,Road Accident
save me! need ambulance,Medical
patient lost consciousness immediately,Medical
urgent possible explosion due to gass,Gas Leak
urgent hissing sound from gas cylinder,Gas Leak
bro high voltage emergency,Electrical Hazard
quick power line broken,Electrical Hazard
urgent hissing sound from gaas cylinder,Gas Leak
car accident on the highway save me,Road Accident
fall downd structure blocking road,Building Collapse
car accident on the highway quickly,Road Accident
pls pedestrian injured,Road Accident
help dangerous electric sparks,Electrical Hazard
emergency building fall down,Building Collapse
emergency roof is collapsing,Storm
gas leak in apartment save me,Gas Leak
help everyone is scared,Storm
danger of complete fall down now,Building Collapse
urgent house destroyed completely,Building Collapse
woman fainted suddenly,Medical
heavy rain caused landslide,Landslide
patient unable to speak save me,Medical
bro objects falling down,Earthquake
urgent! current leakage,Electrical Hazard
help lift trapped after collapse,Building Collapse
hailstrom damaged vehicles,Storm
our village is badly affected save us,Storm
accident victim needs health emergency help,Medical
our building has fall downd,Building Collapse
cannot reach village immediately,Landslide
gass regulator is leaking fast,Gas Leak
pls factory is burning save us,Fire
save us! major accident save me,Road Accident
bro need rescue after cyclone,Storm
fast! earthquake,Earthquake
do not know where gaas is leaking,Gas Leak
television fell down,Earthquake
head injury after fall now,Medical
gas leak near warehouse,Gas Leak
fast continuous rain causing flood,Flood
collapsed structure blocking road,Building Collapse
need oxygen immediately please,Medical
help! strong gas smell save us,Gas Leak
broken leg after fall,Medical
need rescue after earth quake,Earthquake
sir difficulty in breathing,Medical
urgent! firee in my garage,Fire
bro patient cannot walk,Medical
kitchen unsafe because of gas now,Gas Leak
our colony is flooed save us,Flood
power cable broken please,Electrical Hazard
traffic stopped because of accident fast,Road Accident
gas alarm is ringing,Gas Leak
please severe allergic reaction,Medical
need rescue boat quickly,Flood
water near electric wire quickly,Electrical Hazard
residents evacuated due to gaas,Gas Leak
madam rocks covering highway,Landslide
elderly person fall downd,Medical
quick huge flames in bus stand,Fire
save us! earth moving quickly,Earthquake
emergency office building collapsedd,Building Collapse
bro car rolled over,Road Accident
generator caught fire now,Electrical Hazard
emergency! cyclone approaching,Storm
urgent everyone is panicking,Earthquake
people trapped after wind storm,Storm
our village is floded,Flood
urgent electrical accident occurred,Electrical Hazard
fast factory is burning,Fire
people waiting for rescue immediately,Flood
please our office is on fire,Fire
help danger of another landslide quickly,Landslide
urgent river overflowed,Flood
help driver seriously injured,Road Accident
urgent sparks everywhere,Electrical Hazard
urgent accident near railway crossing,Road Accident
residents trapped save me,Landslide
cannot leave home because of storm save us,Storm
fast roof caught firee,Fire
village affected by landslide,Landslide
debris everywhere,Earthquake
we are trapped because of floo please,Flood
help lpg gas leak quickly,Gas Leak
vehicle overturned please,Road Accident
cannot move the injured,Road Accident
family trapped inside fall downd house now,Building Collapse
heavy smoke from college please,Fire
trees buried in landslide immediately,Landslide
wall collapsedd,Building Collapse
we are trapped because of floods,Flood
furniture shaking quickly,Earthquake
urgent our village is badly affected,Storm
pedestrian injured fast,Road Accident
emergency transformer exploded,Electrical Hazard
door is shaking,Earthquake
help windows shattered due to wind,Storm
emergency gaas leak near warehouse now,Gas Leak
construction building collapsedd immediately,Building Collapse
emergency emergency! fire in my office,Fire
huge landslide occurred save me,Landslide
quick water near electric wire,Electrical Hazard
emergency cannot reach hospital because of flod,Flood
sir gas regulator is leaking,Gas Leak
person is not breathing now,Medical
urgent debris everywhere,Building Collapse
animals trapped in flood save us,Flood
help people trapped save us,Building Collapse
emergency wire touching the ground,Electrical Hazard
road blocked by landslide,Landslide
madam save me! landslide,Landslide
earth moving continuously,Earthquake
huge flames in office,Fire
pls person trapped and injured fast,Medical
sir medicine overdose,Medical
fast need help immediately! my street is burning,Fire
urgent bridge damaged by landslide fast,Landslide
apartment building fall downd,Building Collapse
factory is completely flooded,Flood
bro roof fall downd suddenly,Building Collapse
person is choking quickly,Medical
our house is breaking apart save me,Building Collapse
help! gas leak in the kitchen,Gas Leak
walls are cracking save us,Earthquake
pls heavy debris blocking road,Landslide
help electric hazard quickly,Electrical Hazard
help blood pressure very low,Medical
save me! heavy strom,Storm
pls cracks appeared on wall,Earthquake
telephone poles collapsedd save me,Storm
pls industrial gas leak,Gas Leak
fire spreading quickly fast,Fire
danger of complete collapsed,Building Collapse
fast glass windows broke,Earthquake
construction building collapsed,Building Collapse
ambulance needed immediately immediately,Road Accident
help please send emergency team,Gas Leak
quick the whole area is shaking,Earthquake
fast people trapped after earthquake save us,Earthquake
gas leak caused fire please,Fire
dog bite emergency,Medical
help vehicle overturned quickly,Road Accident
quick cannot breathe properly,Medical
emergency gas leak,Gas Leak
bro building may collapse quickly,Earthquake
restaurant kitchen caught fire,Fire
pls save me! need ambulance,Medical
please possible explosion due to gas fast,Gas Leak
fast cannot reach village,Landslide
fast need food and water save us,Flood
danger of complete collapse save us,Building Collapse
pls earth moving continuously,Earthquake
curtains caught firee,Fire
quick office electrical emergency please,Electrical Hazard
bro cupboard fell,Earthquake
accident near traffic signal quickly,Road Accident
need electricity department immediately,Electrical Hazard
madam earth moving continuously,Earthquake
heavy bleeding after accident now,Road Accident
bro road full of damaged vehicles,Road Accident
switchboard caught fire save me,Electrical Hazard
emergency everyone is panicking please,Earthquake
kitchen full of smok,Fire
madam forest fire nearby,Fire
person hit by a car please,Road Accident
quick fast! earthshake,Earthquake
emergency road completely blocked,Landslide
emergency family trapped inside fall downd house,Building Collapse
madam gas smell becoming stronger,Gas Leak
pls building collapsed after earthquake,Building Collapse
earthquake just happened,Earthquake
building caught fire,Fire
urgent gas leak in apartment,Gas Leak
quick strong vibrations everywhere,Earthquake
cupboard fell,Earthquake
building about to collapse,Building Collapse
possible explosion due to gas,Gas Leak
urgent gass leak in factory,Gas Leak
roads blocked because of floods,Flood
gas leak after cylinder burst immediately,Gas Leak
sir high fever and unconscious fast,Medical
cannot reach village now,Landslide
heavy rain and thunderstorm please,Storm
madam my mother collapsed please,Medical
madam someone is unconscious,Medical
please roof leaking badly,Storm
very strong winds outside quickly,Storm
bro help building may collapse,Earthquake
emergency need rescue after cyclone,Storm
shops flooded immediately,Flood
quick! patient sick emergency,Medical
emergency large rocks on road,Landslide
serious road accident,Road Accident
emergency strong water current outside quickly,Flood
building damaged by wind fast,Storm
fast uncontrolled vomiting,Medical
power lines are down save me,Storm
bed caught firee immediately,Fire
heavy rain floded our street,Flood
school building caught fie,Fire
sparks everywhere,Electrical Hazard
fast! need ambulance,Medical
possible stroke quickly,Medical
emergency tree blocking the road,Storm
urgent road disappeared due to landslide,Landslide
lift trapped after building fell,Building Collapse
help roads completely blocked,Storm
ambulance needed immediately please,Road Accident
building disaster fast,Building Collapse
pls houses damaged by falling rocks please,Landslide
cyclist hit by vehicle,Road Accident
bridge damaged by storm fast,Storm
roads blocked because of flood,Flood
children inside during gas leak,Gas Leak
lift trapped after collapse please,Building Collapse
help! fire in my school save me,Fire
school building collapsed now,Building Collapse
quick patient lost consciousness,Medical
urgent ambulance needed immediately,Road Accident
please roof caught fir,Fire
please please help! strong gas smell,Gas Leak
fast dangerous hillside movement,Landslide
quick dam water released suddenly,Flood
urgent houses damaged by falling rocks,Landslide
pls our building has collapsed,Building Collapse
cars damaged by trees please,Storm
fast emergency building collapse,Building Collapse
quick everyone is scared,Storm
cannot reach hospital because of flood,Flood
walls have huge cracks,Building Collapse
bro please help! floo water entered our factory,Flood
emergency books falling from shelf save us,Earthquake
shopping mall caught fire quickly,Fire
earth sliding down,Landslide
roof collapsed suddenly,Building Collapse
emergency urgent! gass leak in the kitchen,Gas Leak
roof leaking badly now,Storm
bro heart patient building felld,Medical
bro heart patient collapsed now,Medical
please house developed huge cracks,Earthquake
children trapped in flood,Flood
accident victim needs medical help please,Medical
office electrical emergency,Electrical Hazard
everyone evacuated building,Earthquake
debris everywhere immediately,Building Collapse
bike skid on road,Road Accident
live wire on the road save us,Electrical Hazard
wind storm becoming stronger,Storm
landslide getting worse now,Landslide
cars damaged by trees save us,Storm
vehicle caught fire,Fire
heavy rain and thunderstorm,Storm
pls transformer exploded,Electrical Hazard
please cannot go outside because of floo immediately,Flood
heavy smoke from bus stand,Fire
sir earthquake just happened,Earthquake
mountain fall downd,Landslide
very strong winds outside please,Storm
our office is on fie immediately,Fire
emergency electric hazard,Electrical Hazard
sir water entered first floor now,Flood
person having severe pain save me,Medical
switchboard caught fire now,Electrical Hazard
sir cannot escape because of smoke,Fire
our apartment basement flooded,Flood
emergency people trapped under debris,Building Collapse
madam head-on collision,Road Accident
please! my college is burning,Fire
sir rain water entering house,Flood
fast storm water entered house save us,Storm
madam truck lost control please,Road Accident
cannot reach hospital because of floods save us,Flood
madam electric meter burning,Electrical Hazard
fast everyone evacuated building quickly,Earthquake
fast please send emergency team,Gas Leak
flammable gaas leaking save me,Gas Leak
madam house destroyed completely,Building Collapse
bro roof is cracking,Earthquake
wire caught fire,Fire
school surrounded by water immediately,Flood
roads blocked because of flood quickly,Flood
we are trapped because of floods save us,Flood
emergency accident near railway crossing,Road Accident
thick smoke coming out immediately,Fire
pls strong lpg smell from kitchen fast,Gas Leak
sir cannot move the injured,Road Accident
black smke everywhere,Fire
gaas leak in office pantry,Gas Leak
truck caught fire now,Fire
sir gas leak after cylinder burst fast,Gas Leak
gas leakage detected now,Gas Leak
glass shattered everywhere,Road Accident
road blocked by collapsed building,Building Collapse
house destroyed completely,Building Collapse
quick hailstorm damaged vehicles,Storm
quick woman fainted suddenly,Medical
quick ceiling collapsedd,Building Collapse
strong smell of gass inside house,Gas Leak
bro water reached roof level,Flood
bro electrical emergency,Electrical Hazard
madam gas is coming from the stove,Gas Leak
urgent power line snapped,Electrical Hazard
emergency trees uprooted everywhere save us,Storm
bro people waiting for rescue quickly,Flood
high voltage wire down fast,Electrical Hazard
school caught firee,Fire
help part of the building fall downd immediately,Building Collapse
help road disappeared due to landslide,Landslide
help please send rescue teams,Earthquake
quick gaas leak caused fire,Fire
quick! building building felld,Building Collapse
smke everywhere,Fire
madam fast! fire in my road,Fire
please cylinder valve is leaking please,Gas Leak
please mud everywhere,Landslide
road full of damaged vehicles quickly,Road Accident
cylinder valve is leaking quickly,Gas Leak
madam continuous soil movement,Landslide
help us before explosion,Gas Leak
pls internet cables snapped,Storm
factory electrical accident,Electrical Hazard
strong smell of gas inside house,Gas Leak
emergency! electric shock,Electrical Hazard
immediate electrical assistance needed,Electrical Hazard
electrical fire started quickly,Electrical Hazard
many houses destroyed fast,Storm
pls road full of damaged vehicles,Road Accident
head-on collision please,Road Accident
fast do not know where gas is leaking fast,Gas Leak
quick! earthquake now,Earthquake
quick kitchen filled with gas smell immediately,Gas Leak
pls help us rescue immediately now,Flood
bro burning smell from switchboard,Electrical Hazard
madam severe allergic reaction quickly,Medical
building disaster quickly,Building Collapse
quick warehouse caught fire,Fire
water level is rising quickly immediately,Flood
rocks covering highway,Landslide
bricks falling from wall,Building Collapse
roof flew away quickly,Storm
large rocks on road quickly,Landslide
fast strong lpg smell from kitchen,Gas Leak
roof is falling down,Building Collapse
quick dog bite emergency,Medical
please person trapped under vehicle,Road Accident
sir electric pole has fallen,Electrical Hazard
pls mud everywhere,Landslide
power cable broken now,Electrical Hazard
madam heavy tremors felt,Earthquake
please tree fell on our house,Storm
gas leak caused fire,Fire
our office is on fire,Fire
door is shaking please,Earthquake
urgent heavy smok from hospital,Fire
animals trapped in floo,Flood
patient cannot walk,Medical
part of the building collapsed immediately,Building Collapse
madam building disaster,Building Collapse
current coming through water fast,Electrical Hazard
fast building cracking badly,Building Collapse
gas detected in basement please,Gas Leak
telephone poles collapsed,Storm
help accident victims now,Road Accident
it feels like an earth moving,Earthquake
madam gass leak in factory,Gas Leak
urgent! flood water entered our kitchen quickly,Flood
huge flames in college,Fire
madam emergency! medical emergency now,Medical
cannot reach trapped people,Building Collapse
help house flooded during cyclone,Storm
people trapped near live wire,Electrical Hazard
vehicle caught fir,Fire
gass leaking from pipeline,Gas Leak
help office building collapsed quickly,Building Collapse
person swallowed poison save us,Medical
pls it feels like an earthshake,Earthquake
building is completely flooded now,Flood
storm water flooded road,Flood
please accident due to fog immediately,Road Accident
help lorry accident immediately,Road Accident
people trapped after earth moving,Earthquake
cannot come out because building collapsed now,Building Collapse
urgent danger due to exposed wire,Electrical Hazard
help people running outside save me,Earthquake
wind storm is getting worse,Storm
emergency water reached roof level,Flood
river overflowed please,Flood
pls road disappeared due to landslide,Landslide
heavy wind destroyed our shop,Storm
office building fall downd save us,Building Collapse
strong lpg smell from kitchen quickly,Gas Leak
please please send medical team,Medical
patient is not responding,Medical
accident near railway crossing,Road Accident
bus accident save me,Road Accident
cannot escape because of smke,Fire
quick accident due to heavy rain,Road Accident
madam urgent! strong gas smell,Gas Leak
please bike is burning,Fire
please houses buried in mud,Landslide
need oxygen immediately save us,Medical
many people are injured,Earthquake
urgent woman fainted suddenly,Medical
bro roof is falling down please,Building Collapse
earth moving continuously quickly,Earthquake
urgent driver unconscious after accident fast,Road Accident
boats needed immediately save us,Flood
child touched live wire save us,Electrical Hazard
fuel leaking from vehicle now,Road Accident
pls large rocks on road,Landslide
pls road completely submerged,Flood
need ambulance urgently quickly,Medical
building collapsed after heavy rain immediately,Building Collapse
soil sliding downhill fast,Landslide
communication lost after storm quickly,Storm
road disappeared under water save us,Flood
multiple vehicles collided immediately,Road Accident
madam cannot cross because of landslide,Landslide
everything is shaking now,Earthquake
cannot come out because building collapsed,Building Collapse
cannot cross because of landslide,Landslide
help bridge collapsed due to flood,Flood
pls factory electrical accident,Electrical Hazard
please water coming inside house,Flood
bro residents trapped,Landslide
toxic gas smell quickly,Gas Leak
fast flammable gaas leaking,Gas Leak
traffic stopped because of accident please,Road Accident
cannot escape because of smoke,Fire
road completely submerged please,Flood
please our colony is floodsed,Flood
urgent roof is falling down,Building Collapse
heavy debris blocking road fast,Landslide
help people trapped,Building Collapse
sir earth is moving,Earthquake
madam huge flames in apartment please,Fire
please bus accident,Road Accident
earth sliding down please,Landslide
electrical short circuit caused fir,Fire
people running outside,Earthquake
pls trees uprooted everywhere save us,Storm
help building may collapsed,Earthquake
flammable gass leaking,Gas Leak
need evacuation immediately,Flood
please person trapped and injured,Medical
fast it feels like an earthquake,Earthquake
sir building collapsed after earthquake,Building Collapse
help rocks covering highway fast,Landslide
we climbed to terrace,Flood
ceiling is cracking save us,Earthquake
television fell down save us,Earthquake
fast people waiting for rescue immediately,Flood
dangerous gass smell,Gas Leak
room is filled with smkoe save us,Fire
sir gas leak after cylinder burst immediately,Gas Leak
vehicles trapped under rocks,Landslide
roof is collapsing fast,Storm
mountain building felld,Landslide
quick help! building fall downd,Building Collapse
bro broken arm after accident,Medical
save me! landslide,Landslide
madam our house is shaking,Earthquake
storm becoming stronger,Storm
our shop is burning now,Fire
bro person having severe pain,Medical
internet cables snapped fast,Storm
sir children trapped in flood now,Flood
help! strong gaas smell,Gas Leak
madam someone help! cyclone approaching,Storm
serious road accident immediately,Road Accident
car hit a tree,Road Accident
emergency curtains caught fir,Fire
pls stairs are damaged,Earthquake
urgent many vehicles stranded,Landslide
strong water current outside save me,Flood
person hit by a car now,Road Accident
traffic stopped because of accident quickly,Road Accident
help electric shock,Electrical Hazard
transformer exploded,Electrical Hazard
please help people trapped,Building Collapse
pls building shaking badly,Earthquake
urgent heart patient collapsedd,Medical
person trapped under vehicle immediately,Road Accident
electrical accident occurred please,Electrical Hazard
possible gaas leak,Gas Leak
telephone poles collapsed immediately,Storm
gaas leak near hospital save me,Gas Leak
help roof collapsed suddenly fast,Building Collapse
help furniture shaking,Earthquake
office building collapsed,Building Collapse
dust everywhere after collapse,Building Collapse
emergency road accident quickly,Road Accident
everyone is scared save us,Storm
electricity gone after cyclone,Storm
quick burn injuries need treatment save me,Medical
houses buried in mud fast,Landslide
cannot stop the gaas leak,Gas Leak
quick industrial gas leak save me,Gas Leak
bro gas smell becoming stronger,Gas Leak
gas leak in office pantry now,Gas Leak
urgent driver seriously injured,Road Accident
strong earth quack felt,Earthquake
balcony building felld,Building Collapse
please person received electric shock,Electrical Hazard
please electric hazard save me,Electrical Hazard
burn injuries need treatment please,Medical
road disappeared due to landslide,Landslide
huge flames in bedroom,Fire
college is completely flooded save me,Flood
pls our building is unsafe,Building Collapse
madam need rescue after earthquake now,Earthquake
bro glass windows broke save us,Earthquake
lpg gass leak,Gas Leak
gass cylinder exploded,Fire
sir our apartment is shaking,Earthquake
people trapped after earthquake,Earthquake
balcony collapsedd,Building Collapse
person is choking,Medical
woman fainted suddenly now,Medical
thick smok coming out,Fire
elderly person building felld,Medical
children injured in accident please,Road Accident
bro petrol bunk caught fire,Fire
roof is cracking quickly,Earthquake
bro gas leak near warehouse,Gas Leak
fast touching gate gives shock,Electrical Hazard
debris everywhere now,Building Collapse
bro huge landslide occurred,Landslide
uncontrolled vomiting quickly,Medical
our apartment is shaking now,Earthquake
my mother fall downd,Medical
help storm becoming stronger,Storm
continuous rain causing floo,Flood
emergency! building collapsed,Building Collapse
bro roads completely blocked save me,Storm
hospital flooded now,Flood
help flood everywhere quickly,Flood
urgent electric board caught fire,Fire
house caught fir fast,Fire
building collapsed after earth quake now,Building Collapse
urgent do not know where current is coming from,Electrical Hazard
fast school surrounded by water,Flood
gaas leak near warehouse save us,Gas Leak
quick part of the building collapsed,Building Collapse
accident victim needs medical help immediately,Medical
our village is badly affected,Storm
help! cyclone approaching,Storm
stairs are damaged,Earthquake
please send medical team fast,Medical
pls gas cylinder is leaking,Gas Leak
truck caught fire immediately,Fire
trees uprooted everywhere,Storm
urgent houses damaged by cyclone,Storm
help! building collapsedd,Building Collapse
madam dangerous electric sparks please,Electrical Hazard
roof fall downd suddenly,Building Collapse
sir help floo everywhere,Flood
water near electric wire,Electrical Hazard
emergency! need ambulance quickly,Medical
people injured in landslide,Landslide
emergency emergency building collapsed,Building Collapse
bro high fever and unconscious,Medical
person had a seizure quickly,Medical
bridge fall downd due to flood,Flood
madam need help gas leak now,Gas Leak
heavy rain with strong winds,Storm
urgent the ground is shaking,Earthquake
urgent apartment building building felld,Building Collapse
cracks appeared on wall now,Earthquake
need ambulence urgently save me,Medical
water reached roof level now,Flood
many people injured after collapsed,Building Collapse
need rescue urgently,Building Collapse
houses damaged by cyclone now,Storm
someone help! electric shock quickly,Electrical Hazard
live wire near hospital please,Electrical Hazard
someone help! strong gas smell,Gas Leak
ceiling is cracking,Earthquake
fast firee in neighbour house,Fire
electrical fir started,Electrical Hazard
water entered ground floor now,Flood
emergency fire after explosion,Fire
bro car is burning,Fire
please electricity leaking,Electrical Hazard
truck caught fir,Fire
dust everywhere after collapse quickly,Building Collapse
bro lightning struck nearby save us,Storm
help office building collapsed,Building Collapse
everything is shaking save me,Earthquake
emergency power lines are down now,Storm
please! current leakage fast,Electrical Hazard
warehouse caught fire save us,Fire
emergency gass leakage detected,Gas Leak
wire caught frie immediately,Fire
need help immediately! strong gas smell,Gas Leak
wire touching the ground fast,Electrical Hazard
trees falling continuously,Storm
school building caught fire now,Fire
vehicles washed away quickly,Flood
pls heavy rain floodsed our street,Flood
black smke everywhere please,Fire
sir help electric shock,Electrical Hazard
fast vehicle caught fie,Fire
storm water entered house now,Storm
please help! landslide,Landslide
need ambulans after accident,Road Accident
hospital flooded immediately,Flood
help! heavy storm,Storm
emergency large rocks on road save us,Landslide
madam school building shaking,Earthquake
lightning struck nearby,Storm
urgent bridge partially collapsed,Building Collapse
quick curtains caught fire,Fire
cannot stop the gaas leak please,Gas Leak
vehicles washed away,Flood
school surrounded by water now,Flood
wire caught firee immediately,Fire
everyone is panicking please,Earthquake
please send health emergency team fast,Medical
fast high voltage wire down now,Electrical Hazard
our office is on firee,Fire
please emergency landslide,Landslide
landslide near tunnel now,Landslide
generator caught fire,Electrical Hazard
pls rescue team required,Road Accident
curtains caught frie quickly,Fire
forest fire nearby now,Fire
madam building may collapse quickly,Earthquake
please save me! building collapsed,Building Collapse
please send rescue teams save us,Earthquake
gas leak in factory,Gas Leak
please strong earth quack felt save me,Earthquake
live cable exposed please,Electrical Hazard
our house is under water,Flood
child is unconscious,Medical
truck caught fie,Fire
please water reached roof level save me,Flood
lpg gas leak,Gas Leak
truck lost control immediately,Road Accident
building collapsed after earthquake,Building Collapse
emergency our apartment basement flooded,Flood
children crying due to flod fast,Flood
diabetic patient unconscious please,Medical
factory is burning fast,Fire
strong water current outside,Flood
our office is on fir,Fire
bro our apartment is burning save me,Fire
emergency truck lost control,Road Accident
telephone poles collapsedd,Storm
sir current coming through water save us,Electrical Hazard
heavy rain floodsed our street,Flood
floor is vibrating,Earthquake
high voltage wire down please,Electrical Hazard
pls continuous soil movement,Landslide
patient is bleeding heavily now,Medical
please electric meter burning,Electrical Hazard
quick need immediate evacuation,Landslide
books falling from shelf quickly,Earthquake
fast gass leak in factory,Gas Leak
building may collapsed,Earthquake
need rescue urgently quickly,Building Collapse
everyone evacuated because of gas fast,Gas Leak
possible stroke immediately,Medical
wind storm damaged our house,Storm
power line broken,Electrical Hazard
help fire reached second floor,Fire
please black smke everywhere,Fire
earth moving continuously please,Earthquake
urgent bridge inaccessible,Landslide
sir switchboard caught fire save me,Electrical Hazard
apartment building collapsed now,Building Collapse
emergency roof is falling down,Building Collapse
quick main entrance blocked by debris,Building Collapse
bro do not know where gas is leaking,Gas Leak
suspected gaas cylinder failure save us,Gas Leak
fie after explosion,Fire
building building felld after earthquake,Building Collapse
cannot breathe because of smoke,Fire
transformer exploded please,Fire
family trapped inside building felld house,Building Collapse
please switchboard caught frie fast,Electrical Hazard
bus fell into canal,Road Accident
emergency building building fell save us,Building Collapse
factory electrical accident immediately,Electrical Hazard
building fall downd after earthshake,Building Collapse
save us! building building felld,Building Collapse
urgent person trapped under vehicle now,Road Accident
car accident on the highway please,Road Accident
help landslide getting worse,Landslide
our apartment is shaking,Earthquake
transformer making loud noise save us,Electrical Hazard
madam tree fell on our house,Storm
patient lost consciousness please,Medical
urgent people injured in landslide,Landslide
need immediate assistance fast,Gas Leak
people trapped inside building immediately,Fire
please need rescue urgently,Building Collapse
help several people injured fast,Road Accident
houses damaged by cyclone save me,Storm
heavy debris blocking road,Landslide
quick road blocked by landslide,Landslide
fast ceiling collapsed,Building Collapse
old building fall downd,Building Collapse
help fire after explosion fast,Fire
entire area under water fast,Flood
ceiling collapsed save us,Building Collapse
major collision quickly,Road Accident
sir thick smke coming out,Fire
sir ceiling is cracking,Earthquake
fast people trapped after landslide,Landslide
fast live wire on the road,Electrical Hazard
truck lost control fast,Road Accident
building damaged by wind quickly,Storm
many people injured after collapsed fast,Building Collapse
electric board caught fire,Fire
kitchen full of smkoe,Fire
danger of complete collapse now,Building Collapse
emergency children trapped under collapsed building,Building Collapse
pls water entered ground floor,Flood
elderly person collapsed,Medical
house flooded during cyclone,Storm
building collapsed after heavy rain quickly,Building Collapse
emergency difficulty in breathing immediately,Medical
cyclist hit by vehicle fast,Road Accident
urgent heavy rain floded our street immediately,Flood
need ambulance urgently save us,Medical
please gass cylinder exploded,Fire
fast electric poles have fallen,Storm
need rescue urgently save us,Building Collapse
gas regulator is leaking immediately,Gas Leak
please need evacuation immediately please,Flood
bro thick smoke coming out,Fire
need rescue boat please,Flood
sir electric short circuit,Electrical Hazard
high voltage danger,Electrical Hazard
please children injured in accident,Road Accident
possible stroke now,Medical
hospital floodsed,Flood
please send health emergency team,Medical
help snake bite emergency,Medical
car rolled over,Road Accident
people trapped inside car fast,Road Accident
severe allergic reaction,Medical
windows shattered due to wind immediately,Storm
emergency gas leak please,Gas Leak
sir building collapsed after heavy rain,Building Collapse
shopping mall building felld,Building Collapse
sir part of the building collapsed fast,Building Collapse
bro landslide after heavy rainfall,Landslide
urgent everything is burning,Fire
person hit by a car,Road Accident
sir please send rescue teams immediately,Storm
emergency gas leak save me,Gas Leak
please fan shaking violently fast,Earthquake
sir please! landslide,Landslide
urgent stairs are damaged,Earthquake
smoke everywhere save us,Fire
fast industrial gas leak,Gas Leak
school surrounded by water,Flood
strong smell of gas inside house fast,Gas Leak
pls heavy rain flooed our street,Flood
sir houses damaged by falling rocks,Landslide
fast! heavy storm quickly,Storm
fast our building has building felld save us,Building Collapse
urgent dam water released suddenly now,Flood
house developed huge cracks now,Earthquake
madam patient is bleeding heavily,Medical
bro our building has collapsedd,Building Collapse
help multiple vehicles collided,Road Accident
sir transformer exploded save me,Electrical Hazard
our apartment basement floodsed,Flood
mountain road collapsed now,Landslide
please our house is shaking,Earthquake
urgent bike accident near the junction now,Road Accident
electrical firee started,Electrical Hazard
gaas pipe is leaking,Gas Leak
sir vehicle caught firee after crash,Road Accident
soil sliding downhill now,Landslide
urgent car rolled over,Road Accident
sewer water mixed with flood now,Flood
village affected by landslide save me,Landslide
quick bus stand is completely flooed,Flood
need rescue after cyclone fast,Storm
car hit a tree fast,Road Accident
fast apartment building collapsed,Building Collapse
emergency strong water current outside,Flood
black smok everywhere,Fire
fast person received electric shock,Electrical Hazard
road cracked after earth shaking,Earthquake
pls soil sliding downhill,Landslide
wind storm water flooded road save us,Flood
fast power line snapped,Electrical Hazard
electric panel smoking immediately,Electrical Hazard
drains overflowing now,Flood
kitchen full of smoke please,Fire
help roof leaking badly,Storm
sir roads completely blocked,Storm
help! flod water entered our shop now,Flood
rain water entering house fast,Flood
help bridge damaged by landslide,Landslide
water entered ground floor please,Flood
lpg gaas leak,Gas Leak
cannot brethe because of smoke,Fire
please transformer exploded,Fire
my mother collapsed now,Medical
pls truck caught frie,Fire
kitchen unsafe because of gaas,Gas Leak
sir door is shaking,Earthquake
books falling from shelf now,Earthquake
help cannot cross because of landslide fast,Landslide
building tilted slightly please,Earthquake
save me! building collapsed,Building Collapse
urgent petrol bunk caught fir,Fire
roads completely blocked,Storm
help lpg gaas leak,Gas Leak
help rocks falling from hill,Landslide
pls house floded during cyclone quickly,Storm
quick cyclone warning issued,Storm
earth sliding down save us,Landslide
sofa caught frie,Fire
family trapped inside home quickly,Flood
madam help building may collapse quickly,Earthquake
madam pedestrian injured,Road Accident
sir bus accident,Road Accident
please trees uprooted everywhere please,Storm
gas is coming from the stove fast,Gas Leak
bus fell into canal please,Road Accident
diabetic patient unconscious,Medical
madam cannot go outside because of flood,Flood
sir electric poles inside floo water,Flood
everything is burning please,Fire
help telephone poles collapsedd,Storm
huge boulders on road please,Landslide
ambulance needed immediately,Road Accident
please help! need ambulance,Medical
cannot stop the gas leak,Gas Leak
wire sparking save us,Electrical Hazard
urgent glass windows broke,Earthquake
urgent save me! road accident,Road Accident
house destroyed completely save us,Building Collapse
broken arm after accident please,Medical
bro gass spreading throughout house,Gas Leak
fast river overflowed fast,Flood
quick road completely blocked now,Landslide
burning smell everywhere save us,Fire
please road washed away,Landslide
emergency! my building is burning,Fire
everyone evacuated because of gaas,Gas Leak
quick walls have huge cracks save us,Building Collapse
urgent storm water entered house,Storm
quick boats needed immediately,Flood
earth is moving,Earthquake
emergency vehicle overturned fast,Road Accident
need help gas leak save me,Gas Leak
quick lights are swinging quickly,Earthquake
please! current leakage,Electrical Hazard
help ceiling collapsed immediately,Building Collapse
urgent our office is on fire quickly,Fire
save me! gas leak in the kitchen immediately,Gas Leak
cannot breathe properly immediately,Medical
accident victim needs medical help fast,Medical
the whole area is shaking save us,Earthquake
rescue team required save us,Road Accident
forest frie nearby save me,Fire
school building caught fire,Fire
vehicle overturned save me,Road Accident
building shaking badly fast,Earthquake
bro river overflowed,Flood
glass windows broke,Earthquake
emergency landslide immediately,Landslide
bro possible gas leak save us,Gas Leak
pls bus fell into canal,Road Accident
storm water flooded road now,Flood
school building shaking save us,Earthquake
bus accident please,Road Accident
madam mudslide blocking road,Landslide
sir cyclist hit by vehicle,Road Accident
please need immediate evacuation,Landslide
bro roof is collapsing,Storm
quick electrical emergency please,Electrical Hazard
someone help! building shaking save us,Earthquake
flying debris everywhere please,Storm
hospital ward caught fire,Fire
high voltage emergency save me,Electrical Hazard
bro person hit by a car,Road Accident
please high voltage emergency,Electrical Hazard
trees buried in landslide,Landslide
road disappeared under water fast,Flood
high voltage emergency fast,Electrical Hazard
fast our village is flooded,Flood
building about to collapsed,Building Collapse
emergency! strong gass smell,Gas Leak
mountain road collapsedd,Landslide
please high voltage danger,Electrical Hazard
help! fie in my warehouse,Fire
live wire near school save us,Electrical Hazard
help road blocked by landslide,Landslide
need rescue after landslide,Landslide
gas leaking from pipeline immediately,Gas Leak
dust everywhere after collapsed please,Building Collapse
help our house is under water,Flood
urgent landslide near tunnel,Landslide
do not know where gass is leaking,Gas Leak
emergency burning smell everywhere,Fire
stairs are damaged fast,Earthquake
pls rescue team needed immediately immediately,Building Collapse
help us after cyclone quickly,Storm
fast people waiting for rescue,Flood
cannot stay inside because of gas smell quickly,Gas Leak
our village is flooded,Flood
fast storm destroyed our shop,Storm
sir need rescue urgently,Building Collapse
bike skid on road save us,Road Accident
help strong lpg smell from kitchen immediately,Gas Leak
emergency someone is unconscious,Medical
residents trapped immediately,Landslide
building collapsedd after heavy rain,Building Collapse
strom becoming stronger,Storm
sir heart patient building felld,Medical
building about to collapse save us,Building Collapse
help cannot move the injured fast,Road Accident
bro earthquake just happened,Earthquake
communication lost after wind storm,Storm
continuous soil movement,Landslide
electrical short circuit caused fire please,Fire
debris everywhere save me,Building Collapse
madam quick! building shaking,Earthquake
sir curtains caught fire,Fire
urgent! building collapsed,Building Collapse
cannot reach hospital because of flod,Flood
need first aid immediately please,Medical
building may collapse,Earthquake
flammable gas leaking,Gas Leak
residents trapped quickly,Landslide
sir gas is coming from the stove,Gas Leak
please wire caught fire,Fire
cannot stay inside because of gas smell save us,Gas Leak
please send frie brigade,Fire
pls emergency building building fell immediately,Building Collapse
heavy rain caused landslide immediately,Landslide
please need evacuation immediately now,Flood
fast ceiling is falling,Building Collapse
sir electric hazard,Electrical Hazard
bridge partially fall downd,Building Collapse
bed caught fir,Fire
save the accident victims now,Road Accident
electricity gone after cyclone immediately,Storm
many houses destroyed,Storm
help water coming inside house,Flood
burning smell from switchboard save us,Electrical Hazard
pls balcony collapsedd save us,Building Collapse
road blocked by building felld building,Building Collapse
car is burning,Fire
ac unit caught fire,Fire
fast our building is unsafe,Building Collapse
quick gas leak in office pantry immediately,Gas Leak
save us! road accident,Road Accident
switchboard caught frie,Electrical Hazard
pls residents evacuated due to gas please,Gas Leak
communication lost after storm,Storm
emergency road full of damaged vehicles,Road Accident
madam accident due to fog,Road Accident
cyclone warning issued please,Storm
cannot move the injured fast,Road Accident
fast! building collapsed,Building Collapse
building failure occurred save me,Building Collapse
strom damaged our house fast,Storm
sir save the patient,Medical
electric poles inside flood water,Flood
communication lost after strom,Storm
help building about to collapse,Building Collapse
kitchen unsafe because of gass,Gas Leak
madam need rescue after earthquake,Earthquake
urgent gass alarm is ringing save us,Gas Leak
bridge damaged after earth quack fast,Earthquake
help heavy tremors felt now,Earthquake
emergency do not know where gas is leaking,Gas Leak
gas emergency,Gas Leak
kitchen caught fire quickly,Fire
electric poles inside flood water save me,Flood
emergency! road accident,Road Accident
please fast! fire in my factory,Fire
emergency cannot leave home because of wind storm please,Storm
lorry accident,Road Accident
fast need emergency doctor immediately,Medical
please traffic stopped because of accident,Road Accident
high fever and unconscious,Medical
fast everyone evacuated because of gas,Gas Leak
strong earthquake felt save us,Earthquake
quick gaas alarm is ringing,Gas Leak
quick cannot stop the gas leak fast,Gas Leak
bro ambulnce has not arrived,Medical
people injured by electric shock immediately,Electrical Hazard
quick heavy rain and thunderstorm,Storm
gas regulator is leaking quickly,Gas Leak
pls strong water current outside,Flood
electric poles have fallen now,Storm
fast! electric shock save me,Electrical Hazard
floor is vibrating quickly,Earthquake
many vehicles stranded save us,Landslide
apartment building collapsed,Building Collapse
live cable exposed,Electrical Hazard
help us before explosion fast,Gas Leak
please many vehicles stranded now,Landslide
fan shaking violently,Earthquake
sir cyclone has reached our area,Storm
please help! strong gas smell fast,Gas Leak
building failure occurred fast,Building Collapse
children trapped in floods,Flood
fast walls are cracking,Earthquake
pls storm becoming stronger,Storm
gaas alarm is ringing fast,Gas Leak
need help gass leak immediately,Gas Leak
pls storm is getting worse,Storm
emergency landslide fast,Landslide
very strong winds outside,Storm
please help! electric shock,Electrical Hazard
vehicle caught frie,Fire
bridge partially fall downd save me,Building Collapse
burning smell everywhere,Fire
ceiling building felld now,Building Collapse
storm becoming stronger now,Storm
bridge fall downd due to flood immediately,Flood
our apartment is shaking save me,Earthquake
sir head-on collision,Road Accident
hailstorm damaged vehicles,Storm
cannot stay inside because of gass smell now,Gas Leak
urgent urgent! road accident,Road Accident
soil sliding downhill,Landslide
someone is unconscious fast,Medical
storm is getting worse,Storm
pls house destroyed completely,Building Collapse
madam house developed huge cracks fast,Earthquake
quick gas detected in basement,Gas Leak
madam current coming through water immediately,Electrical Hazard
bridge damaged by landslide,Landslide
emergency please! electric shock save me,Electrical Hazard
sir kitchen full of smke,Fire
roof is collapsing,Storm
huge flames in warehouse quickly,Fire
fuel leaking from vehicle fast,Road Accident
help accident happened just now,Road Accident
suspected gas cylinder failure save us,Gas Leak
quick save the patient,Medical
quick television fell down,Earthquake
current passing through gate quickly,Electrical Hazard
urgent! heavy storm save me,Storm
help danger of complete collapse,Building Collapse
urgent head-on collision,Road Accident
do not know where current is coming from quickly,Electrical Hazard
emergency! major accident,Road Accident
gaas smell everywhere,Gas Leak
help cannot reach village,Landslide
sir glass windows broke,Earthquake
urgent our ceiling is burning,Fire
multiple injured people please,Medical
bridge damaged by landslide quickly,Landslide
help heavy rain with strong winds quickly,Storm
pls road blocked by fall downd building,Building Collapse
pls gas smell becoming stronger,Gas Leak
help person had a seizure,Medical
bro people evacuated from village,Storm
emergency bike is burning,Fire
bro driver seriously injured,Road Accident
heavy wind water entered house please,Storm
madam our colony is flooed,Flood
water level is rising quickly quickly,Flood
bro strong smell of gas inside house,Gas Leak
sir please help! heavy heavy wind quickly,Storm
part of the building collapsedd,Building Collapse
fire after explosion,Fire
help internet cables snapped immediately,Storm
madam need rescue after cyclone,Storm
heart patient collapsedd save me,Medical
pls electric board caught fire,Fire
please hospital floded immediately,Flood
madam cannot leave home because of storm,Storm
please save the accident victims,Road Accident
family trapped inside home,Flood
possible gas leak please,Gas Leak
bed caught fir please,Fire
quick people waiting for rescue,Flood
emergency black smoke everywhere,Fire
emergency roads blocked because of flood,Flood
people trapped inside car immediately,Road Accident
dust everywhere after fall down,Building Collapse
madam mountain disaster,Landslide
my mother collapsed,Medical
gas alarm is ringing now,Gas Leak
lorry accident save us,Road Accident
current coming through water,Electrical Hazard
critical medical emergency,Medical
fast pole may fall immediately,Electrical Hazard
children trapped under collapsed building,Building Collapse
our colony is floded,Flood
roof caught fir,Fire
fast person swallowed poison,Medical
kitchen filled with gas smell quickly,Gas Leak
cannot reach hospital because of flood fast,Flood
sir tree blocking the road please,Storm
help gas spreading throughout house,Gas Leak
bro fast! patient sick emergency,Medical
help debris everywhere,Building Collapse
shopping mall caught fire,Fire
road disappeared under water now,Flood
fast telephone poles collapsed,Storm
bed caught fire,Fire
our office is on frie now,Fire
madam very strong winds outside,Storm
bus stand caught firee,Fire
fir in neighbour house,Fire
school building shaking immediately,Earthquake
need help immediately! floods water entered our house,Flood
please strong lpg smell from kitchen,Gas Leak
fast kitchen full of smoke,Fire
strong earthquake felt fast,Earthquake
kitchen filled with gas smell save us,Gas Leak
fast! my building is burning,Fire
part of the building building felld now,Building Collapse
sir driver unconscious after accident,Road Accident
walls are cracking fast,Earthquake
person hit by a car save us,Road Accident
bro family trapped in landslide save me,Landslide
bus accident,Road Accident
madam many residents trapped,Building Collapse
gass leak near hospital,Gas Leak
fast wall collapsed,Building Collapse
quick broken arm after accident,Medical
need ambulance urgently now,Medical
electrical fire started now,Electrical Hazard
save us! strong gas smell,Gas Leak
dust everywhere after collapsed,Building Collapse
bro major collision,Road Accident
bro help us landslide,Landslide
pls cyclone warning issued,Storm
fast accident due to heavy rain,Road Accident
residents evacuated due to gas fast,Gas Leak
hailheavy wind damaged vehicles,Storm
storm damaged our house immediately,Storm
need rescue after earth quack,Earthquake
someone help! building building felld,Building Collapse
please need ambulence urgently,Medical
madam people trapped near live wire,Electrical Hazard
people feeling dizzy because of gaas,Gas Leak
ceiling is falling,Building Collapse
staircase collapsedd,Building Collapse
sir rain water entering house fast,Flood
madam two cars crashed,Road Accident
my father fainted quickly,Medical
our office is on frie,Fire
need help gas leak,Gas Leak
fast people trapped near live wire,Electrical Hazard
urgent our house is shaking fast,Earthquake
emergency landslide,Landslide
factory caught fire,Fire
madam factory is burning,Fire
touching gate gives shock save me,Electrical Hazard
our village is badly affected please,Storm
industrial gas leak immediately,Gas Leak
please drains overflowing,Flood
staircase building felld,Building Collapse
electrical short circuit caused frie,Fire
urgent! heavy heavy wind,Storm
quick furniture shaking,Earthquake
soil sliding downhill please,Landslide
urgent lightning struck nearby,Storm
cannot reach village,Landslide
driver unconscious after accident save me,Road Accident
fast high speed winds everywhere,Storm
help need help immediately! my restaurant is burning,Fire
blood pressure very low fast,Medical
please dangerous electric sparks,Electrical Hazard
roof collapsed suddenly save us,Building Collapse
road completely blocked save me,Road Accident
road disappeared due to landslide save me,Landslide
please accident near railway crossing,Road Accident
madam high voltage emergency,Electrical Hazard
cars damaged by trees,Storm
industrial gaas leak please,Gas Leak
sir power cable broken,Electrical Hazard
help roads blocked because of floods,Flood
urgent need emergency doctor save me,Medical
emergency earth quake just happened fast,Earthquake
madam objects falling down,Earthquake
emergency our village is flooded fast,Flood
save me! building shaking,Earthquake
shopping mall collapsed,Building Collapse
major collision save us,Road Accident
emergency building collapse,Building Collapse
urgent kitchen full of smkoe,Fire
sir emergency due to cyclone,Storm
help firee in neighbour house,Fire
our ceiling is burning save me,Fire
cannot reach hospital because of flood save us,Flood
help us rescue immediately quickly,Flood
curtains caught fire,Fire
heavy rain floodsed our street save us,Flood
restaurant kitchen caught frie,Fire
emergency our building has fall downd,Building Collapse
mountain disaster save me,Landslide
sir floor is vibrating,Earthquake
quick bridge damaged by landslide,Landslide
help flood everywhere please,Flood
please please send rescue teams,Storm
please everyone is panicking,Earthquake
office building collapsedd,Building Collapse
earth moving continuously fast,Earthquake
fast our ceiling is burning save us,Fire
huge flames in mall,Fire
save me! house fall downd save us,Building Collapse
fire in neighbour house,Fire
gas leakage detected save me,Gas Leak
emergency debris everywhere,Earthquake
gaas cylinder is leaking,Gas Leak
please lpg gas leak fast,Gas Leak
please objects falling down,Earthquake
madam emergency road accident,Road Accident
cannot stay inside because of gass smell,Gas Leak
many people injured after building fell immediately,Building Collapse
urgent! road accident now,Road Accident
high speed winds everywhere immediately,Storm
tree fell on our house,Storm
pls help building may collapse,Earthquake
fast windows shattered due to wind,Storm
driver seriously injured please,Road Accident
bike accident near the junction please,Road Accident
generator caught fir fast,Electrical Hazard
water reached roof level immediately,Flood
everyone evacuated because of gas,Gas Leak
many people injured after collapse save me,Building Collapse
road blocked by collapsed building fast,Building Collapse
accident victim needs medical help,Medical
emergency gas cylinder is leaking,Gas Leak
pls road completely blocked please,Landslide
children trapped in floo please,Flood
severe allergic reaction quickly,Medical
sir vehicle overturned,Road Accident
pedestrian injured,Road Accident
mountain road collapsed save me,Landslide
madam cannot breathe because of smok,Fire
fast person received electric shock immediately,Electrical Hazard
please need rescue boat,Flood
cannot escape because of smok,Fire
quick help flood everywhere,Flood
lightning struck nearby immediately,Storm
warehouse caught fire immediately,Fire
blood pressure very low save me,Medical
quick rescue team required,Road Accident
wire caught fire save us,Fire
bridge collapsedd due to flood,Flood
cannot leave home because of wind storm,Storm
sir need emergency shelter,Storm
fuel leaking from vehicle quickly,Road Accident
help main entrance blocked by debris,Building Collapse
help animals trapped in flood quickly,Flood
gaas emergency,Gas Leak
road washed away save me,Landslide
stairs blocked by fire,Fire
help gas detected in basement,Gas Leak
madam car is burning,Fire
please! need ambulance,Medical
house flooded during cyclone please,Storm
quick! gas leak in the kitchen,Gas Leak
please vehicle caught fire,Fire
road completely blocked,Landslide
houses damaged by cyclone,Storm
pls building shaking and collapsing,Building Collapse
help car fell into ditch,Road Accident
toxic gas smell,Gas Leak
hospital ward caught fie,Fire
construction building fall downd immediately,Building Collapse
sir sewer water mixed with flood,Flood
cannot stay inside because of gas smell,Gas Leak
sir lightning struck nearby,Storm
help accident victims,Road Accident
shops flooded fast,Flood
water coming inside house save me,Flood
need rescue after earthquake,Earthquake
fast truck lost control now,Road Accident
madam family trapped inside collapsed house,Building Collapse
warehouse caught fire please,Fire
urgent cannot escape because of smok,Fire
help cupboard fell,Earthquake
pls cyclone has reached our area now,Storm
kitchen full of smoke immediately,Fire
gas leak near restaurant quickly,Gas Leak
dust everywhere after collapsed quickly,Building Collapse
save us! earthquake,Earthquake
madam staircase fall downd,Building Collapse
help telephone poles collapsed,Storm
urgent! building shaking save me,Earthquake
building cracking badly please,Building Collapse
children trapped under collapsedd building save us,Building Collapse
help need rescue boat,Flood
help suspected gas cylinder failure,Gas Leak
roof caught fire please,Fire
help wind storm becoming stronger please,Storm
continuous rain causing flood save us,Flood
many people injured after building fell fast,Building Collapse
bro cyclist hit by vehicle save me,Road Accident
vehicle overturned,Road Accident
emergency building collapsed,Building Collapse
madam quick! house collapsed quickly,Building Collapse
fast sparks everywhere,Electrical Hazard
help strong smell of gas inside house,Gas Leak
help storm water entered house,Storm
help our apartment basement flooded,Flood
quick huge cracks in the building,Building Collapse
gass leak caused firee,Fire
children trapped inside burning house now,Fire
pls mud entered our house,Landslide
save us! cyclone approaching,Storm
pls black smoke everywhere,Fire
hospital flooed,Flood
gas regulator is leaking,Gas Leak
gas leak caused fir please,Fire
fast! floods water entered our railway station,Flood
stairs blocked by fie,Fire
gas leak in office pantry quickly,Gas Leak
bro need emergency doctor,Medical
multiple vehicles collided,Road Accident
hailwind storm damaged vehicles,Storm
urgent flying debris everywhere,Storm
help large rocks on road,Landslide
someone help! electric shock,Electrical Hazard
madam need electricity department,Electrical Hazard
pls heavy smoke from bedroom,Fire
snake bite emergency,Medical
quick water reached roof level,Flood
quick person hit by a car,Road Accident
soil sliding downhill save me,Landslide
wind storm water entered house,Storm
need rescue after cyclone now,Storm
sir urgent! electric shock,Electrical Hazard
two cars crashed,Road Accident
accident on bridge save us,Road Accident
madam ceiling is cracking fast,Earthquake
petrol bunk caught fire,Fire
bro need help immediately! road accident,Road Accident
rescue team needed immediately now,Building Collapse
school building collapsedd please,Building Collapse
help bridge partially building felld,Building Collapse
bro woman fainted suddenly now,Medical
please building shaking and collapsing now,Building Collapse
someone help! heavy storm,Storm
my mother collapsed save me,Medical
fast building felld structure blocking road now,Building Collapse
communication lost after heavy wind,Storm
fir spreading quickly fast,Fire
cannot go outside because of floo,Flood
quick large rocks on road quickly,Landslide
school building caught firee,Fire
bro petrol bunk caught firee,Fire
bro please! major accident,Road Accident
help road washed away,Landslide
kitchen unsafe because of gas,Gas Leak
madam person trapped and injured,Medical
please water near electric wire,Electrical Hazard
drains overflowing please,Flood
houses damaged by falling rocks,Landslide
pls fast! building collapsed save me,Building Collapse
quick our apartment is shaking now,Earthquake
black smoke everywhere,Fire
cars floating in water save me,Flood
child touched live wire save me,Electrical Hazard
rescue teams required,Landslide
quick roof is cracking,Earthquake
emergency! my college is burning,Fire
gas leak in office pantry,Gas Leak
sir glass shattered everywhere,Road Accident
our office is on frie immediately,Fire
our village is badly affected fast,Storm
mud everywhere save me,Landslide
bus accident now,Road Accident
sir switchboard caught fire,Electrical Hazard
please soil sliding downhill,Landslide
madam bike skid on road please,Road Accident
car rolled over fast,Road Accident
emergency people injured by electric shock,Electrical Hazard
urgent wall collapsed,Building Collapse
thick smoke coming out,Fire
help kitchen unsafe because of gaas,Gas Leak
help trees uprooted everywhere save me,Storm
quick trees uprooted everywhere,Storm
madam cannot reach hospital because of flood,Flood
transformer exploded save us,Fire
urgent staircase building felld,Building Collapse
need first aid immediately now,Medical
our office is on fie,Fire
someone help! landslide please,Landslide
someone help! medical emergency,Medical
quick emergency building fall down,Building Collapse
children trapped in flood quickly,Flood
bro electrical disaster,Electrical Hazard
mud entered our house save us,Landslide
gas leak in office pantry please,Gas Leak
urgent people trapped after storm save us,Storm
madam bus accident save us,Road Accident
help heavy tremors felt,Earthquake
driver seriously injured,Road Accident
emergency shopping mall collapsed fast,Building Collapse
bro possible explosion due to gass,Gas Leak
help! heavy storm save us,Storm
dam water released suddenly please,Flood
huge flames in street,Fire
shops flooded please,Flood
ceiling fall downd,Building Collapse
drains overflowing,Flood
vehicle caught fir after crash,Road Accident
bus accident quickly,Road Accident
many people injured after collapse,Building Collapse
mountain road collapsed,Landslide
please staircase building felld,Building Collapse
serious head injury,Medical
emergency glass windows broke,Earthquake
house developed huge cracks,Earthquake
urgent burning smell everywhere,Fire
madam entire area under water,Flood
our building has fall downd quickly,Building Collapse
emergency! fire in my warehouse,Fire
our house is shaking save me,Earthquake
building collapsed after earth quack,Building Collapse
dust everywhere after building fell,Building Collapse
fast bridge damaged after earthquake,Earthquake
our building is unsafe fast,Earthquake
please bricks falling from wall,Building Collapse
burning smell everywhere immediately,Fire
quick hill collapsing please,Landslide
traffic stopped because of accident now,Road Accident
heavy bleeding now,Medical
bro immediate electrical assistance needed,Electrical Hazard
emergency my mother collapsed,Medical
accident happened just now save me,Road Accident
sir school building shaking please,Earthquake
quick our area has no electricity,Storm
emergency woman fainted suddenly,Medical
power outage after explosion now,Electrical Hazard
strong earth shaking felt,Earthquake
quick person trapped and injured,Medical
sir building tilted slightly,Earthquake
sparks everywhere now,Electrical Hazard
quick help electric shock,Electrical Hazard
urgent accident due to fog,Road Accident
cannot reach trapped people fast,Building Collapse
smoke everywhere immediately,Fire
quick! earthquake,Earthquake
fast drains overflowing,Flood
bro storm becoming stronger,Storm
toxic gas smell please,Gas Leak
people trapped under debris,Building Collapse
large rocks on road save me,Landslide
bro tree blocking the road,Storm
urgent smoke everywhere,Fire
door is shaking now,Earthquake
our apartment basement flooed please,Flood
quick hospital floodsed,Flood
bro people stranded on rooftop,Flood
please people injured in landslide,Landslide
quick heavy bleeding,Medical
urgent building tilted slightly,Earthquake
quick road completely submerged,Flood
water near electric wire now,Electrical Hazard
everyone evacuated because of gas now,Gas Leak
building damaged by wind please,Storm
chemical smell inside building please,Gas Leak
danger of complete collapse fast,Building Collapse
please storm damaged our house,Storm
person had a seizure,Medical
quick vehicles washed away,Flood
please electric poles inside flood water,Flood
urgent kitchen full of smke,Fire
gas alarm is ringing save us,Gas Leak
need help immediately! need ambulans,Medical
fast road completely blocked,Landslide
urgent cannot reach village quickly,Landslide
help continuous soil movement,Landslide
please bridge is underwater,Flood
heavy smok from restaurant,Fire
fast heavy bleeding after accident save me,Road Accident
our apartment is burning save us,Fire
madam high speed winds everywhere save us,Storm
emergency need food and water,Flood
pls kitchen caught fire,Fire
sir do not know where gaas is leaking,Gas Leak
need rescue after earthshake now,Earthquake
wall collapsed now,Building Collapse
bro mountain collapsed,Landslide
landslide getting worse fast,Landslide
quick need ambulnce after accident save us,Road Accident
save me! major accident,Road Accident
building damaged by wind now,Storm
bro cracks appeared on wall now,Earthquake
road cracked after earth shaking now,Earthquake
our office is on firee save us,Fire
ambulence needed immediately,Road Accident
need food and water,Flood
pls severe allergic reaction fast,Medical
ac unit caught fire save us,Fire
mud everywhere save us,Landslide
heavy wind water entered house,Storm
head injury after fall save us,Medical
heart patient collapsedd,Medical
children inside during gass leak fast,Gas Leak
pls water near electric wire,Electrical Hazard
accident happened just now quickly,Road Accident
trees falling continuously immediately,Storm
bro possible stroke,Medical
quick please! building shaking,Earthquake
sir walls have huge cracks,Building Collapse
sir debris everywhere,Building Collapse
lift trapped after building fell save us,Building Collapse
patient cannot walk save me,Medical
please send emergency team immediately,Gas Leak
please mud entered our house,Landslide
snake bite emergency now,Medical
help our apartment is shaking now,Earthquake
blood pressure very low now,Medical
help car hit a tree,Road Accident
pls family trapped in landslide,Landslide
fast rescue team needed immediately now,Building Collapse
fast children inside during gas leak now,Gas Leak
television fell down now,Earthquake
people trapped inside car,Road Accident
sir please help! building collapsed,Building Collapse
urgent lpg gas leak,Gas Leak
heavy rain flooded our street immediately,Flood
sir people trapped under debris,Building Collapse
frie spreading quickly,Fire
pls our village is floded immediately,Flood
pls people trapped after earthquake,Earthquake
madam generator caught frie,Electrical Hazard
sir stairs are damaged,Earthquake
quick! landslide,Landslide
heavy debris blocking road immediately,Landslide
help gas leak in apartment,Gas Leak
please bridge partially collapsed now,Building Collapse
madam our building is unsafe,Earthquake
strong earthquake felt quickly,Earthquake
kitchen filled with gass smell,Gas Leak
help building may collapse,Earthquake
strong smell of gas inside house please,Gas Leak
quick! building shaking,Earthquake
accident near traffic signal save us,Road Accident
cannot breath properly,Medical
concrete fell from roof please,Building Collapse
old building collapsed immediately,Building Collapse
need help immediately! building building felld,Building Collapse
bro continuous soil movement,Landslide
current passing through gate,Electrical Hazard
traffic stopped because of accident immediately,Road Accident
our apartment basement floded,Flood
quick! frie in my road save me,Fire
need ambulence urgently,Medical
please our belongings are floating immediately,Flood
madam save the accident victims,Road Accident
fast! house collapsed,Building Collapse
our apartment basement flooded immediately,Flood
person received electric shock now,Electrical Hazard
gaas pipe is leaking save me,Gas Leak
quick! fie in my bedroom,Fire
emergency our apartment is burning,Fire
help power outage after explosion,Electrical Hazard
cannot stop the gas leak immediately,Gas Leak
bro hospital ward caught frie save me,Fire
mountain fall downd now,Landslide
emergency gaas leak near restaurant fast,Gas Leak
help people trapped now,Building Collapse
help water near electric wire,Electrical Hazard
fire reached second floor please,Fire
pls save us! need ambulance,Medical
please help us landslide,Landslide
bro very strong winds outside,Storm
pls water level is rising quickly,Flood
very strong winds outside save me,Storm
please emergency! earthquake,Earthquake
sir need rescue after cyclone,Storm
need rescue boat immediately,Flood
pls houses damaged by falling rocks,Landslide
quick strong lpg smell from kitchen,Gas Leak
save me! gas leak in the kitchen,Gas Leak
possible stroke fast,Medical
please! major accident,Road Accident
bed caught fie,Fire
bro houses damaged by falling rocks,Landslide
pls children trapped under collapsedd building now,Building Collapse
quick people injured in landslide,Landslide
madam telephone poles collapsedd,Storm
mountain collapsed please,Landslide
building may building fell,Earthquake
fast need emergency doctor,Medical
emergency office building shaking,Earthquake
walls have huge cracks save me,Building Collapse
madam possible explosion due to gass,Gas Leak
cannot reach trapped people please,Building Collapse
emergency kitchen unsafe because of gaas,Gas Leak
very strong winds outside fast,Storm
quick emergency road accident,Road Accident
heavy rain floded our street save me,Flood
urgent building collapsed after earthquake,Building Collapse
madam debris everywhere,Building Collapse
electrical emergency save us,Electrical Hazard
rain water entering house immediately,Flood
large rocks on road,Landslide
urgent someone help! major accident,Road Accident
huge flames in shop please,Fire
please glass shattered everywhere please,Road Accident
please person is choking,Medical
possible heart attack save me,Medical
road completely blocked save me,Landslide
cars floating in water please,Flood
help accident victims immediately,Road Accident
children crying due to floods,Flood
shop caught fire save us,Fire
cannot breathe because of smok,Fire
fast children trapped under fall downd building,Building Collapse
severe allergic reaction please,Medical
roof collapsed suddenly quickly,Building Collapse
building failure occurred,Building Collapse
need electricity department now,Electrical Hazard
fire spreading quickly,Fire
quick! house fall downd,Building Collapse
landslide getting worse please,Landslide
urgent cyclone has reached our area fast,Storm
bro cars floating in water,Flood
bro difficulty breathing due to gass,Gas Leak
fast help accident victims,Road Accident
emergency high-speed accident,Road Accident
fast my father fainted immediately,Medical
our apartment is burning,Fire
madam gaas regulator is leaking immediately,Gas Leak
quick fire after explosion,Fire
need rescue after earth moving,Earthquake
house developed huge cracks quickly,Earthquake
patient is bleeding heavily,Medical
help transformer making loud noise,Electrical Hazard
quick electric meter burning,Electrical Hazard
urgent vehicles trapped under rocks please,Landslide
our house is breaking apart fast,Building Collapse
fast do not know where current is coming from,Electrical Hazard
quick severe chest pain,Medical
someone help! gass leak in the kitchen,Gas Leak
staircase fall downd,Building Collapse
mountain collapsedd,Landslide
help ambulance has not arrived,Medical
people stranded on rooftop save us,Flood
help us landslide,Landslide
gas leak near hospital,Gas Leak
water entered first floor please,Flood
home caught fire,Fire
madam people feeling dizzy because of gass,Gas Leak
emergency communication lost after storm,Storm
bro everything is burning,Fire
our building is unsafe fast,Building Collapse
old building fall downd immediately,Building Collapse
children crying due to flood please,Flood
debris everywhere please,Earthquake
madam glass windows broke fast,Earthquake
please concrete fell from roof,Building Collapse
electricity leaking fast,Electrical Hazard
immediate electrical assistance needed quickly,Electrical Hazard
pls cannot reach trapped people,Building Collapse
fast person hit by a car,Road Accident
urgent bike skid on road,Road Accident
madam village affected by landslide fast,Landslide
fast office electrical emergency,Electrical Hazard
madam emergency due to cyclone,Storm
fast gaas pipe is leaking,Gas Leak
high speed winds everywhere,Storm
sir building damaged by wind quickly,Storm
please hospital ward caught fire,Fire
save me! electric shock,Electrical Hazard
bro car hit a tree,Road Accident
please television fell down immediately,Earthquake
patient is not responding please,Medical
madam animals trapped in flood,Flood
emergency strong smell of gas inside house,Gas Leak
please gas leak near hospital,Gas Leak
gas cylinder is leaking now,Gas Leak
emergency everyone evacuated because of gas,Gas Leak
staircase collapsed fast,Building Collapse
earth quake just happened,Earthquake
electric hazard,Electrical Hazard
quick staircase collapsed save us,Building Collapse
roof is cracking,Earthquake
help internet cables snapped,Storm
help help us after cyclone,Storm
objects falling down,Earthquake
children injured in accident,Road Accident
fan shaking violently quickly,Earthquake
power cable broken,Electrical Hazard
high-speed accident quickly,Road Accident
help many residents trapped,Building Collapse
urgent live cable exposed,Electrical Hazard
everyone is panicking,Earthquake
pls huge boulders on road,Landslide
woman fainted suddenly save me,Medical
please cannot breathe because of smoke,Fire
need ambulnce after accident,Road Accident
high voltage emergency please,Electrical Hazard
bro building cracking badly now,Building Collapse
apartment building collapsed save me,Building Collapse
we are trapped because of flood,Flood
person trapped and injured,Medical
fast animals trapped in flod,Flood
strong earth shaking felt now,Earthquake
accident due to fog fast,Road Accident
pls help flood everywhere,Flood
pedestrian injured now,Road Accident
fast cannot escape because of smok,Fire
urgent save trapped people,Landslide
boats needed immediately,Flood
cupboard fell quickly,Earthquake
urgent! earthquake,Earthquake
our building has building felld,Building Collapse
children crying due to flood,Flood
we are trapped because of floo,Flood
huge boulders on road immediately,Landslide
need help immediately! medical emergency immediately,Medical
quick need rescue after earth moving quickly,Earthquake
telephone poles fall downd,Storm
high voltage wire down save me,Electrical Hazard
everything is shaking fast,Earthquake
pls building disaster,Building Collapse
generator caught fire quickly,Electrical Hazard
thick smoke coming out fast,Fire
mountain disaster,Landslide
need evacuation immediately quickly,Flood
electric meter burning quickly,Electrical Hazard
fast doors are shaking violently,Storm
hospital building shaking fast,Earthquake
fast soil sliding downhill,Landslide
emergency due to cyclone,Storm
fast water entered ground floor save me,Flood
restaurant kitchen caught fie,Fire
roads blocked because of flood now,Flood
live wire near school,Electrical Hazard
high voltage emergency,Electrical Hazard
bro floor is vibrating please,Earthquake
dam water released suddenly,Flood
huge flames in house please,Fire
kitchen caught firee fast,Fire
danger of complete collapse,Building Collapse
urgent danger of complete collapse now,Building Collapse
school building building felld,Building Collapse
balcony collapsed save us,Building Collapse
electrical short circuit caused fire,Fire
serious road accident please,Road Accident
electrical fire started save us,Electrical Hazard
our house is shaking,Earthquake
please help! flood water entered our office please,Flood
sir vehicles washed away,Flood
pls save me! building shaking,Earthquake
walls are cracking quickly,Earthquake
frie reached second floor now,Fire
madam huge landslide occurred,Landslide
pls building cracking badly now,Building Collapse
emergency! need ambulance,Medical
person hit by a car fast,Road Accident
urgent gaas pipe is leaking,Gas Leak
help lift trapped after collapse fast,Building Collapse
many residents trapped,Building Collapse
pls residents evacuated due to gas,Gas Leak
urgent many people injured after collapse,Building Collapse
madam stairs are damaged save us,Earthquake
emergency drains overflowing save us,Flood
family trapped inside home save us,Flood
patient is bleeding heavily immediately,Medical
save me! gas leak in the kitchen fast,Gas Leak
bike skid on road please,Road Accident
bro gas spreading throughout house,Gas Leak
quick flammable gas leaking,Gas Leak
please do not know where gass is leaking,Gas Leak
help strong earthquake felt,Earthquake
quick bike skid on road,Road Accident
urgent dam water released suddenly,Flood
natural disaster landslide please,Landslide
kitchen full of smoke,Fire
please our village is flooded,Flood
someone help! heavy strom,Storm
dust everywhere after collapse immediately,Building Collapse
our area has no electricity please,Storm
water coming inside house fast,Flood
quick! major accident save us,Road Accident
cupboard fell now,Earthquake
please please send rescue teams,Earthquake
kitchen unsafe because of gas fast,Gas Leak
people trapped after strom,Storm
help building may fall down,Earthquake
wall collapsed,Building Collapse
urgent kitchen full of smoke fast,Fire
people feeling dizzy because of gas fast,Gas Leak
gas leak in apartment now,Gas Leak
bed caught firee,Fire
water entered ground floor quickly,Flood
people trapped inside building,Fire
building building felld after heavy rain,Building Collapse
generator caught fire please,Electrical Hazard
bro cannot reach trapped people fast,Building Collapse
road disappeared under water,Flood
help! gas leak in the kitchen immediately,Gas Leak
pls our apartment basement flooded,Flood
fast help us after cyclone save us,Storm
sir please send rescue teams,Storm
road completely submerged,Flood
pls people trapped under debris,Building Collapse
save the patient save us,Medical
power line broken quickly,Electrical Hazard
several people injured,Road Accident
quick fuel leaking from vehicle,Road Accident
emergency car is burning,Fire
emergency please! road accident,Road Accident
truck collided with a bus please,Road Accident
children crying due to flood save me,Flood
urgent! medical emergency,Medical
gass cylinder is leaking,Gas Leak
save me! my home is burning,Fire
emergency landslide after heavy rainfall,Landslide
madam debris everywhere fast,Building Collapse
elderly person collapsed fast,Medical
quick! building collapsedd,Building Collapse
urgent save the accident victims,Road Accident
our belongings are floating quickly,Flood
huge cracks in the building immediately,Building Collapse
quick bridge damaged by wind storm,Storm
quick aftershock happened save us,Earthquake
water entered ground floor,Flood
please switchboard caught fir,Electrical Hazard
doors are shaking violently,Storm
building damaged by wind,Storm
madam lightning struck nearby,Storm
stairs blocked by firee please,Fire
pls fuel leaking from vehicle,Road Accident
sir accident happened just now,Road Accident
quick wire touching the ground,Electrical Hazard
quick our village is badly affected,Storm
bro dust everywhere after collapse,Building Collapse
aftershock happened,Earthquake
lpg gaas leak save me,Gas Leak
kitchen caught fire immediately,Fire
it feels like an earth quack,Earthquake
bro fan shaking violently,Earthquake
fast people stranded on rooftop,Flood
high voltage danger quickly,Electrical Hazard
help help us rescue immediately,Flood
pls cannot breathe because of smoke,Fire
transformer exploded fast,Fire
gas leak after cylinder burst fast,Gas Leak
please danger due to exposed wire,Electrical Hazard
electric short circuit now,Electrical Hazard
pls everything is shaking,Earthquake
pls danger due to exposed wire save me,Electrical Hazard
bro many houses destroyed save me,Storm
please strong smell of gas inside house,Gas Leak
madam generator caught fie save us,Electrical Hazard
people running outside please,Earthquake
sir need immediate assistance,Gas Leak
gas leak in apartment,Gas Leak
bro floor is vibrating,Earthquake
please passengers injured,Road Accident
sofa caught fire,Fire
please large rocks on road,Landslide
road completely blocked,Road Accident
earthquake just happened quickly,Earthquake
cannot reach hospital because of flood please,Flood
quick quick! landslide,Landslide
hospital flooded,Flood
electrical accident occurred,Electrical Hazard
fast huge cracks in the building,Building Collapse
madam wire sparking,Electrical Hazard
quick uncontrolled vomiting,Medical
building tilted slightly,Earthquake
walls have huge cracks quickly,Building Collapse
quick! strong gaas smell save me,Gas Leak
huge landslide occurred fast,Landslide
sir our apartment basement flooded,Flood
bro bike skid on road,Road Accident
someone help! my street is burning now,Fire
storm is getting worse please,Storm
fuel leaking from vehicle immediately,Road Accident
storm damaged our house,Storm
need help immediately! gas leak in the kitchen,Gas Leak
people waiting for rescue,Flood
madam vehicle overturned,Road Accident
gaas smell becoming stronger quickly,Gas Leak
quick tree blocking the road,Storm
emergency uncontrolled vomiting,Medical
huge cracks in the building fast,Building Collapse
fast building shaking badly,Earthquake
glass shattered everywhere immediately,Road Accident
car is burning immediately,Fire
urgent need rescue after earthquake,Earthquake
bro forest fie nearby,Fire
fast collapsed structure blocking road,Building Collapse
touching gate gives shock quickly,Electrical Hazard
quick! flood water entered our kitchen,Flood
madam help electric shock,Electrical Hazard
fan shaking violently fast,Earthquake
glass windows broke save us,Earthquake
heart patient collapsed,Medical
pole may fall now,Electrical Hazard
madam multiple injured people save us,Medical
rain water entering house quickly,Flood
it feels like an earthquake fast,Earthquake
fire spreading quickly save me,Fire
sir lift trapped after collapse,Building Collapse
my father fainted save me,Medical
urgent stairs blocked by fie,Fire
elderly person collapsed quickly,Medical
books falling from shelf,Earthquake
madam hill collapsing,Landslide
fast! major accident save me,Road Accident
quick! building collapsed,Building Collapse
bro cannot cross because of landslide,Landslide
current coming through water save us,Electrical Hazard
vehicles washed away fast,Flood
bro lightning struck nearby,Storm
sir ceiling is falling,Building Collapse
please our area has no electricity,Storm
difficulty breathing due to gas,Gas Leak
bro frie in neighbour house,Fire
electrical disaster save me,Electrical Hazard
people feeling dizzy because of gass immediately,Gas Leak
pls bus accident,Road Accident
high-speed accident immediately,Road Accident
gas leak caused fire immediately,Fire
urgent people trapped inside building,Fire
patient unable to speak,Medical
please need ambulance urgently,Medical
urgent medicine overdose,Medical
electric poles inside flod water,Flood
drains overflowing save us,Flood
please ambulance has not arrived save us,Medical
madam car hit a tree quickly,Road Accident
trees falling continuously please,Storm
gas smell becoming stronger,Gas Leak
electric board caught frie,Fire
sir the ground is shaking save me,Earthquake
madam gas leak in apartment,Gas Leak
please walls have huge cracks quickly,Building Collapse
someone help! need ambulance,Medical
serious road accident save us,Road Accident
people trapped near live wire please,Electrical Hazard
roads completely blocked save us,Storm
urgent family trapped inside collapsed house immediately,Building Collapse
help electric shock please,Electrical Hazard
bricks falling from wall immediately,Building Collapse
pls stairs blocked by fire,Fire
save us! landslide now,Landslide
bro help us before explosion fast,Gas Leak
pls lights are swinging,Earthquake
fall downd structure blocking road please,Building Collapse
please help! cyclone approaching,Storm
madam help us rescue immediately,Flood
residents trapped please,Landslide
pole may fall save us,Electrical Hazard
vehicles washed away save me,Flood
fast gaas alarm is ringing,Gas Leak
switchboard caught fie,Electrical Hazard
quick! heavy storm save me,Storm
fire after explosion now,Fire
person is not breathing please,Medical
quick people trapped inside car,Road Accident
ambulence has not arrived,Medical
residents evacuated due to gas,Gas Leak
storm water entered house save me,Storm
quick gas regulator is leaking,Gas Leak
electric poles have fallen fast,Storm
urgent cannot go outside because of flood,Flood
bro person received electric shock,Electrical Hazard
need help gass leak,Gas Leak
flammable gas leaking fast,Gas Leak
quick electric panel smoking,Electrical Hazard
quick need rescue after cyclone,Storm
help old building collapsed please,Building Collapse
fast huge flames in college,Fire
help trees falling continuously,Storm
madam person had a seizure,Medical
emergency building fall downd after earthquake,Building Collapse
glass shattered everywhere now,Road Accident
gass leak caused fire,Fire
please difficulty in breathing,Medical
fast lightning struck nearby,Storm
food poisoning suspected,Medical
toxic gas smell save us,Gas Leak
urgent switchboard caught fire,Electrical Hazard
emergency huge cracks in the building,Building Collapse
quick part of the building collapsedd,Building Collapse
emergency children trapped in flood,Flood
storm destroyed our shop,Storm
help children injured in accident,Road Accident
emergency need help gas leak,Gas Leak
pls emergency road accident,Road Accident
roof caught frie,Fire
pls furniture shaking,Earthquake
quick lorry accident,Road Accident
cannot reach hospital because of floo immediately,Flood
need immediate assistance immediately,Gas Leak
school building collapsed save us,Building Collapse
fast save trapped people,Landslide
please! cyclone approaching,Storm
help people trapped save me,Building Collapse
warehouse caught frie immediately,Fire
people missing after landslide now,Landslide
lift trapped after collapsed,Building Collapse
help electric shock save me,Electrical Hazard
emergency gaas leak after cylinder burst,Gas Leak
firee after explosion,Fire
urgent boats needed immediately immediately,Flood
smke everywhere immediately,Fire
smkoe everywhere,Fire
please help! major accident,Road Accident
emergency thick smke coming out,Fire
someone help! landslide,Landslide
road is completely flooed,Flood
please gaas leakage detected fast,Gas Leak
please send patient sick team,Medical
emergency dog bite emergency please,Medical
heavy bleeding fast,Medical
building about to fall down,Building Collapse
need ambulans urgently,Medical
generator caught frie,Electrical Hazard
office building shaking save me,Earthquake
fast patient unable to speak,Medical
heavy bleeding after accident fast,Road Accident
please cannot stop the gas leak quickly,Gas Leak
pole may fall save me,Electrical Hazard
heavy rain and thunderwind storm,Storm
sir dam water released suddenly,Flood
heart patient collapsed quickly,Medical
please send emergency team,Gas Leak
emergency need rescue boat,Flood
quick our shop is burning now,Fire
dangerous gas smell,Gas Leak
heavy wind water flooded road,Flood
quick sparks everywhere,Electrical Hazard
roof is falling down now,Building Collapse
bro landslide near tunnel,Landslide
fast blood pressure very low,Medical
head-on collision,Road Accident
road completely blocked quickly,Road Accident
bro person trapped under vehicle quickly,Road Accident
electrical fire started,Electrical Hazard
madam rescue teams required,Landslide
quick earth is moving,Earthquake
help electric shock quickly,Electrical Hazard
help gaas regulator is leaking,Gas Leak
severe chest pain save me,Medical
lightning struck nearby quickly,Storm
everyone evacuated building now,Earthquake
continuous soil movement save me,Landslide
urgent rescue team required immediately,Road Accident
emergency switchboard caught fire fast,Electrical Hazard
save us! medical emergency,Medical
fast mountain disaster,Landslide
road full of damaged vehicles save me,Road Accident
wire touching the ground now,Electrical Hazard
need emergency shelter save me,Storm
water entered ground floor immediately,Flood
help our village is flooded,Flood
earth is moving quickly,Earthquake
bro dangerous electric sparks,Electrical Hazard
urgent high voltage wire down,Electrical Hazard
pls danger of another landslide,Landslide
firee reached second floor,Fire
water entered first floor save us,Flood
patient is bleeding heavily please,Medical
need emergency doctor please,Medical
river overflowed immediately,Flood
quick car fell into ditch,Road Accident
madam please send rescue teams,Earthquake
heavy rain with strong winds please,Storm
fast office building shaking,Earthquake
quick roof is falling down,Building Collapse
please please help! building collapsed,Building Collapse
quick need electricity department,Electrical Hazard
fast many people are injured,Earthquake
need first aid immediately,Medical
heavy bleeding,Medical
emergency bike skid on road now,Road Accident
please send emergency team fast,Gas Leak
bro cannot move the injured,Road Accident
bro multiple injured people,Medical
lorry accident save me,Road Accident
fast storm water entered house fast,Storm
bro burn injuries need treatment,Medical
please help! medical emergency emergency,Medical
urgent floor is vibrating,Earthquake
madam electrical fir started,Electrical Hazard
please office electrical emergency,Electrical Hazard
electric meter burning save us,Electrical Hazard
help us landslide now,Landslide
madam ambulance has not arrived,Medical
help fan shaking violently,Earthquake
people waiting for rescue save us,Flood
construction building building felld,Building Collapse
quick apartment building collapsedd,Building Collapse
bro power line snapped,Electrical Hazard
urgent diabetic patient unconscious save me,Medical
please gass detected in basement,Gas Leak
please people trapped under debris,Building Collapse
sir cannot stop the gaas leak,Gas Leak
please send rescue teams quickly,Storm
madam accident near traffic signal,Road Accident
bro bus accident,Road Accident
need help immediately! medical emergency,Medical
pls wire touching the ground,Electrical Hazard
the ground is shaking now,Earthquake
cylinder valve is leaking now,Gas Leak
aftershock happened save me,Earthquake
pedestrian injured save us,Road Accident
bro person is not breathing,Medical
help telephone poles building felld,Storm
cannot go outside because of flood,Flood
school building collapsedd,Building Collapse
hospital is completely flooded,Flood
severe allergic reaction save us,Medical
please fire in neighbour house save us,Fire
emergency sewer water mixed with floods fast,Flood
madam school building caught fie,Fire
fast everything is shaking,Earthquake
people trapped near live wire fast,Electrical Hazard
building cracking badly save us,Building Collapse
sir patient is bleeding heavily,Medical
please dust everywhere after collapse,Building Collapse
bro building collapsed after earthquake,Building Collapse
water coming inside house immediately,Flood
madam large rocks on road,Landslide
pls possible explosion due to gass,Gas Leak
dust everywhere after collapse save me,Building Collapse
madam thick smkoe coming out,Fire
building building felld after heavy rain quickly,Building Collapse
possible explosion due to gaas,Gas Leak
earth sliding down quickly,Landslide
emergency frie reached second floor,Fire
multiple injured people save me,Medical
help apartment building collapsed,Building Collapse
help storm destroyed our shop,Storm
pls emergency! strong gas smell,Gas Leak
cannot breth because of smoke,Fire
touching gate gives shock,Electrical Hazard
pls roof flew away,Storm
pls electrical short circuit caused fire,Fire
quick cannot breathe because of smoke save me,Fire
current passing through gate please,Electrical Hazard
fast the whole area is shaking,Earthquake
continuous rain causing floo now,Flood
sir hospital ward caught fire,Fire
office building shaking,Earthquake
stairs are damaged now,Earthquake
pls road blocked by landslide save us,Landslide
urgent emergency road accident,Road Accident
urgent door is shaking,Earthquake
house flooed during cyclone,Storm
thick smke coming out,Fire
emergency patient cannot walk please,Medical
electricity leaking,Electrical Hazard
save us! gaas leak in the kitchen fast,Gas Leak
please! road accident,Road Accident
pls people running outside,Earthquake
building about to fall down fast,Building Collapse
please electric short circuit,Electrical Hazard
fast diabetic patient unconscious,Medical
cyclone has reached our area immediately,Storm
please vehicle overturned,Road Accident
room is filled with smkoe,Fire
person received electric shock fast,Electrical Hazard
madam road disappeared under water,Flood
people feeling dizzy because of gas save us,Gas Leak
person swallowed poison immediately,Medical
possible stroke,Medical
fast! gas leak in the kitchen,Gas Leak
sir construction building collapsed,Building Collapse
sir cannot leave home because of heavy wind,Storm
railway station caught firee,Fire
tree blocking the road quickly,Storm
kitchen unsafe because of gas immediately,Gas Leak
help sewer water mixed with flod,Flood
fast gas leakage detected fast,Gas Leak
help ceiling is falling,Building Collapse
rain water entering house,Flood
power line snapped,Electrical Hazard
danger of another landslide,Landslide
bike accident near the junction fast,Road Accident
snake bite emergency save me,Medical
people trapped after earthquake save us,Earthquake
pls roads blocked by fallen trees now,Storm
our house is breaking apart save us,Building Collapse
school building building felld immediately,Building Collapse
smoke everywhere,Fire
communication lost after storm please,Storm
strong vibrations everywhere,Earthquake
urgent ceiling is falling,Building Collapse
roads blocked by fallen trees quickly,Storm
gass leak near warehouse save me,Gas Leak
furniture shaking save us,Earthquake
emergency! fire in my college,Fire
pls family trapped inside collapsedd house,Building Collapse
help electric shock now,Electrical Hazard
madam traffic stopped because of accident save me,Road Accident
building shaking badly save us,Earthquake
quick children inside during gas leak,Gas Leak
flammable gas leaking please,Gas Leak
quick cars floating in water,Flood
pls broken arm after accident,Medical
bro kitchen caught fie save me,Fire
old building collapsedd,Building Collapse
emergency road accident,Road Accident
children injured in accident fast,Road Accident
ac unit caught fir now,Fire
concrete fell from roof immediately,Building Collapse
residents trapped save us,Landslide
heavy rain floded our street now,Flood
