text,label
Our Deeds are the Reason of this  # earthquake May ALLAH Forgive us all,Disaster
Forest fire near La Ronge Sask .  Canada,Disaster
All residents asked to  ' shelter in place '  are being notified by officers .  No other evacuation or shelter in place orders are expected,Disaster
"13,000 people receive  # wildfires evacuation orders in California ",Disaster
Just got sent this photo from Ruby  # Alaska as smoke from  # wildfires pours into a school ,Disaster
 # Rocky Fire Update  =  >  California Hwy .  20 closed in both directions due to Lake County fire  -   # CAfire  # wildfires,Disaster
" # flood  # disaster Heavy rain causes flash flooding of streets in Manitou, Colorado Springs areas",Disaster
I am on top of the hill and I can see a fire in the woods . ,Disaster
There is an emergency evacuation happening now in the building across the street,Disaster
I am afraid that the tornado is coming to our area . ,Disaster
Three people died from the heat wave so far,Disaster
Haha South Tampa is getting flooded hah -  WAIT A SECOND I LIVE IN SOUTH TAMPA WHAT AM I GONNA DO WHAT AM I GONNA DO FVCK  # flooding,Disaster
 # raining  # flooding  # Florida  # TampaBay  # Tampa 18 or 19 days .  I have lost count ,Disaster
 # Flood in Bago Myanmar  # We arrived Bago,Disaster
Damage to school bus on 80 in multi car crash  # BREAKING ,Disaster
What is up man ? ,Non-Disaster
I love fruits,Non-Disaster
Summer is lovely,Non-Disaster
My car is so fast,Non-Disaster
What a goooooooaaaaaal ! ,Non-Disaster
this is ridiculous . ,Non-Disaster
London is cool  ;  ) ,Non-Disaster
Love skiing,Non-Disaster
What a wonderful day ! ,Non-Disaster
LOOOOOOL,Non-Disaster
No way . I cannot eat that shit,Non-Disaster
Was in NYC last week ! ,Non-Disaster
Love my girlfriend,Non-Disaster
Cooool  :  ) ,Non-Disaster
Do you like pasta ? ,Non-Disaster
The end ! ,Non-Disaster
 @ bbcmtd Wholesale Markets ablaze ,Disaster
We always try to bring the heavy .   # metal  # RT ,Non-Disaster
 # AFRICANBAZE :  Breaking news : Nigeria flag set ablaze in Aba .  ,Disaster
Crying out for more !  Set me ablaze,Non-Disaster
On plus side LOOK AT THE SKY LAST NIGHT IT WAS ABLAZE ,Non-Disaster
 @ PhDSquares  # mufc they have built so much hype around new acquisitions but I doubt they will set the EPL ablaze this season . ,Non-Disaster
INEC Office in Abia Set Ablaze  -  ,Disaster
Barbados  # Bridgetown JAMAICA  Two cars set ablaze :  SANTA CRUZ  Head of the St Elizabeth Police Superintende .   ,Disaster
Ablaze for you Lord  : D,Non-Disaster
Check these out :       # nsfw,Non-Disaster
"on the outside you are ablaze and alive
but you are dead inside",Non-Disaster
Had an awesome time visiting the CFC head office the ancop site and ablaze .  Thanks to Tita Vida for taking care of us  ? ,Non-Disaster
SOOOO PUMPED FOR ABLAZE  ?   @ southridgelife,Non-Disaster
I wanted to set Chicago ablaze with my preaching .  But not my hotel !  ,Non-Disaster
I gained 3 followers in the last week .  You ?  Know your stats and grow with ,Non-Disaster
How the West was burned :  Thousands of wildfires ablaze in California alone ,Disaster
Building the perfect tracklist to life leave the streets ablaze,Non-Disaster
First night with retainers in .  It is quite weird .  Better get used to it ;  I have to wear them every single night for the next year at least . ,Non-Disaster
Deputies :  Man shot before Brighton home set ablaze ,Disaster
"Man wife get six years jail for setting ablaze niece
",Disaster
SANTA CRUZ  Head of the St Elizabeth Police Superintendent Lanford Salmon has r  .   -   ,Non-Disaster
Police :  Arsonist Deliberately Set Black Church In North CarolinaAblaze ,Disaster
Noches El - Bestia  '  @ Alexis_Sanchez :  happy to see my teammates and training hard  ?  goodnight gunners .  ?   ' ,Non-Disaster
 # Kurds trampling on Turkmen flag later set it ablaze while others vandalized offices of Turkmen Front in  # Diyala ,Disaster
TRUCK ABLAZE  :  R21 .  VOORTREKKER AVE .  OUTSIDE OR TAMBO INTL .  CARGO SECTION .  ,Disaster
Set our hearts ablaze and every city was a gift And every skyline was like a kiss upon the lips  @  ,Non-Disaster
They sky was ablaze tonight in Los Angeles .  I am expecting IG and FB to be filled with sunset shots if I know my peeps ! ,Non-Disaster
How the West was burned :  Thousands of wildfires ablaze in  # California alone   # climate  # energy ,Disaster
Revel in yours wmv videos by means of mac farewell ablaze wmv en route to dvd :  GtxRWm,Non-Disaster
"Progressive greetings ! 

In about a month students would have set their pens ablaze in The Torch Publications '  .  ",Non-Disaster
Rene Ablaze  &  Jacinta  -  Secret 2k13  ( Fallen Skies Edit )   -  Mar 30 2013  ,Non-Disaster
 @ Navista7 Steve these fires out here are something else !  California is a tinderbox  -  and this clown was setting my  ' hood ablaze  @ News24680,Disaster
 # NowPlaying :  Rene Ablaze  &  Ian Buff  -  Magnitude    # EDM,Non-Disaster
 @ nxwestmidlands huge fire at Wholesale markets ablaze ,Disaster
 @ ablaze what time does your talk go until ?  I do not know if I can make it due to work . ,Non-Disaster
 ' I cannot have kids cuz I got in a bicycle accident  &  split my testicles .  it is impossible for me to have kids '  MICHAEL YOU ARE THE FATHER,Non-Disaster
Accident on I - 24 W  # NashvilleTraffic .  Traffic moving 8m slower than usual .  ,Disaster
Accident center lane blocked in  # SantaClara on US - 101 NB before Great America Pkwy  # BayArea  # Traffic ,Disaster
 Had a  # personalinjury accident this summer ?  Read our advice  &  see how a  # solicitor can help  # OtleyHour,Non-Disaster
 # stlouis  # caraccidentlawyer Speeding Among Top Causes of Teen Accidents   Car Accident tee,Non-Disaster
Reported motor vehicle accident in Curry on Herman Rd near Stephenson involving an overturned vehicle .  Please use .  ,Disaster
BigRigRadio Live Accident Awareness,Disaster
I - 77 Mile Marker 31 South Mooresville  Iredell Vehicle Accident Ramp Closed at 8 / 6 1 : 18 PM,Disaster
RT  @ SleepJunkies :  Sleeping pills double your risk of a car accident ,Non-Disaster
 ' By accident '  they knew what was gon happen ,Non-Disaster
Traffic accident N CABRILLO HWY / MAGELLAN AV MIR  ( 08 / 06 / 15 11 : 03 : 58 ) ,Disaster
I - 77 Mile Marker 31 to 40 South Mooresville  Iredell Vehicle Accident Congestion at 8 / 6 1 : 18 PM,Disaster
the pastor was not in the scene of the accident . who was the owner of the range rover  ? ,Disaster
"mom :   ' we did not get home as fast as we wished '  
me :   ' why is that ?  ' 
mom :   ' there was an accident and some truck spilt mayonnaise all over  ? ",Non-Disaster
I was in a horrible car accident this past Sunday .  I am finally able to get around .  Thank you GOD ? ,Disaster
Can wait to see how pissed Donnie is when I tell him I was in ANOTHER accident ? ,Non-Disaster
 # TruckCrash Overturns On  # FortWorth Interstate  Click here if you have been in a crash > ,Disaster
Accident in  # Ashville on US 23 SB before SR 752  # traffic ,Disaster
Carolina accident :  Motorcyclist Dies in I - 540 Crash With Car That Crossed Median :  A motorcycle rider traveling .  ,Disaster
FYI CAD : FYI :   ; ACCIDENT PROPERTY DAMAGE ; NHS ; 999 Piner RD / Horndale DR,Disaster
RT nAAYf :  First accident in years .  Turning onto Chandanee Magu from near MMA .  Taxi rammed into me while I was halfway turned .  Everyone conf,Disaster
Accident left lane blocked in  # Manchester on Rt 293 NB before Eddy Rd stop and go traffic back to NH - 3A delay of 4 mins  # traffic,Disaster
 ; ACCIDENT PROPERTY DAMAGE ;  Piner RD / Horndale DR,Disaster
 ?  it was an accident ,Non-Disaster
FYI CAD : FYI :   ; ACCIDENT PROPERTY DAMAGE ; WPD ; 1600 S 17TH ST,Disaster
2015 - 08 - 06 @ 2 : 09 PM :  TRAFFIC ACCIDENT NO INJURY at 2781 WILLIS FOREMAN RD ,Disaster
Aashiqui Actress Anu Aggarwal On Her Near - Fatal Accident ,Disaster
Suffield Alberta Accident ,Disaster
9 Mile backup on I - 77 South . accident blocking the Right 2 Lanes at Exit 31 Langtree Rd . consider NC 115 or NC 150 to NC 16 as alternate,Disaster
Has an accident changed your life ?  We will help you determine options that can financially support life care plans and on - going treatment . ,Non-Disaster
 # BREAKING :  there was a deadly motorcycle car accident that happened to  # Hagerstown today .  I will have more details at 5  @ Your4State .   # WHAG,Disaster
 @ flowri were you marinading it or was it an accident ? ,Non-Disaster
only had a car for not even a week and got in a fucking car accident  .  Mfs cannot fucking drive  . ,Disaster
 .  @ NorwayMFA  # Bahrain police had previously died in a road accident they were not killed by explosion ,Disaster
I still have not heard Church Leaders of Kenya coming forward to comment on the accident issue and disciplinary measures # ArrestPastorNganga,Non-Disaster
 @ afterShock_DeLo scuf ps live and the game .  cya,Non-Disaster
" ' The man who can drive himself further once the effort gets painful is the man who will win .  '  
Roger Bannister",Non-Disaster
320  [ IR ]  ICEMOON  [ AFTERSHOCK ]   |    |   @ dj icemoon  |   # Dubstep  # Trap Music  # DnB  # EDM  # Dance  # Ices ,Non-Disaster
 ' There is no victory at bargain basement prices .  '  Dwight David Eisenhower,Non-Disaster
 ' Nobody remembers who came in second .  '  Charles Schulz,Non-Disaster
 @ afterShock_DeLo im speaking from someone that is using a scuf on xb1 most of them people will end up getting on for ps also . ,Non-Disaster
 ' The harder the conflict the more glorious the triumph .  '  Thomas Paine,Non-Disaster
 # GrowingUpSpoiled going clay pigeon shooting and crying because of the  ' aftershock ' ,Non-Disaster
So i guess no one actually wants any free Aftershock TC . ,Non-Disaster
Aftershock was the most terrifying best roller coaster I have ever been on .   * DISCLAIMER *  I have been on very few . ,Non-Disaster
Aftershock ,Non-Disaster
 @ KJForDays I am seeing them and Issues at aftershock  ? ,Non-Disaster
 # WisdomWed BONUS  -  5 Minute Daily Habits that could really improve your life .  How many do you already do ?   # lifehacks ,Non-Disaster
Aftershock :  Protect Yourself and Profit in the Next Global Financial Meltdown by David Wiedemer http ,Non-Disaster
That moment when you get on a scary roller coaster and the guy behind you is just screaming bloody murder  ?   # silverwood  # aftershock,Non-Disaster
Aftershock ã¢  ( 2010 )  Fullã¢ Streaming  -  YouTube ,Non-Disaster
" >  >   $ 15 Aftershock  :  Protect Yourself and Profit in the Next Global Financial .   # book 
 @ esquireattire",Non-Disaster
Sometimes you face difficulties not because you are doing something wrong but because you are doing something right .   -  Joel Osteen,Non-Disaster
 ' The only thing that stands between you and your dream is the will to try and the belief that it is actually possible .  '   -  Joel Brown,Non-Disaster
Praise God that we have ministry that tells it like it is !   # now  # wdyouth  # biblestudy ,Non-Disaster
 ' Remembering that you are going to die is the best way I know to avoid the trap of thinking you have something to lose .  '   Steve Jobs,Non-Disaster
Tried orange aftershock today .  My life will never be the same,Non-Disaster
 @ OnFireAnders I love you bb,Non-Disaster
Aftershock back to school kick off was great .  I want to thank everyone for making it possible .  What a great night . ,Non-Disaster
People who say it cannot be done should not interrupt those who are doing it .   George Bernard Shaw,Non-Disaster
 ' The first man gets the oyster the second man gets the shell .  '  Andrew Carnegie,Non-Disaster
Anyone need a P / U tonight ?  I play Hybrid Slayer ps4 EU .  HMU  @ Cod8sandscrims  @ EmpirikGaming  @ CoDAWScrims  @ 4TP_KOTC  @ 4TPFA  @ afterShock_Org,Non-Disaster
Experts in France begin examining airplane debris found on Reunion Island :  French air accident experts o .    # news,Disaster
Strict liability in the context of an airplane accident :  Pilot error is a common component of most aviation cr .  ,Disaster
 @ crobscarla your lifetime odds of dying from an airplane accident are 1 in 8015 . ,Non-Disaster
Experts in France begin examining airplane debris found on Reunion Island :  French air accident experts on Wedn .  ,Disaster
 @ AlexAllTimeLow awwww they are on an airplane accident and they are gonna die what a cuties  ?  good job ! ,Disaster
family members of osama bin laden have died in an airplane accident how ironic  ?  mhmmm gov shit i suspect,Disaster
Man Goes into Airplane Engine Accident :   via  @ YouTube,Disaster
Horrible Accident  Man Died In Wings of Airplane  ( 29 - 07 - 2015 )  ,Disaster
A Cessna airplane accident in Ocampo Coahuila Mexico on July 29 2015 killed four men including a State of Coahuila government official . ,Disaster
 # Horrible  # Accident Man Died In Wings Airplane  ( 29 - 07 - 2015 )   # WatchTheVideo ,Disaster
Experts in France begin examining airplane debris found on Reunion Island  French air accident experts on Wednesday,Disaster
Experts in France begin examining airplane debris found on Reunion Island :  French air accident experts on Wednesday began examining t . ,Disaster
 # KCA  # VoteJKT48ID mbataweel :   # RIP  # BINLADEN Family members who killed in an airplane ' s accident,Disaster
I almost sent my coworker nudes on accident thank god for airplane mode,Non-Disaster
 @ mickinyman  @ TheAtlantic That or they might be killed in an airplane accident in the night a car wreck !  Politics at it is best . ,Non-Disaster
Experts in France begin examining airplane debris found on Reunion Island :  French air accident experts on .    # MLB,Disaster
"This is unbelievably insane . 
 # man  # airport  # airplane  # aircraft  # aeroplane  # runway  # accident  # freaky ",Disaster
Horrible Accident  |   Man Died In Wings of Airplane ( 29 - 07 - 2015 )  ,Disaster
Horrible Accident Man Died In Wings of Airplane  ( 29 - 07 - 2015 )  ,Disaster
Usama bin Ladins family dead in airplane crash .  Naturally no accident . ,Disaster
Pilot Dies In Plane Crash At Car Festival  via  @ YouTube  # Crash  # Aircraft  # Airplane  # Pilot  # Death  # Accident  # CarFest,Disaster
Strict liability in the context of an airplane accident  -  ,Disaster
DTN Brazil :  Experts in France begin examining airplane debris found on Reunion Island :  French air accident exp .  ,Disaster
Horrible Accident Man Died In Wings Of Airplane 29 - 07 - 2015 .  WTF You Cant Believe Your EYES  .  ,Disaster
" +  Nicole Fletcher one of a victim of crashed airplane few times ago .  

The accident left a little bit trauma for her .  Although she is 

 + ",Disaster
OMG Horrible Accident Man Died in Wings of Airplane .  ,Disaster
" # OMG !  I do not believe this .   # RIP bro
 # AirPlane  # Accident  # JetEngine  # TurboJet  # Boing  # G90 ",Disaster
I had a airplane accident . ,Disaster
My phone looks like it was in a car ship airplane accident .  Terrible,Non-Disaster
Statistically I am at more of risk of getting killed by a cop than I am of dying in an airplane accident . ,Non-Disaster
airplane crashes on house in Colombia 12 people die in accident ,Disaster
The shooting or the airplane accident  ,Disaster
Could a drone cause an airplane accident ?  Pilots worried about use of drones esp .  in close vicinity of airports   # ,Disaster
Early wake up call from my sister begging me to come over  &  ride withher in the ambulance to the hospital  # RODKiai,Disaster
 Twelve feared killed in Pakistani air ambulance helicopter crash ,Disaster
Two air ambulances on scene of serious crash between two cars and lorry in  .   -     |   # EMSNe,Disaster
Twelve feared killed in Pakistani air ambulance helicopter crash  -  Reuters   # yugvani,Disaster
Leading emergency services boss welcomes new ambulance charity ,Non-Disaster
Anyone travelling Aberystwyth - Shrewsbury right now there is been an incident .  Services at a halt just outside Shrews .  Ambulance on scene . ,Disaster
Twelve feared killed in Pakistani air ambulance helicopter crash ,Disaster
AMBULANCE SPRINTER AUTOMATIC FRONTLINE VEHICLE CHOICE OF 14 LEZ COMPLIANT  |  eBay ,Non-Disaster
New Nanotech Device Will Be Able To Target And Destroy Blood Clots ,Non-Disaster
 @ 20skyhawkmm20  @ traplord_29  @ FREDOSANTANA300  @ LilReese300 it was hella crazy 3 fights an ambulance and a couple mosh pits  ? ,Disaster
If I get run over by an ambulance am I lucky ?   # justsaying  # randomthought,Non-Disaster
 # news Twelve feared killed in Pakistani air ambulance helicopter crash   # until now  # DNA,Disaster
 @ TanSlash waiting for an ambulance,Non-Disaster
 @ fouseyTUBE you ok ?  Need a ambulance .  Hahahah that was good !  ,Non-Disaster
Pakistan air ambulance helicopter crash kills nine ,Disaster
 @ TheNissonian  @ RejectdCartoons nissan are you ok do you need medical assistance i can call an ambulance if you need me to,Non-Disaster
EMS1 :  NY EMTs petition for  $ 17 per hour minimum wage   # ems  # paramedics  # ambulance,Non-Disaster
 @ Kiwi_Karyn Check out what is in my parking lot !  He said that until last year it was an ambulance in St Johns .  ,Non-Disaster
when you do not know which way an ambulance is coming from  <  < ,Disaster
 # reuters Twelve feared killed in Pakistani air ambulance helicopter crash ,Disaster
Why is there an ambulance right outside my work,Non-Disaster
 @ LeoBlakeCarter :  This dog thinks he is an ambulance  ?   @ natasha_rideout,Non-Disaster
HAPPENING NOW  -  HATZOLAH EMS AMBULANCE RESPONDING WITH DUAL SIRENS AND ,Non-Disaster
Twelve feared killed in Pakistani air ambulance helicopter crash   # worldNews,Disaster
Twelve feared killed in Pakistani air ambulance helicopter crash   # worldnews,Disaster
What is the police or ambulance number in Lesotho ?  Any body know ? ,Non-Disaster
 @ medic914  @ AACE_org I am surprised we still cannot standardised the clinical practice across the 11 NHS ambulance trust . ,Non-Disaster
People who try to j - walk while an ambulance is passing .  I hate you . ,Non-Disaster
The episode where Trunks annihilated Freiza is the cleanest shit ever .  He showed that nigga no mercy . ,Non-Disaster
THEY SHALL BE ANNIHILATED AND ALL OF THEIR PETEBESTS DESSICATED AND LAID BARE .  THEN YOU SHALL KNEEL BEFORE ME . ,Non-Disaster
Uribe just annihilated that baseball .   # Mets,Non-Disaster
 @ marksmaponyane Hey ! Sundowns were annihilated in their previous meeting with Celtic . Indeed its an improvement . ,Non-Disaster
 @ Volfan326  @ TNeazzy Mizzou has annihilated florida the past 2 seasons even ended muschamp ' s career just cannot compete with Bama,Non-Disaster
Annihilated Abs  .   ?  ,Disaster
Be annihilated for status education mba on behalf of a on easy street careen :  eOvm ,Non-Disaster
 * to Luka *  They should all die !  All of them !  Everything annihilated !   -  Alois Trancy,Non-Disaster
 @ ACarewornHeart Have a good un fella sorry I will not be there to get annihilated with you  :  ( ,Non-Disaster
Cop pulls drunk driver to safety SECONDS before his car is hit by train .    via  @ Viral Spell,Disaster
You must be annihilated ! ,Non-Disaster
BOOM !  Your country was just entirely annihilated by a h  Britain ,Non-Disaster
 @ AmirKingKhan you would have been annihilated so you might as well thank  @ FloydMayweather,Non-Disaster
One thing for sure - God has promised Israel will not be annihilated .  But . the horror of Iran withnukes .  ,Non-Disaster
 @ violentfeminazi I guess that is ok for Armenians since we have spent most of our history getting annihilated,Disaster
70 years since we annihilated 100000 people instantly and became aware that we have the ability to annihilate the whole of humanity,Disaster
day 1 of tryouts went good minus the fact I stopped quickly to get a short ball and Annihilated my toenail injury even more,Non-Disaster
"During the 1960s the oryx a symbol of the Arabian Peninsula were annihilated by hunters .  
 ",Disaster
 ( To Luka )   ' They should all die !  All of them !  Everything annihilated !  '   -  Alois Trancy  - ,Non-Disaster
Ready to get annihilated for the BUCS game,Disaster
 @ PhilipDuncan  @ breakfastone People  ' annihilated by last nights weather '  .  Really Philip thought you would have forecast that . ,Disaster
Domain other sophistication be annihilated closely up - to - the - minute feat :  ZrNf,Non-Disaster
 @ stormbeard  @ steel_lord I seen Judas Priest in 2005 when Rob came back ;  Scorpions as support .  Fucking annihilated the place .  Astonishing gig,Non-Disaster
Officially skipping out on  # Fantastic Four /  # Fant4stic / whatever the hashtag is .  It is getting ANNIHILATED in reviews .  Bummer . ,Non-Disaster
 @ TomcatArts thus explaining why you were all annihilated .  But the few or in this case you the only survivor evolved and became godlike,Disaster
just completely annihilated cech with paul keegan what a time to be alive,Non-Disaster
 @ TomcatArts  ' who then were annihilated by the legion itself .  The survivors of the imperfect hybrid project quickly formed a new secret cell,Non-Disaster
 @ SirBrandonKnt exactly .  That is why the lesnar / cena match from summerslam last year was so great because Brock annihilated a guy who is,Non-Disaster
"ANNIHILATED IN DAMASCUS :  SYRIAN ARMY GRINDS ALLOOSH AND HIS GANG INTO THE MANURE PILE
",Disaster
 @ thatdes ok i was not completely forthright i may have also been in a food coma bc of the kebab / tahini / pickles i also annihilated withfries,Non-Disaster
A fun filled happy - hour at Simmons bar in Camden with this handsome one  ?   ( I got annihilated apart from this game )  ,Non-Disaster
Juanny Beisbol Sr .  Annihilated that ball .   # LGM,Non-Disaster
 @ rvfriedmann Hell is just a fraction of his belief of total annihilation destruction of USA  @ LodiSilverado  @ ritzy_jewels,Disaster
 @ POTUS Maybe we should call Israel and tell them we are sorry are Pres has sold them down the river to annihilation . ,Non-Disaster
Evildead  -  Annihilation of Civilization ,Non-Disaster
U . S National Park Services Tonto National Forest :  Stop the Annihilation of the Salt River Wild Horse .   via  @ Change,Non-Disaster
annihilating quarterstaff of annihilation,Disaster
World Annihilation vs Self Transformation  Aliens Attack to Exterminate Humans ,Non-Disaster
 : StarMade :   : Stardate 3 :   : Planetary Annihilation :   via  @ YouTube,Disaster
 @ KimKardashian can you please sign and share this petition to save wild horses in Arizona .    ? ,Non-Disaster
 @ TheEllenShow Please check into Salt River horses help stop the annihilation about to happen without 54000 more signatures . change  . org Thx,Non-Disaster
Are souls punished withannihilation ?   ,Non-Disaster
 @ CalFreedomMom  @ steph93065 not to mention a major contributor to the annihilation of Israel,Disaster
 @ willienelson We need help !  Horses will die ! Please RT  &  sign petition ! Take a stand  &  be a voice for them !   # gilbert23 ,Disaster
I reject the laws of the misguided false prophets imprison nations fueling self annihilation,Non-Disaster
"The annihilation of Jeb Christie  &  Kasich is less than 24 hours away . 
Please God allow me at least one more full day . ",Non-Disaster
 @ Barbi_Twins We need help - horses will die !  Please RT  &  sign petition !  Take a stand  &  be a voice for them !   # gilbert23 ,Non-Disaster
 @ Whippenz We need help !  Horses will die ! Please RT  &  sign petition ! Take a stand  &  be a voice for them !   # gilbert23 ,Non-Disaster
Hey  # AZ :  Sign this petition to save the  # Wild Horses  @   # TantoNationalForest !  A  @ RollingStones sing - a - long is in order :  ,Non-Disaster
Stop the Annihilation of the Salt River Wild Horses !   via  @ Change,Disaster
 @ SonofBaldwin and he is the current Nova in the bookslast I checked . he was tied into the books in 2011 after Rider died during Annihilation,Non-Disaster
Please sign  &  RT to save  # SaltRiverWild Horses  ,Non-Disaster
THANKS !   @ COUNT DANTE .    :  )   DO JOIN US BY FOLLOWING THE  @ ANNIHILATION ZONE .   JOHNNY . ,Non-Disaster
I am gonna fight Taylor as soon as I get there . ,Non-Disaster
ohH NO FUKURODANI DIDN ' T SURVIVE THE APOCALYPSE BOKUTO FEELS HORRIBLE  my poor boy my ppor child,Disaster
will there be another jocelyn birthday apocalypse,Non-Disaster
RT :  janenelson097 :  RT StephenSCIFI :  Adaptation Watch :  Charlie Human ' s APOCALYPSE NOW NOW Optioned for Film  # sciencefiction ,Non-Disaster
Apocalypse please,Non-Disaster
Another hour !  It is August 05 2015 at 08 : 02 PM Here is Red Rover Zombie Apocalypse 2014 !    # internetradio  # collegeradi,Disaster
 @ HoneyBunzGem  @ primalkitchen I feel like me doing a pull - up is one of the stages of the Apocalypse . ,Non-Disaster
She is kinda hot played on the radio today .  What is next ?  Disease to all ?  The apocalypse has started everyone .  Be careful . ,Non-Disaster
But if it is the apocalypse lol gf m8,Non-Disaster
I know it is a question of interpretation but this is a sign of the apocalypse .   I called it ,Disaster
Julie  +  R is the apocalypse version of Romeo  +  Juliet  # warmbodies,Non-Disaster
the apocalypse is upon us,Non-Disaster
RT :  fittscott :  Minecraft -  NIGHT LUCKY BLOCK MOD  ( BOB APOCALYPSE WITHER 2 . 0  &  MORE !  )  Mod Showcase Popular MMOs :   vi,Non-Disaster
And so it begins .  day one of the snow apocalypse,Disaster
"RT :  Our_Mother_Mary :  Short Reading

Apocalypse 21 : 1023 

In the spirit the angel took me to the top of an enormous high mountain and .  ",Non-Disaster
candylit :  Imagine sarumi in a zombie apocalypse Fighting back to back Heart to heart conversations over the .  ,Non-Disaster
RT :  ZONEWolf123 :  I liked a YouTube video  Minecraft :  NIGHT LUCKY BLOCK MOD  ( BOB APOCALYPSE WITHER 2 . 0  &  MORE !  )  Mo,Non-Disaster
And that is because on my planet it is the lone audience of the apocalypse ! ,Non-Disaster
Dad bought a DVD that looks like a science doc on the front but I read the back and it is actually about the impending biblical apocalypse,Disaster
 @ alexandrapullin It is indeed .  If the apocalypse comes this week I know where I will be  :  ) ,Non-Disaster
GO LOOK AT GRIZZLY PEAK RIGHT NOW .  It looks like the beginning of an dystopian apocalypse movie,Non-Disaster
My niece just asked me  ' would you be scared if there was an apocalypse here ?  '   ? ,Non-Disaster
There is a Storm over Cairo in the latest  ' X - Men Apocalypse '  set photo  via  @ YahooTV,Disaster
Minecraft -  NIGHT LUCKY BLOCK MOD  ( BOB APOCALYPSE WITHER 2 . 0  &  MORE !  )  Mod Showcase Popular MMOs :   via  @ YouTube,Non-Disaster
Shot Through The Heart XV :  You are going to totally give love a bad name with this heart pierc  ,Non-Disaster
RT :  Geek_Apocalypse :  4pm GMT  : Hesse plays dark souls 2 day 9 :     # etcPB,Non-Disaster
I know where to go when the zombies take over !  ,Non-Disaster
The latest from  @ BryanSinger reveals  # Storm is a queen in  # Apocalypse  @ RuPaul  @ AlexShipppp ,Disaster
Shadow boxing the apocalypse,Disaster
"Short Reading

Apocalypse 21 : 1023 

In the spirit the angel took me to the top of an enormous high mountain and .  ",Disaster
Enjoyed live - action Attack on Titan but every time I see posters I am reminded how freshly clean and coiffed everyone is in the apocalypse . ,Non-Disaster
I liked a  @ YouTube video  Minecraft :  NIGHT LUCKY BLOCK MOD  ( BOB APOCALYPSE WITHER 2 . 0  &  MORE !  )  Mod Showcase,Non-Disaster
 # PBBan  ( Temporary : 300 )  avYsss  @  ' armageddon  |  DO NOT KILL  |  FLAGS ONLY  |  Fast XP '  for Reason,Non-Disaster
 # PBBan  ( Temporary : 300 )  Russaky89  @  ' armageddon  |  DO NOT KILL  |  FLAGS ONLY  |  Fast XP '  for Reason,Non-Disaster
 ( OFFICIAL VID )   # DoubleCups  >  >    >  >   @ TrubGME Prod  @ Bonnie Wright  >  >   # ARMAGEDDON,Non-Disaster
ouvindo Peace Love  &  Armageddon,Non-Disaster
Best movie you have ever seen ?   -  Armageddon  ,Non-Disaster
Bed time .  do not wake me up unless revolution or Armageddon start . ,Non-Disaster
Red Faction :  Armageddon   ( Microsoft Xbox 360 2011 )   -  Full read by eBay  ,Non-Disaster
 @ KatieKatCubs you already know how this shit goes .  World Series or Armageddon . ,Non-Disaster
RT  @ Ophiuchus2613 :   # Love  # TrueLove  # romance lith   # Voodoo  # seduction  # Astrology  # RTRRT  # LOTZ 9 - 11  # apocalypse  # Armageddon  # 1008pla,Non-Disaster
" /  / im gonna beat armageddon as Hsu Hao  ? 
just got a flawless on my first try",Non-Disaster
 @ ENews Ben Affleck . I know there is a wife / kids and other girls but I cannot help it .  I have loved him since Armageddon  # eonlinechat,Non-Disaster
 ' If I would have had a long coat to hand I would have worn it .  The certainty of armageddon bears a sense of occasion .  ' ,Non-Disaster
YOUR PHONE IS SPYING ON YOU !  Hidden Back Door NSA Data Mining Software  |  THE FINANCIAL ARMAGEDDON BLOG ,Non-Disaster
 # PBBan  ( Temporary : 300 )  hyider_ghost2  @  ' armageddon  |  DO NOT KILL  |  FLAGS ONLY  |  Fast XP '  for Reason,Disaster
RT  @ RTRRTcoach :   # Love  # TrueLove  # romance lith   # Voodoo  # seduction  # Astrology  # RTRRT  # LOTZ 9 - 11  # apocalypse  # Armageddon  # 1008planet,Non-Disaster
 # PBBan  ( Temporary : 300 )  fighterdena  @  ' armageddon  |  DO NOT KILL  |  FLAGS ONLY  |  Fast XP '  for Reason,Non-Disaster
Photo :  Sketch I did based on the A Taste of Armageddon episode of  # startrek  # tos ,Non-Disaster
Armageddon ,Disaster
" @ AberdeenFC  @ AberdeenFanPage 

Good luck to the  ?  tomorrow night 

Get some coefficient points plz 
 @ Armageddon ? ",Non-Disaster
 @ paddytomlinson1 ARMAGEDDON,Non-Disaster
 @ Rohnert Park Police Department You are another one for the history books !   ( Thank the Justice Department !  )  And by the way I have not paid income tax in 20yrs . ,Non-Disaster
"Vladimir Putin Issues Major Warning But Is It Too Late To Escape Armageddon ? 
",Disaster
God ' s Kingdom  ( Heavenly Gov ' t )  will rule over all people on the earth after Armageddon .     ,Non-Disaster
L B  # Entertainment lot of 8  # BruceWillis MOVIES  # DVD DIE HARD 1 2 12 MONKEYS ARMAGEDDON SIXTH  # eBay  # Auction ,Non-Disaster
Lets talk some more about your goof guild Saunders .  Come right up here on stage .  ,Non-Disaster
 @ Karnythia my niece is gaining the ability to stand .  I am getting prepared for toddler apocalypse Armageddon,Non-Disaster
Check out  # PREPPERS  # DOOMSDAY MUST HAVE LIBRARY COLLECTION ON CD  # shtf  # preppertalk  # survival  # 2A  # prepper  via  @ eBay,Non-Disaster
 @ Erker Again ?  Eep !  Thought of you yesterday when I saw that hella scary hail .   # armageddon ? ,Disaster
So the Ahamedis think the Messiah had already come 125 years ago ?  Where is Armageddon ?  Where is the Dajaal ?  Where is Gog  &  Magog ?  ! ,Non-Disaster
Sadly How Windows 10 Reveals Microsoft ' s Ethics Armageddon ,Non-Disaster
"Armageddon averted by El Patron
 # Ultima Lucha",Non-Disaster
 @ samihonkonen If you have the time  ( 23 hours  ?  )  the latest series about WW1 Blueprint for Armageddon is extremely impressive . ,Non-Disaster
European Fitba till Christmas  ARMAGEDDON,Non-Disaster
 # Christians United for  # Israel  (  # CUFI )  :  Jews should convert soon or die by armageddon   # US ,Non-Disaster
 ( OFFICIAL VID )   >   # DoubleCups  >  >    >  >   @ TrubGME Prod  @ Bonnie Wright  >  >   # ARMAGEDDON                  . ,Non-Disaster
Tomorrow is the day we start armageddon  # preseasonworkouts  ? ,Non-Disaster
Lee does comedy :   @ LeeJasper :  Working class Tories prepare for your Armageddon .   # InterestRateRise,Non-Disaster
9 Charts Prove Financial Crisis Part 2 Has BEGUN !  :  The Financial Armageddon Economic Collapse Blog tracks tren .  ,Non-Disaster
Paul Craig Roberts  Vladimir Putin Issues Major Warning But Is It Too Late To Escape A   # brics  # roberts  # russia,Disaster
 @ Rohnert Park Police Department You are on stage now !  Right under the lights !  is not it funny ?  !  Where do you get the goofballs with which you staff your PD ? ,Non-Disaster
 * OFFICIAL VID *   # TheReal  >  >  >    >  >  >   @ TrubGME  >  >  >   # ARMAGEDDON Comin Soon ! ,Non-Disaster
"Well done Celtic Fingers crossed for Aberdeen tomorrow night !  
Armageddon eh .   ? ",Non-Disaster
Beyonce Is my pick for  Fan Army  # Beyonce hive  77,Non-Disaster
One Direction Is my pick for  Fan Army  # Directioners  x1402,Non-Disaster
5 Seconds of Summer Is my pick for  Fan Army  # 5SOSFAM ,Non-Disaster
22 . Beyonce Is my pick for  Fan Army  # Beyonce hive ,Non-Disaster
17 . Beyonce Is my pick for  Fan Army  # Beyonce hive ,Non-Disaster
One Direction Is my pick for  Fan Army  # Directioners  x1411,Non-Disaster
Seeing that army of whitewalkers was the very first thing that has slightly intrigued me on GoT so far,Non-Disaster
"Build your own kingdom and lead your army to victory !  https :  /  / youtu . 

Start g this friend code :  LZKTJNOX ",Non-Disaster
Salvation Army hosts rally to reconnect fathers with children :  The Salvation Army is hosting a back to school rally ,Disaster
Vote for  # Directioners vs  # Queens in the 5th round of the  @ Billboard  # FanArmyFaceOff ,Non-Disaster
But if you build an army of 100 dogs and their leader is a lion all dogs will fight like a lion . ,Disaster
 ' Show Me a Hero '  :  TV Review  ,Non-Disaster
One Direction Is my pick for  Fan Army  # Directioners  x1392,Disaster
INFANTRY Mens Lume Dial Army Analog Quartz Wrist Watch Sport Blue Nylon Fabric   -  Full rea  ,Non-Disaster
One Direction Is my pick for  Fan Army  # Directioners  x1441,Non-Disaster
VICTORINOX SWISS ARMY DATE WOMEN ' S RUBBER MOP WATCH 241487  ,Disaster
" .  :   .  :   .  :   .  :   .  :   .  :   .  :   .  :   .  :   .  :   .  :   .  :   .  :   .  :   .  :   .  :   .  :   .  :   .  :   .  :   .  :  RT DrAyesha4 :   # IndiaKoMunTorJawabDo

Indian Army ki ",Non-Disaster
5 Seconds of Summer Is my pick for  Fan Army  # 5SOSFAM   ÌÑ1,Non-Disaster
Beyonce Is my pick for  Fan Army  # Beyonce hive  78,Non-Disaster
One Direction Is my pick for  Fan Army  # Directioners  x1386,Non-Disaster
"You da One 

 # MTVSummerStar  # VideoVeranoMTV   # MTV Hottest Britney Spears Lana Del Rey",Non-Disaster
One Direction Is my pick for  Fan Army  # Directioners ,Non-Disaster
Stony Jackson is America ' s last hope as he leads an army of felons thus and army rejects against the army o Satan  -  ,Non-Disaster
WWI WWII JAPANESE ARMY NAVY MILITARY JAPAN LEATHER WATCH WAR MIDO WW1 2  -  Full read by eBay  ,Non-Disaster
Beyonce Is my pick for  Fan Army  # Beyonce hive  72,Non-Disaster
7 . Beyonce Is my pick for  Fan Army  # Beyonce hive ,Non-Disaster
Beyonce Is my pick for  Fan Army  # Beyonce hive  66,Non-Disaster
6 . Beyonce Is my pick for  Fan Army  # Beyonce hive ,Non-Disaster
POTUS appoints Brig .  Gen .  Richard G .  Kaiser as member of the Mississippi River Commission .  Learn more about the MRC :  ,Non-Disaster
 @ AP what a violent country get the army involved to help control the killings and bring back peace to the poor people . ,Disaster
One Direction Is my pick for  Fan Army  # Directioners  x1434,Non-Disaster
Two Jewish Terrorists Charged In Historic - Church Arson  |  The Ugly Truth  ,Non-Disaster
Spokane authorities say they are struggling to solve arson cases like today ' s on Hamilton .   ,Disaster
Thousands attend a rally organized by Peace Now protesting the arson attack that took the life of an ,Disaster
Add Familia to the arson squad . ,Non-Disaster
Another fake hate crime Lesbians burn their own house down .  What else Is new  : ,Disaster
Los Angeles Times :  Arson suspect linked to 30 fires caught in Northern  .   -    # News In Tweets ,Disaster
Mourning notices for stabbing arson victims stir politics of grief in Israel ,Disaster
The Sound of Arson,Non-Disaster
Owner of Chicago - Area Gay Bar Admits to Arson Scheme   # LGBT  |  ,Non-Disaster
Wait What ?   ,Non-Disaster
Arson suspect linked to 30 fires caught in Northern California ,Disaster
Trial Date Set for Man Charged with Arson Burglary ,Disaster
"After death of Palestinian toddler in arson
attack Israel cracks down on Jewish",Disaster
Palestinian Teen Killed Amid Protests Against Arson Attack ,Disaster
 # Kisii Police in Kisii hunt for students over failed arson plot :  Police in Kisii hunt for students .    # CountyNews,Disaster
Mariah getting thick in the shoulders poor girl . ,Disaster
Mourning notices for stabbing arson victims stir politics of grief in Israel :  Posters for Shira Banki and A .  ,Non-Disaster
RelaxInPR :  miprv :  RT latimes :  Arson suspect linked to 30 fires caught in Northern California ,Disaster
Jewish leaders prayed at the hospital where a Palestinian family is being treated after arson  via  @ HuffPostRelig,Disaster
Owner of Chicago - Area Gay Bar Admits to Arson Scheme  via  @ The Advocate Magazine  # LGBT,Non-Disaster
 @ sayn_ae angel or arson,Non-Disaster
Owner of Chicago - Area Gay Bar Admits to Arson Scheme  via  @ The Advocate Magazine  # LGBT  |  ,Non-Disaster
Owner of Chicago - Area Gay Bar Admits to Arson Scheme   # LGBT,Disaster
Arson suspect linked to 30 fires caught in Northern California   ( via  @ latimes ) ,Disaster
Tennessee lesbian couple faked hate crime and destroyed own home with arson   # Lesbian,Disaster
Arson suspect linked to 30 fires caught in Northern California  -  Los Angeles Times ,Disaster
 @ _301DC  @ Cloudy_goldrush i hate white people mo,Disaster
 # NOWPLAYING Arsonist MC  -   So Impressed  -    @ ARSONISTMUSIC ,Non-Disaster
Alleged East Bay serial arsonist arrested ,Disaster
 @ Safyuan just a minor citation for possesion of a decriminalized substance im not facing any time,Non-Disaster
Suspected serial arsonist arrested in Calif .  ,Disaster
 @ local_arsonist  @ diamorfiend the legal system NEVER forgets,Non-Disaster
 @ Casper_rmg u on dick,Non-Disaster
Bloor / Ossington arsonist also burned a mattress on Northumberland St  # cbcto ,Non-Disaster
 ' wHeRE ' s mY aRsOnISt aT ?  ' ,Non-Disaster
If you do not have anything nice to say you can come sit with me . ,Non-Disaster
 # Vegetarian  # Vegan Video shows arsonist torching popular BK restaurant Strictly Vegetarian .    # GoVegan  # UniteBlue,Non-Disaster
 # Arsonist arrested for setting many fires .  WATCH tonights other  # headlines :   .   # Nightbeat  @ VeronicaDLCruz  # 2MinuteMix,Disaster
Video Captures Man Removing American Flag From Long Beach CA Home Burning It ;  Arsonist Sought  ,Non-Disaster
 @ 58hif my trick is to think about nasty things,Non-Disaster
 # Spotlight Take Me To Paradise by Arsonist MC  # WNIAGospel   @ arsonistmusic ,Non-Disaster
who makes these ?  ,Non-Disaster
on town of salem i just melted ice cube bc im the arsonist  : D,Non-Disaster
Arsonists being blamed for a blaze at a plastics recycling business in Adelaide  |   @ pcaldicott7 reports .   # 7NewsAdl ,Non-Disaster
i be on that hotboy shit,Non-Disaster
Zodiac Girl feat Trey Dupree  ( Produced By Sparkz Beatz )   |  Chuck Da Arsonist ,Non-Disaster
 @ local_arsonist LMFAO,Non-Disaster
Alleged East Bay serial arsonist arrested  # SanFrancisco  -  ,Disaster
 @ _Doofus_  @ diamorfiend im jokin still cant be on moves :  / ,Non-Disaster
 @ local_arsonist I guess u can say that it is just some shit I was thinking about,Non-Disaster
Arsonist Sets NYC Vegetarian Restaurant on Fire :  Police  # NewYork  -  ,Disaster
I liked a  @ YouTube video from  @ slimebeast  Town of Salem  |  How to Win as The Arsonist,Non-Disaster
 @ Casper_rmg  @ BestComedyVine whats cracking cuz,Non-Disaster
smoke good fuck eat drink drive nice car wear all green mink,Non-Disaster
kill i got court the day after earl,Non-Disaster
 @ local_arsonist laughing my ass off but real live you should go,Non-Disaster
Owner of Chicago - Area Gay Bar Admits to Arson Scheme :  Frank Elliott pleaded guilty to hiring an arsonist to to .  ,Non-Disaster
Trusting Iran to stop terrorism is like inviting an arsonist to join the fire brigade  -  Telegraph ,Non-Disaster
Big Top Burning The True Story Of An Arsonist A Missing Girl   :    . ,Disaster
Stay vigilent .  Civil liberties are under constant attack .   # nativehuman  # myreligion  ,Disaster
Credit to  @ pfannebeckers for inspiring me to rediscover this fantabulous  # tbt ,Non-Disaster
  Nashville Theater Attack :  Will Gun Grabbers Now Demand Hatchet Control ? ,Disaster
"BREAKING :  Terror Attack On
Police Post  # Udhampur",Disaster
Demi stans really think Heart Attack sold 5 / 6 million copies  ? ,Non-Disaster
it scares me that there is new versions of nuclear attack warnings like just knowing that governments still prepare for them,Disaster
ISIL claims suicide bombing at Saudi mosque that killed at least 15  ,Disaster
 @ DatTomm the funniest part about that twitter is the feminists that try to attack it 4Head,Non-Disaster
Horrific attack on wife by muslim in Italy  LiveLeak  # News,Disaster
93 blasts accused Yeda Yakub dies in Karachi of heart attack   # Mumbai,Disaster
 @ etribune  US Drone attack kills 4 - suspected militants in North Waziristan  @ AceBreakingNews ,Disaster
Suspect in latest theater attack had psychological issues ,Disaster
Militants attack police post in Udhampur ;  2 SPOs injured  |  LiveMint   |    # AllTheNews,Disaster
BREAKING :  Obama Officials GAVE Muslim Terrorist the Weapon Used in Texas Attack ,Disaster
Delhi Government to Provide Free Treatment to Acid Attack Victims in Private Hospitals ,Disaster
New post from  @ darkreading  New SMB Relay Attack Steals User Credentials Over Internet,Disaster
Israeli forces raid home of alleged car attack suspect   # palestine,Disaster
Just had a heart attack because I thought my goat was dead .   ?  do not worry Rocket is okay .   ? ,Non-Disaster
I am not gonna lie I am kinda ready to attack my Senior year  ? ,Non-Disaster
" ' Left hand side of a diamond is a graveyard shift have to attack and defend ' 
The right handside no have to do that too you fucking idiot ? ",Non-Disaster
 # volleyball Attack II Volleyball Training Machine  -  Sets Simulation  -   ,Disaster
Notley ' s tactful yet very direct response to Harper ' s attack on Alberta ' s gov ' t .  Hell YEAH Premier !    # ableg  # cdnpoli,Disaster
Police :  Assailant in latest US movie theatre attack was homeless had psychological issues ,Disaster
 @ CaIxxum5SOS thanks for the damn heart attack,Non-Disaster
Suspect in latest US theatre attack had psychological issues  ,Disaster
India shud not give any evidence 2 pak . They will share with terrorists  &  use for next attack . Share with oth contries ,Disaster
illegal alien released by Obama / DHS 4 times Charged With Rape  &  Murder of Santa Maria CA Woman Had Prior Offenses  ,Disaster
Strongly condemn attack on ARY news team in Karachi .  A cowardly act against those simply trying to do their job ! ,Disaster
Nashville Theater Attack :  Will Gun Grabbers Now Demand Hatchet Control ?   ,Disaster
The fact that the atomic bombs were called  ' Little Boy '  and  ' Fat man '  says a lot about the mentality that went into the attack . ,Disaster
 @ blazerfan not everyone can see ignoranceshe is Latinoand that is All she can ever benothing morebut an attack dog 4 a hate group GOP,Non-Disaster
Heart disease prevention :  What about secondhand smoke ?  ,Non-Disaster
A Dayton - area org tells me it was hit by a cyber attack :  ,Disaster
Attack on Titan game on PS Vita yay !  Cannot wait for 2016,Non-Disaster
 [ infowars ]   Nashville Theater Attack :  Will Gun Grabbers Now Demand Hatchet Control ?    # nwo,Disaster
anxiety attack  ? ,Non-Disaster
My dog attacked me for my food  # pugprobs,Non-Disaster
Cop injured in gunfight as militants attack Udhampur police post :  Suspected militants attacked a police post i .  ,Disaster
 @ envw98  @ NickCoCoFree  @ Julie DiCaro  @ jdabe80 I asked how did he feel attacked by julie .   I asked if he was frail .    That is all . ,Non-Disaster
 @ messeymetoo I feel attacked,Non-Disaster
I am feeling so attacked ,Non-Disaster
Once again black men did not make it that way .  White men did so why are black men getting attacked  ,Non-Disaster
I cant believe a fucking cis female is going to somehow claim to be offended over a transgendered female who is been attacked by media,Non-Disaster
Israeli helicopters that attacked civilians in Gaza just completed exercises in Greece . ,Disaster
Christian Attacked by Muslims at the Temple Mount after Waving Israeli Flag via Pamela Geller  -   .  ,Disaster
 # PT :  The unit attacked by IS was responsible for targeting Muslim Scholars and imprisoning the youth .  ,Disaster
Telnet attacked from 124 . 13 . 172 . 40  ( STREAMYX - HOME - SOUTHERN MY ) ,Disaster
 # TBT Remember that time Patrick Kane attacked a cab driver over  . 20,Non-Disaster
im feeling attacked ,Non-Disaster
IK Only Troll His Pol Rivals Never Literally Abused Them Or Attacked Their Families .  While All Of Them Literally Abuse IK .  Loosers,Non-Disaster
 @ envw98  @ NickCoCoFree  @ Julie DiCaro  @ jdabe80 Why am I the worst person ?  Questioning how julie attacked him ?   Do you guys have no empathy ? ,Non-Disaster
Kelly Osbourne attacked for racist Donald Trump remark about Latinos on The View ,Disaster
 @ eunice_njoki aiii she needs to chill and answer calmly its not like she is being attacked,Non-Disaster
I attacked Robot - lvl 19 and I have earned a total of 6615434 free satoshis !    # robotcoingame  # Bitcoin  # FreeBitcoin,Non-Disaster
 @ christinalavv  @ lindsay_wynn3 I just saw these tweets and I feel really attacked,Non-Disaster
TV program I saw said US air plane flew to uranium mine in Fukushima and attacked by machine gun when student army were digging it . ,Disaster
 @ MageAvexis  <  things .  And what if we get attacked ? ,Non-Disaster
 # WeLoveLA  # NHLDucks Avalanche Defense :  How They Match vs St .  Louis Blues   # SportsRoadhouse,Non-Disaster
I liked a  @ YouTube video  Kalle Mattson  -   ' Avalanche '   ( Official Video ) ,Non-Disaster
we will crash down like an avalanche,Non-Disaster
 # Colorado  # Avalanche Men ' s Official Colorado Avalanche Reebok T - Shirt XL Blue 100 %  Cotton   # NHL  # Hockey,Non-Disaster
2 TIX 10 / 3 Frozen Fury XVII :  Los Angeles Kings v Avalanche 103 Row : AA MGM Grand ,Non-Disaster
I BET YOU DIDNT KNOW I KICK BOX TOO !  ,Non-Disaster
A little piece I wrote for the Avalanche Designs blog !  I would appreciate it greatly if you checked it out  :  -  )   ,Non-Disaster
PATRICK ROY 1998 - 99 UPPER DECK SPX  # 171 FINITE 1620 MADE COLORADO AVALANCHE MINT  ,Non-Disaster
Musician Kalle Mattson Recreates 34 Classic Album Covers in Clever Music Video for  ' Avalanche '  ,Non-Disaster
Beautiful Sweet Avalanche Faith and Akito roses with lots of frothy gyp .    # weddinghour ,Non-Disaster
1 - 6 TIX Calgary Flames vs COL Avalanche Preseason 9 / 29 Scotiabank Saddledome ,Non-Disaster
Secrets up avalanche :  catechize inner self for the confidential communication as respects creating worth in len . ,Non-Disaster
the fall of leaves from a poplar is as fully ordained as the tumbling of an avalanche  -  Spurgeon,Non-Disaster
I saw two great punk bands making original music last week .  Check em out here !   @ GHOSTOFTHEAV  @ MontroseBand ,Non-Disaster
GREAT PERFORMANCE CHIP FUEL / GAS SAVER CHEVY TAHOE / BLAZER / AVALANCHE / S - 10  ,Non-Disaster
Musician Kalle Mattson Recreates 34 Classic Album Covers in Clever Music Video for Avalanche ,Non-Disaster
driving the avalanche after having my car for a week is like driving a tank,Disaster
Free Ebay Sniping RT ?   Chevrolet  :  Avalanche Ltz Lifted 4x4 Truck  ? Please Favorite  &  Share,Non-Disaster
Chiasson Sens cannot come to deal  # ColoradoAvalanche  # Avalanche  ,Disaster
Paul Rudd Emile Hirsch David Gordon Green  ' Prince Avalanche '  Q & A  |  Filmmakers at Google    # entretenimento  # Video,Non-Disaster
Great one time deal on all Avalanche music and with purchase get a Neal Rigga shirt ,Non-Disaster
 .  @ bigperm28 was drafted by the  @ Avalanche in 2005  ( rd .  4  # 124 )  overall .  Played last season in  @ UtahGrizz .  ,Non-Disaster
I HAVE GOT MORE VIDEOS THAN YOU RAPPERS GOT SONGS !  ,Non-Disaster
 @ funkflex yo flex im here ,Non-Disaster
You are the avalanche .  One world away .  My make believing .  While I am wide awake . ,Non-Disaster
The possible new jerseys for the Avalanche next year .   ?  ,Non-Disaster
What a feat !  Watch the  # BTS of  @ kallemattson ' s incredible music video for  # Avalanche :    ? ,Non-Disaster
Avalanche City  -  Sunset   # nowplay  # listen  # radio,Disaster
Chevrolet  :  Avalanche LT 2011 lt used 5 . 3 l v 8 16 v automatic 4 wd pickup truck premium b  ,Disaster
No snowflake in an avalanche ever feels responsible . ,Non-Disaster
STAR WARS POWER OF THE JEDI COLLECTION 1 BATTLE DROID HASBRO  -  Full read by eBay  ,Disaster
CIVIL WAR GENERAL BATTLE BULL RUN HERO COLONEL 2nd NEW HAMPSHIRE LETTER SIGNED  !   ,Disaster
Dragon Ball Z :  Battle Of Gods  ( 2014 )   -  Rotten Tomatoes  via  @ RottenTomatoes,Non-Disaster
I added a video to a  @ YouTube playlist  World Of Tanks  -  Battle Assistant Mod Bat Chat Arti kaboom,Non-Disaster
"YA BOY CLIP VS 4KUS FULL BATTLE

 @ 15MofeRadio  @ Heavybag201  @ battle_dom  @ QOTRING  @ BattleRapChris  @ Hughes1128 

",Non-Disaster
Indeed !  I am fully aware of that battle !  I support you in that fight !   ,Disaster
It is baaaack !   Petersen ' s Bowhunting Battle of the Bows .   Make sure you head on over and cast your vote for your .  ,Non-Disaster
" # Tb  # throwback  ? 

 ? ~ You want a battle ?  Here is a War !  ~  ?  ",Non-Disaster
Kelby Tomlinson mild - mannered 2nd baseman for a great metropolitan team fights a never - ending battle for hits RBI and the  # SFGiants way . ,Non-Disaster
Black Eye 9 :  A space battle occurred at Star M27329 involving 1 fleets totaling 1236 ships with 7 destroyed,Disaster
What really happened in the Taken King Story Trailer .  A space battle that ripped a hole in Saturn .   @ EyTay  @ neur0sis ,Non-Disaster
THESE AFTER BATTLE ANIMATIONS ARE SO FUCKING MUCH,Non-Disaster
See what happens with NO Battle of the Block  @ Big Brother !  ?  !   ?  finally,Non-Disaster
 # DU19 who gon get in this rap battle with me,Non-Disaster
Do Your Own Thing :  The Battle of Internal vs External Motivation :  ,Non-Disaster
Check out this item I just got !   [ Phantasmal Cummerbund ]    # Warcraft,Non-Disaster
A young German stormtrooper engaged in the Battle of the Somme 1916 .   [ 800 ÌÑ 582  ]  ,Disaster
I liked a  @ YouTube video  Marvel VS DC  ( Avengers Battle !  ) ,Non-Disaster
 @ UtahCanary sigh daily battle . ,Non-Disaster
 @ SexyDragonMagic I have come to the realization that I just do not have the attention span for mass battle games .  Both painting and playing . ,Non-Disaster
 @ DetroitPls interested to see who will win this battle,Non-Disaster
Battle of the GOATS  ,Non-Disaster
Black Eye 9 :  A space battle occurred at Star O784 involving 2 fleets totaling 4103 ships with 50 destroyed,Non-Disaster
" # LonePine remembered around Australia as  ' descendants '  grow via  @ 666canberra  # Gallipoli  # WW1
 ",Non-Disaster
how did I miss that Gary Busey ' s son plays DIXIE on his electronic green fiddle during the post - battle celebration sequence,Non-Disaster
News :  FedEx no longer to transport bioterror germs in wake of anthrax lab mishaps ,Disaster
FedEx no longer will transport bioterror germs  via  @ USATODAY,Non-Disaster
USA TODAY :   .  @ FedEx will no longer to transport bioterror pathogens after  .   -    # News In Tweets ,Non-Disaster
FedEx no longer to transport bioterror germs in wake of anthrax lab mishaps  via  @ usatoday,Disaster
Jacksonville Busines FedEx stops shipping potential bioterror pathogens ,Disaster
FedEx will no longer transport bioterror pathogens in wake of anthrax lab mishaps ,Non-Disaster
 .  @ APHL responds :  FedEx no longer to transport bioterror germs in wake of anthrax lab mishaps ,Disaster
 # News FedEx no longer to transport bioterror germs in wake of anthrax lab mishaps  ( say what ?  )  :  FedEx no .    # TCOT,Disaster
FedEx to stop transporting bioterror germs after lab mishaps :  FedEx has stopped transporting certain research  .  ,Disaster
FedEx no longer will ship potential bioterror pathogens  via  @ AtlBizChron,Non-Disaster
 # front page :   # Bioterror lab faced secret sanctions .   # Rick Perry does not make the cut for  @ Fox News  # GOP Debate   @ USATODAY,Non-Disaster
House Energy  & amp ;  Commerce subcommittee to hold 7 / 28 hearing of CDC oversight of bioterror labs Army anthrax mishaps .  htt,Disaster
FedEx not willing to transport research specimens of potential bioterror pathogens in wake of anthrax lab mishaps  ,Disaster
 # world FedEx no longer to transport bioterror germs in wake of anthrax lab mishaps  ,Disaster
FedEx no longer to transport bioterror germs in wake of anthrax lab mishaps   # news  # phone  # apple  # mobile,Disaster
RT alisonannyoung :  EXCLUSIVE :  FedEx no longer to transport research specimens of bioterror pathogens in wake of anthrax lab mishaps ,Non-Disaster
Hmm . this could be problem for some researchers :  FedEx no longer to transport select agents  via  @ usatoday,Disaster
FedEx no longer to transport bioterror germs in wake of anthrax lab mishaps ,Disaster
FedEx no longer will ship potential bioterror pathogens  -  FedEx Corp .   ( NYSE :  FDX )  will no longer deliver packages  .  ,Disaster
FedEx no longer will ship potential bioterror pathogens  -  Atlanta Business Chronicle ,Non-Disaster
"Thank you  @ FedEx for no longer shipping live microbes for the Department of Defense

",Non-Disaster
 # NowPlaying at  # orchardalley in  # LES of  # nyc  ' bioterror -  manufactured fear and state repression '   @ abcnorio  # gardens ,Disaster
FedEx no longer will transport bioterror germs  via  @ usatoday,Non-Disaster
 [ JAX Biz Journal ]  FedEx stops shipping potential bioterror pathogens ,Disaster
USATODAY :  On today ' s  # front page :   # Bioterror lab faced secret sanctions .   # Rick Perry does not make the cut for Fox News ,Disaster
 # BreakingNews  FedEx no longer willing to transport research specimens of potential bioter ,Non-Disaster
FedEx stops shipping potential bioterror pathogens   # trucking,Disaster
 # FedEx no longer to transport bioterror germs in wake of anthrax lab mishaps ,Disaster
FedEx no longer shipping bioterror germs  -  WXIA - TV  |   @ scoop . it ,Non-Disaster
FedEx no longer to transport bioterror germs in wake of anthrax lab mishaps  via  @ USATODAY,Disaster
Biolab safety concerns grow :  FedEx stops transporting certain specimens .  Research facilities  ' dumbfounded '  by action .  ,Non-Disaster
To fight bioterrorism sir . ,Disaster
I liked a  @ YouTube video  FEMA REGION III TARGETED for BIOTERRORISM  !  NASA  -  JAPAN ROCKET LAUNCH with LITHIUM,Disaster
 # anthrax  # bioterrorism CDC To Carry Out Extensive Review of Lab Safety And Pathogen Handling Procedures ,Disaster
Firepower in the lab  [ electronic resource ]   :  automation in the fight against infectious diseases and bioterrorism  /  ,Non-Disaster
 @ CAgov If 90BLKs & 8WHTs colluded 2 take WHT F  @ USA government AUTH Hostage  &  2 make her look BLK with Bioterrorism  &  use her lgl / org IDis ID still hers ?  @ VP,Disaster
 @ DarrellIssa Does that  ' great Iran deal '  cover bioterrorism ?  You got cut off terrible of them .  Keep up the good work . ,Disaster
A Tale of Two Pox  -  Body Horrors   # virus  # infectiousdiseases  # bioterrorism,Disaster
Bioterrorism public health superbug biolabs epidemics biosurveillance outbreaks  |  Homeland Security News Wire ,Disaster
"Creation of AI
Climate change
Bioterrorism
Mass automation of workforce
Contact with other life
Wealth inequality

Yea we have got it easy",Non-Disaster
In Lies We Trust  # dvd CIA Hollywood and Bioterrorism Len Horowitz Vaccines Nwo  ,Non-Disaster
 @ O_Magazine satan ' s daughter shadow warrior in 50ft women aka transgender mode ps nyc is about to fold extra extra center of bioterrorism,Disaster
 @ DrRichardBesser Yes .  I would think not .  But since college 88 - 92 it is been difficult not to think of bioterrorism esp .  bc  ' dispersed .  ' ,Disaster
Volunteers needed to participate in Emergency Preparedness drill simulating a bioterrorism disaster :    @ HVnewsnetwork,Disaster
 @ MeyerBjoern  @ thelonevirologi  @ MackayIM of a major American newspaper running a series on all the alleged bioterrorism research going on 2 / n,Disaster
CDC has a pretty cool list of all bioterrorism agents  : 3,Disaster
Government Experts Concerned About Possible Bioterrorism Using GM Organisms :  Scientists are concerned that the .  ,Disaster
Does This Prepare Us ?  HHS Selects 9 Regional Special  # Pathogen Treatment Centers  # Bioterrorism  # Infectious  # Ebola ,Non-Disaster
 @ StationCDRKelly Any Support Sys 4  @ USA government AUTH taken Hostage by BLK US clergyforced 2 exist younger & grossly disfigured by BIOTERRORISM ?  @ AP,Disaster
70 won 70 .  &  some think possibility of my full transformation is impossible .   I do not quite like medical mysteries .  BIOTERRORISM sucks . ,Non-Disaster
How about a book describing the future of therapies technologies sport sexuality bioterrorism and diagnosis ?   # digitalhealth  # hcsm,Non-Disaster
 @ APhiABeta1907 withugliness due 2 your  ' ugly '  @ AMESocialAction Frat ' s BIOTERRORISMI am she who is  @ FBI ID U  $ tolewant ' g another in my Home .  @ ABC,Disaster
 @ HowardU If 90BLKs & 8WHTs colluded 2 take WHT F  @ USA government AUTH Hostage  &  2 make her look BLK with Bioterrorism  &  use her lgl / org IDis ID still hers ? ,Disaster
 @ cspanwj If 90BLKs & 8WHTs colluded 2 take WHT F  @ USA government AUTH Hostage  &  2 make her look BLK with Bioterrorism  &  use her lgl / org IDis ID still hers ? ,Disaster
 @ ONU_France 74 / 75 Bioterrorism on  '  @ Rockefeller_Chi /  @ RockefellerUniv ' Heiress 2 evade lgl efforts 2 prosecute BLKs 4  @ HarvardU kidnap ' g .  @ AFP,Non-Disaster
The  # Iran Deal only covers nuclear activity .  What are they doing about Bioterrorism ?  Iran has broken at least 27 other agreements . ,Disaster
The Threat  |  Anthrax  |  CDC  via  @ Centers for Disease Control and Prevention,Disaster
 # bioterrorism Authorities allay  # glanders fears ahead of Rio Olympic equestrian test event  via  @ HorsetalkNZ,Disaster
 @ Kaotix_Blaze craving u,Non-Disaster
I have been by the pool all day  # raisinfingers,Non-Disaster
Do you know anyone looking to move to Hammond OR ?  Share this listing !  ,Non-Disaster
Life is amazin same time its crazy niggas dey wanna blaze me hate it because i made it all it took was dedication n some motivation,Non-Disaster
Blaze is my bro ,Non-Disaster
 @ Shayoly yes I love it,Non-Disaster
See a virtual tour of one of our listings on 547 Fir St Cannon Beach OR listed by Dorrie Caruana .  ,Non-Disaster
Pendleton media office said only fire on base right now is the Horno blaze . ,Disaster
Welcome  @ djryanwolf  @ djcoreygrand  @ djknyce  @ djoneplustwo  @ OfficialCoreDJs  # Family  # Cleveland  # StandUp  @ IAMTONYNEAL ,Non-Disaster
Love living on my own .  I can blaze inside my apt or on the balcony,Disaster
 @ bellalinn alrighty Hit me up and we will blaze ! ,Non-Disaster
i blaze jays fuck the dutch slave trade . ,Non-Disaster
My hair is poverty at the moment need to get a fade before the weekend gets here,Non-Disaster
Property losses from California wildfire nearly double as week - old blaze rages ,Disaster
 # breaking Firefighters battling blaze at east Cary condo building ,Disaster
niggas love hating . ,Non-Disaster
 @ audacityjamesta do not be like that babes love you will have a ball of fun with me at LAN !   :  ) ,Non-Disaster
I liked a  @ YouTube video from  @ iamrrsb  Minecraft Skywars  -  O BLAZE QUE USA HACK E FLECHADAS SINISTRAS ! ,Non-Disaster
What Dems do .  Blaze covered months ago . Chicago police detained thousands of black Americans at interrogation facility ,Non-Disaster
Yo I got bars and I am not even a rapper,Non-Disaster
UGH Y DID BLAZE PUT THE CALORIES BY THEIR PIZZAS ?  OK COOL  # thisispublichealth,Non-Disaster
pic of me and blaze in a fort when we were kids i look like a jackass stuffin my face like that  ?  ,Non-Disaster
looks like a year of writing and computers is ahead .  ,Non-Disaster
 @ Beautiful_Juic1 just letting you know,Non-Disaster
 @ BabySweet420 I am mad 420 in your name  &  you do not blaze . ,Non-Disaster
 @ GuiltyGearXXACP yeah I know but blaze blue dont have a twitter lol I drew this a few weeks ago ,Non-Disaster
 # socialmedia news  -  New Facebook Page Features Seek to Help Personalize the Customer Experience ,Non-Disaster
 @ DJJOHNBLazE shout out blaze the hottest DJ in the Sothwest,Non-Disaster
I liked a  @ YouTube video  Minecraft :  Episode 2  ' Blaze Farm Beginnings !  ' ,Non-Disaster
Property losses from  # California wildfire nearly double as week - old blaze rages :  The fire ,Disaster
 @ ChristyCroley Not in the works yet .  Did you see the new Vela Short in Blaze ?  ,Non-Disaster
 @ UABStephenLong  @ courtlizcamp Total tweet fail !  You are so beautiful inside and out Blaze On ! ,Non-Disaster
The mixtape is coming i promise .  We goin in right now ,Non-Disaster
 @ _itzSteven  @ xdojjjj  @ whopper_jr_760 huh ?  me you and leo started that last year and ever since people blaze it in the back ? ,Non-Disaster
"3 Bedrooms 1 Baths for sale in 29 Palms CA .   (  ) 
 ( YouTube Video :  .  ",Non-Disaster
 ?  Yes I do have 2 guns  ?   ? ,Non-Disaster
 @ a_cee DAEM GIRL SMOOTH ASF c :   ? ,Non-Disaster
  # ArtisteOfTheWeekFact say  # Conversations by  # coast2coastdjs agree  @ Crystal_Blaz  ' s  # Jiwonle is a  # HipHop  # ClubBanger,Non-Disaster
Bright  &  BLAZING Fireman Birthday Party   # Weddings,Non-Disaster
REAL ViBEZ RADIO  -  BLAZING THE BEST VIBEZ !    # nowplaying  # listen live,Non-Disaster
Montgomery come for the blazing hot weather . stay for the STDs .  Yet another rejected city slogan . ,Disaster
"Come and join us Tomorrow ! 
August 7 2015 at Transcend : Blazing the Trail to the Diversified World of Marketing .  ",Non-Disaster
Morgan Silver Dollar 1880 S Gem BU DMPL Cameo Rev Blazing MS +  High grade !   -  Full read   ,Non-Disaster
This bowl got me thinking .  Damn I have been blazing for so damn long,Non-Disaster
 @ DanRyckert  @ drewscanlon He is blazing through this game with the best stealth skills yet .  Nothing beats the silenced M4 . ,Non-Disaster
Bit pacquiao vs marquez 3 unfilled blazing swarm online :  DuRvOd ,Non-Disaster
Turn on your radios  # stoponesounds is live on your  # airwaves   &  107 . 9 fm  @ StickyNYC  @ 95roots  blazing all your hits,Non-Disaster
 @ BaseballQuotes1 I have a 32 inch dynasty,Non-Disaster
"I am the only weapons master here !  Let us go in guns blazing ! 
 # Hinatobot",Non-Disaster
 @ Blazing_Ben  @ PattyDs50  @ gwfrazee  @ JoshuaAssaraf Not really .  Sadly I have come to expect that from Obama . ,Non-Disaster
SHOUOUT TO  @ kasad1lla CAUSE HER VOCALS ARE BLAZING HOT LIKE THE WEATHER SHES IN,Non-Disaster
"sex leak ! 
Photos of 19yrs old Ash @ wo lady in Festac town from Delta exposed on BBM 5 leaked pictures .  ",Non-Disaster
Oh my heart racing And my temperature is blazing through the roof  # VideoVeranoMTV Fifth Harmony,Non-Disaster
 @ omgbethersss  @ BethanyMota haha love this ? ,Non-Disaster
 @ dmac1043 Colorado is a Spanish word  (  [ Latin origin ]  meaning  ' reddish '  or  ' colored '  )   all you dummies are pronouncing it wrong ! ,Non-Disaster
Why Some Traffic Is Freezing Cold And Some Blazing Hot  And How To Heat Up Some Of Your Traffic ,Non-Disaster
I am crazy enough to run in 95 degree mid - day heat under the blazing sun in a place where I am not ,Non-Disaster
I am blazing rn and there is nothing you can do to stop me,Non-Disaster
Still blazing  ? ,Non-Disaster
 @ bekah_w thanks !  I sweat bullets every time I get in with this blazing sun beating down on me . ,Non-Disaster
 @ ACOUSTICMALOLEY no he was blazing it,Non-Disaster
 @ OfficialTJonez Your  ' Lost For Words '  made me a new fan of yours fam .  Crazy skills beyond blessed !  Keep blazing dude made love and respect ! ,Non-Disaster
" * Let  -  Me  -  Be  -  Your  -  Hot  -  Blazing  -  Fantasy *   
 # escorts  # gfe  # DUBAI ",Non-Disaster
 @ _srajapakse_ Why thank you there missy  ?  thought it suited the blazing hot summertime  ?  yee - haw !   ? ,Non-Disaster
 @ asukager magical bag of blazing,Non-Disaster
The Blazing Elwoods  @ BlazingElwoods  -  do not Bother Me  ( Doug ' s Song )   - Tune ,Non-Disaster
Morgan Silver Dollar 1921 P CH Gem Bu PL Blazing MS +  Satin Rare Proof Like !   -  Full re  ,Non-Disaster
Blazing Hot !  Etisalat Free MB For Complete 12 Months :  Etisalat Is Giving out 100MB on TECNO Q1 here is the Ime .  ,Non-Disaster
 @ FunkyLilShack  @ mariaf30 I want a full on bitch slapping guns blazing cake throwing Charles showdown !  Now THAT will be worth the wait  ? ,Non-Disaster
Follow  @ EdWelchMusic and check out his Hit Single  ' Unpacked '  Man its BLAZING ! ,Non-Disaster
I still do not know how 8 hours of physical activity in the blazing sun is not a sport . ,Non-Disaster
Ways so archetype a bleeding well - grounded readiness :  FpOJ ,Non-Disaster
Threw a chicken nugget at my sisters lip and now it is bleeding ? ,Non-Disaster
you could slit my throat and I would apologize for bleeding on you,Non-Disaster
Joe Landolina :  This gel can make you stop bleeding instantly   # arizona  # realestate ,Non-Disaster
now my nose is bleeding .  the last one was like 10 years ago,Non-Disaster
I have been bleeding into this typewriter all day but so far all I have written is a bunch of gunk . ,Non-Disaster
 @ JaydenNotJared I cannot help it .  Hope you are ok .  Text me if you need to talk .  Sending hugs your way .  PS no bleeding to death allowed,Non-Disaster
you can stab me in the back but I promise you will be the one bleeding,Disaster
Apparently if you are bleeding people look at you weird lol well it is fine keep walking,Non-Disaster
Eating takis then rubbing my eyes with my hands now my eyes are bleeding tears,Non-Disaster
 @ DarrylB1979 yea heard about that . not coming out until 2017 and 2019  ?  Vampiro is bleeding,Non-Disaster
 @ CoreyAshe Did that look broken or bleeding ? ,Non-Disaster
i hit my foot now my toe is bleeding  ? ,Non-Disaster
 @ King_Naruto_ As long as I see Madara bleeding I am good  ? ,Non-Disaster
Keep thinking about it until I stepped on a broken glass pun tak sedar and I do not feel the pain also it is bleeding .  Shit,Non-Disaster
My ears are bleeding  ,Non-Disaster
I waited 2 . 5 hours to get a cab my feet are bleeding,Disaster
It is not a cute dinner date Til cams nose starts bleeding,Non-Disaster
 @ Uptown_Jorge head up like yo nose bleeding,Non-Disaster
"I have been bleeding in your silence 
I feel safer in your violence  . ",Non-Disaster
 @ Jannet2208 I fell off someone ' s back and hit my head on concrete  /  :  I was bleeding n shit,Non-Disaster
 @ KatRamsland Yes I am a bleeding heart liberal . ,Disaster
Deadpool is already one of my favourite marvel characters and all I know is he wears a red suit so the bad guys cannot tell if he is bleeding,Non-Disaster
 @ beckyfeigin I defs will when it stops bleeding ! ,Disaster
 @ SoDamnTrue  we know who u are you are a bleeding heart wannabe pickup artist,Non-Disaster
 @ chaosmagician97 awesome !  I saw he was bleeding pretty bad,Non-Disaster
 @ burberryant bleeding on the brain do not know the cause,Non-Disaster
lets see how good you are at soccer when you are bleeding out yo face,Non-Disaster
 @ tammy_w1997  @ ElijahMallari bleeding wild things running around the apartment while hes in work at the bar  ? ,Non-Disaster
 @ ColoicCarnality You were bleeding my instincts kicked in .   * She looks away and scratches the back of her head * ,Non-Disaster
my ears are bleeding i hate stefano,Non-Disaster
My ear started bleeding again . ,Non-Disaster
 @ Benjm1  @ TourofUtah  @ B1Grego saw that pileup on TV keep racing even bleeding,Disaster
A rave wedding  ?  Am I seeing this  my eyes are bleeding,Non-Disaster
"they say bad things happen for a reason
but no wise words gonna stop te bleeding",Non-Disaster
 @ DamnAarielle yo timeline blew up so damn fast,Non-Disaster
 @ mfalcon21 go look .  Just blew it up w atomic bomb . ,Non-Disaster
I blew up  # oomf instagrams cause she is cute and she is an active follower,Non-Disaster
 @ b24fowler I see that !  Crazy how this line blew up . ,Non-Disaster
My Instagram just blew up apparently I was featured on I am jazz tonight .  How cool is that love her,Non-Disaster
I would still be team usagi even if she blew up the entire solar system by some airhead misstep,Non-Disaster
 @ BenKin97  @ Mili_5499 remember when u were up like 4 - 0 and blew it in one game ?  U probs do not because it was before the kings won the cup,Disaster
"i hate people who tweet  ' receipts '  but KNOW its wrong

but they wont take it down bc it  ' blew up ' 
literally gtfo you are that desperate",Non-Disaster
I think I just blew up  @ HopeInHearts notifications .  Go check her out she is so encouraging to me  ?  love her  ? ,Non-Disaster
Hw18 going 90 - 100 .  Dude was keeping up with me .  Took the same exit .  Pulled to the side and told me he blew his motor .  Lolol  # 2fast2furious,Non-Disaster
The universe might not actually exist scientists say   ' The  # SUN blew up and the  # Earth began '  . ,Non-Disaster
Max blew tf up  !   ?  shots fired  ?   # CatfishMTV,Non-Disaster
Rick and Morty  -  They Blew Up  :  ,Non-Disaster
 @ CodyThompson25 ty just blew up the motor went up in flames he got out ok,Non-Disaster
Just realized my dude  @ _OnlyFTF was on that  ' What Are Those '  way before it blew up  @  the tusky  ?  game  @ robsimss  @ CantMissKid,Non-Disaster
This night just blew up rq,Non-Disaster
I blew up snapchat for no reason  ? ,Non-Disaster
Queens Gambit went well until Anakin blew up the droid control ship .  Oh well still fun !  Cannot Stop is next !   # WBC2015,Non-Disaster
 @ iphooey  @ TIME Ironically Michele Bachmann brought this up in  ' 11 withRon Paul  &  everyone blew her off and called hoax .  She was finally right,Non-Disaster
Catfish retweeted me  &  my notifications blew up  ?  . ,Non-Disaster
Some guy whistled at me in the parking lot  &  it did not help that the wind blew my skirt up getting in the car  ? ,Non-Disaster
Blew up those mentions,Non-Disaster
The 1st time someone blew up my phone 30 times they would be blocked .  Believe it .    # Catfish,Non-Disaster
 @ ImAwesome7986 like literally blew up,Non-Disaster
FREYAS VIDEO BLEW UP EVERYWHERE,Non-Disaster
 @ YahooSchwab easy way to look good after the Ray Rice fiasco . that blew up,Non-Disaster
Lmao that light skin guy blew up on Twitter by talking about how ugly he was as a kid . ,Non-Disaster
"Because you watched :  Honey I Blew up the Economy

We Recommend  :  The Conservative Shoppe of Horrors

 # HarperANetflixShow  # elxn42  # stopharper",Non-Disaster
Did anyone else see that fireball falling to earth ?  Look like a plane blew up . ,Disaster
Ye did the same thing to Big Sean and he still blew up,Non-Disaster
Zayn just blew up twitter . ,Non-Disaster
Bitch done blew my shit up,Non-Disaster
 @ WeLoveRobDyrdek  @ adrian_peel not a damn clue .  Tried to see how many clicks I could get before I blew up .  That is how I played . ,Non-Disaster
 @ Daorcey  @ nsit_ YOUR a great pair .  Like a couple of Graywardens fighting the blight . ,Non-Disaster
" @ DaMidnighter theres actually a theory out there that the magisters arent the only reason for the blight
that dwarves  ( the ones from the",Non-Disaster
As a cycling fan I feel sorry for world athletics  # doping is a blight exacerbated monetary reward .  A lot of soul searching will be required,Non-Disaster
 @ kynespeace  * blight,Non-Disaster
Poor Jack  ? ,Non-Disaster
 @ realhotcullen I agree but I knew we would be going to the deep roads again because they found Blight in red lyrium .  It am not over yet  > _ > ,Non-Disaster
Get a load of this welfare loving sponge . a blight on society .  ,Non-Disaster
New post :  Prysmian secures contract for Blight Bank wind farm ,Non-Disaster
Cleveland Heights Shaker Heights fight blight :  The House Next Door ,Non-Disaster
 @ todd_calfee so  @ mattburgener wanted to see that info on blight u got,Disaster
Carl Everest Rob Cobes Whitt Blight Frost Leo Snuff Godly and a few others .  I will drink a beer with them .  Someday . ,Non-Disaster
THDA Kicks Off Anti - Blight Loan Effort in Memphis  ,Non-Disaster
City program to help turn blight into greenspace :  The Tennessee Housing Development    # news ,Non-Disaster
 @ Demetae12 yes i want to be the new blight leader,Non-Disaster
"Releases on the planing level  - 

1 .  Constellation  -  Blight on Gaia  -  iClown ' s Drumstep Remix
2 . iClown  -  Infinity .  ",Non-Disaster
  -  Cleveland Heights Shaker Heights fight blight :  The House Next Door ,Non-Disaster
 ' If you are going to achieve excellence in big things you develop the habit in little matters .  '  dont know the author,Non-Disaster
 @ Hendy_21 sure the purdies will be alive with the blight  ? ,Non-Disaster
Tracy Blight Thank you for following me ! ,Non-Disaster
Apperception bridgework blight :  XxhJeSC ,Non-Disaster
If you dotish to blight your car go right ahead .  Once it is not mine . ,Non-Disaster
Sexual Revolution : Blight For Women is out !   Stories via  @ ACeBabes  @ HealthWeekly1  @ AmateurNester,Non-Disaster
LIKE I SWEAR THE SECRET WE ' LL UNCOVER IS THE OLD GODS IN A SLUMBER .  I THINK THERES GONNA BE ANOTHER BLIGHT,Non-Disaster
 @ WillHillBet what is double result live on the app ? ,Non-Disaster
 @ parksboardfacts first off it is the  # ZippoLine as no one wants to use it and the community never asked for this blight on the park  # moveit,Non-Disaster
Look for my Policy Matters Ohio report on  # CLE and Cuyahoga County blight and greening vacant lands soon !   ,Non-Disaster
 @ anellatulip and put the taint there and that all that the magisters did was to open the gates and let the blight get away from it,Non-Disaster
 @ anellatulip there is a theory that makes way too much sense that says that the dwarves may be the actual origin of the blight,Non-Disaster
The  # Palestinian  # refugee tragedy is a blight on humanity  &  should shame every  # Israeli for living with it .  ,Disaster
"Article by Michael Jackman at Metro Times Detroit : 
The group later downgraded the estimate to 37 square miles of .  ",Non-Disaster
Locksmithing - art respecting elaboration only blight locks :  lPDkl,Non-Disaster
 @ jake_blight  @ WeAlIlKnowA you cunt,Non-Disaster
What if every 5000 wins in ranked play gave you a special card back .  Would be cool for the long te ,Non-Disaster
Amazon Deal  -  wait or buy ?  ,Non-Disaster
New print available on  !   -   ' Waiting Too Long '  by Pamela Blizzard  -  ,Non-Disaster
 @ Blizzard_draco GIVE ME FREE ART KAMON,Non-Disaster
 @ StevenOnTwatter  @ PussyxDestroyer just order a blizzard pay then put your nuts in it say they have you ball flavored .  Boom free ice cream,Non-Disaster
Blizzard of Auz  @  9 pm CST  @ RadioRiffRocks  /      2 hrs of Rock to make your hump day complete !  ,Non-Disaster
I really wants a rolo blizzard but mom said no so I guess no DQ tonight,Non-Disaster
 @ Ashayo  @ MsMiggi Hi Ashayo !  I believe there will be VODs on YouTube after the presentation but there is nothing like seeing it live  :  ) ,Disaster
Stats ,Non-Disaster
 # Tweet4Taiji is a dolphin worship group based on superstitions !  Just take a look at their tweets ! ,Disaster
 @ blizzard_fans Lucio !  Let us get the  # overwatch hype train rolling some more !  Caution though there are not any breaks,Non-Disaster
 @ Blizzard_Gamin ight,Non-Disaster
peanut butter cookie dough blizzard is  ? ,Non-Disaster
My mic and controllers are not working one second,Non-Disaster
Tomorrow ' s Announcement VODs ,Non-Disaster
Updated to Windows 10 now I get this error ,Non-Disaster
New Expansion Ideas  -  Bard Class Holy Trinity  +  1 ,Non-Disaster
 @ DaBorsch not really that shocking  :  (  blizzard lured their old fanbase back with WoD and disappointed us hardcore so everyones leaving again,Non-Disaster
the best thing at DQ is the cotton candy blizzard  ? ,Non-Disaster
Lizard Wizard in a Blizzard  # LWB ,Non-Disaster
 @ Blizzard_draco  @ LoneWolffur I need this . ,Non-Disaster
 @ FAIRx818x  @ PlayOverwatch  @ BlizzardCS please blizzard we love you,Non-Disaster
A blizzard would be clutch asf  ? ,Non-Disaster
 @ Blizzard_draco  @ LoneWolffur also me please I would very much like a link,Non-Disaster
 @ BubblyCuteOne  ?  ok ok okayyyyyy Ima act right  . bout to get this blizzard tho,Disaster
 @ LoneWolffur control yourself tora,Non-Disaster
First Time Playing Hearthstone on PC Thoughts ,Non-Disaster
I love the cotton candy blizzard ? ,Non-Disaster
 @ TCGReno just hard reset my Xbox,Non-Disaster
I really wanna brownie batter blizzard  ? ,Non-Disaster
I call it a little bit of your blizzard ? ,Disaster
Market News :  Activision Blizzard Cognizant Technology First Solar ,Non-Disaster
SEAN END CAREER sG Blizzard vs KNOCKOUT  .  ,Non-Disaster
What is the biggest regret you have in hearthstone ?  ,Non-Disaster
"Someone walk with me to DQ  ? 
I wanna Butterfinger Blizzard so bad ? ",Non-Disaster
That horrible moment when u open up the dryer and it looks like a snowy blizzard cuz u left a piece of paper in your jeans pocket  ? ,Non-Disaster
 @ LoneWolffur BRUH  * dies * ,Non-Disaster
Rip  ?  Blood  ! ,Non-Disaster
 @ Chief_CG nah young blood that cook is gone I am cut now  . haha,Non-Disaster
Off The Wall Invincible and HIStory  +  Blood On The Dance Floor ,Non-Disaster
Broke my nail ( real not fake )  this morning blood and all ah it hurts any ideas how to treat it ?  Help me pretty please  ?   - _ - ,Non-Disaster
4 . 5 out of 5 stars by 290 reviewers for  ' Dragon Blood '  Boxset by Lindsay Buroker   # kindle ,Non-Disaster
Blood Group  A  + ve is associated with Gastric Carcinoma says text book . Another fragile gene in my body . ,Non-Disaster
A friend is like blood they are not beside us always .  But they come out when we are wounded . ,Non-Disaster
We gone get it  get it in blood,Non-Disaster
people with a  # tattoo out there .  Are u allowed to donate blood and receive blood as well or not ? ,Disaster
Doing dialyses to my grandpa and oh lord this blood makes me light headed,Non-Disaster
 @ SetZorah dad why dont you claim me that mean that not right we look the same same eyes same blood same xbox 360 SMH  -  .  - ,Non-Disaster
Omron HEM - 712C Automatic Blood Pressure Monitor STANDARD AND LARGE BP CUFFS  ,Non-Disaster
My blood pressure is through the roof I do not need all this extra shit ! ,Non-Disaster
 @ Chambered_Blood Yeah you are !   # SpeakingFromExperience,Non-Disaster
Cannot believe more people in their mid 20 ' s do not have high blood pressure .  Life is stressful .   # DecisionsOnDecisions,Disaster
Guys .  I have an Imouto Who is not Actually Related to Me by Blood . ,Non-Disaster
Bruh white people buy the ugliest shoes and they them super tight no blood going to there feet,Non-Disaster
another day another excellent  @ _dangerousbeans porridge .  seriously people .  blood orange in porridge is phenomenal . ,Non-Disaster
 @ scotto519 happy birthday young blood,Non-Disaster
If it was not for the Blood !   ? ,Non-Disaster
No kinda in it that shii nasty blood .  No pun intended,Non-Disaster
am not no hoe in my blood,Disaster
Today was such a hastle from getting drug tested  blood drown out  tb shot  to document filling   ? ,Non-Disaster
Man  .  somebody gotta stop Sbee dude too fuckin funny blood,Non-Disaster
Where will the winds take my gypsy blood this time ?  ,Non-Disaster
 @ Lobo_paranoico Mad Men,Non-Disaster
Private thirsty night ? SAD BLOOD ROCK ' N ROLL ?   #  ? ,Disaster
 # RolandoNaBeats :  Ellie Goulding  -  My Blood  |  Acesse nosso site para ouvir !  ,Non-Disaster
 @ olrules Welcome  -  Read a free chapter of my new book Encounters With Jesus .  It is full of hope .  ,Non-Disaster
 @ Anthxvy runs in the blood,Non-Disaster
 @ sethalphaeus my personal favorites include paramore muse green day royal blood and 5sos,Non-Disaster
Shed innocent blood of their sons and daughters and the land was polluted Psalms 106 : 38  Help stop the sin of abortion . ,Non-Disaster
 * se pone a cantar crying lightning * ,Non-Disaster
it wasnt a very big stab but it was a deep stab and theres like blood everwhe,Disaster
Add these items to your everyday eating habits .  Please do the research on how to take with your blood ,Non-Disaster
LOOOOOOOOOOOOL who the bloody hell did that ?   ,Non-Disaster
infected bloody ear piercings are always fun ? ,Non-Disaster
aggressif is so bloody aggressive,Non-Disaster
I entered to  # win the ENTIRE set of butterLONDON Lip Crayons via  @ be_ram0s .   -  Go enter !   # bbloggers ,Non-Disaster
 @ slsandpet Hey Sally sorry have you emailed me ?  Been AWOL bloody work ARGH !   @ ResignInShame,Non-Disaster
I am over here listening to Bloody Jay .    ?  ,Non-Disaster
 @ LauradeHolanda I have the Forrest version from  ' 83 that is bloody awful as well  :  )  xxx,Non-Disaster
 ' A Nightmare On Elm Street '  Is Getting Remade .  Again  -  ,Non-Disaster
I cannot bloody wait !  Sony Sets a Date For Stephen Kings The Dark Tower  # stephenking  # thedarktower    @ bdisgusting,Non-Disaster
Gotta try to let go of so many bloody things .  Smh,Non-Disaster
 @ TradCatKnight  ( 1 )  Russia may have played into reason but that link is BS .   Okanowa was bloody and mainline invasion looked like a bloody,Disaster
Bloody insomnia again !  Grrrr !   # Insomnia,Disaster
 @ zhenghxn i tried 11 eyes akame ga kill and tokyo ghoul all damn bloody i dont dare watch ? ,Non-Disaster
 @ Fantosex Now suck it up because that is all you are bloody getting out of me by means of amends . ,Non-Disaster
You call them weekends .  I call them Bloody Mary times .  This summer ' s been full of them .  My new ,Non-Disaster
Bloody hell what a day .  I have not even really done anything .  Just .  Tired .  Of everything .  Thought vaca would help but it only did so much .   =  / ,Non-Disaster
Damn bloody hot,Non-Disaster
 @ MrTophyPup it is bloody sexy  * drools * ,Non-Disaster
You know how they say the side effects low  &  really fast ?  Son the product was an acne cream .  Why 1 of the side effects was bloody diarrhea ? ,Non-Disaster
Ronda Rousey would be  ' close '  to making Floyd Mayweather ' s money in 50 fights  -  Bloody Elbow   # boxing,Non-Disaster
I am awful at painting .  why did I agree to do an A3 landscape in bloody oils of all paints  ? ,Non-Disaster
"All I need in this life of sin
Is just me and my girlfriend
Down to ride till the bloody end
Just me and my girlfriend",Non-Disaster
 @ _itsmegss_ I think it is .  well it is bloody barking now,Non-Disaster
Eh hello cover your bloody thighs your bloody cleav .   Eh hello !  Since when do i expose my cleavage and i on .  ,Non-Disaster
 @ MariaSherwood2  @ JohnJCampbell Mega bloody marvellous,Non-Disaster
Bloody Mary in the sink .  Beet juice ,Non-Disaster
 @ MelRises  @ gayler1969  @ wwwbigbaldhead  @ jessienojoke  @ melissaross9847 if my Monty Python is up to date as bloody far as he wants to go . ,Non-Disaster
Meet the bloody RS5 ,Non-Disaster
Friday supposed to be a happy day but it is a bloody friday hah zzzz,Non-Disaster
 @ chxrmingprince  @ jones_luna I should bloody hope so  * she said folding her arms sitting back in her chair * ,Non-Disaster
Wait until i tell my college friend who reafs bloody mary too about the drama cd,Non-Disaster
 ' I came to kill Indians . for FUN '  :  Video of smirking and remorseless Pakistani killer shows him boasting .  ,Disaster
I have just watched episode S01E09 of Bloody Monday !    # bloodymonday  # tvshowtime ,Non-Disaster
"Marlon Williams  >  Elvis Presley  >  Marlon Williams  >  Steel Panther .  

Shuffle mode like a bloody legend . ",Non-Disaster
Black Friday turns Bloody  ( would rather be shopping )     # mystery,Non-Disaster
 @ ezralevant Someone told me all the soccer moms are getting this pic blown up and put on their daughter ' s bedroom walls .  NOT ! ,Non-Disaster
 @ Papcrdoll and I swear to god if my mentions get blown up over MY choice I will deactivate and leave for good .  RESPECT MY CHOICES . ,Non-Disaster
" @ ManUtd  @ EmilymcfcHeslop 

Wow just wow !  

If any other club had blown all that money and fucked up a player like that they would be pilloried ! ",Non-Disaster
Damn greinke got blown up in that first inning,Non-Disaster
Woke up so blown lol,Non-Disaster
aunt marge you are blown up eheks,Non-Disaster
 @ troylercraft YEAH ITS NOT WORTH IT BC HE ALREADY HAS SO MANY SPAMMERS  &  HIS TWITTER IS PROBABLY BLOWN UP EVERY SECOND,Non-Disaster
White family  ( supposedly representing America ' s GREAT values  )  gets blown up in a horrible CGI nuclear strike .  LMFAOOOO ! ,Disaster
Man why has not  @ machinegunkelly blown up ?  He is still underground . ,Non-Disaster
And my mentions are blown up for what ?   ?  wtf . ,Non-Disaster
On  # ThisDayInHistory in 1862 Confederate ship blown up by crew .  Read More  via  @ History,Disaster
That moment when ur about to win a mini uhc and than get blown up by a creeper and get kicked for flying .  So salty rn .  !  ? ,Non-Disaster
 @ libraryeliza he did get a  @ taylorswift13  ' bump '  of approval which is probably why he is blown up   # MusicAdvisory,Non-Disaster
" ' If a truckload of soldiers will be blown up nobody panics but when one little lion dies everyone loses their mind ' 
",Disaster
"HEY LOOK !   Kash ' s Foundation Live for Today got blown up on People Magazine ' s website !   

Todd Blake .  ",Non-Disaster
 @ KaylaK369 got it last month when I went into the EE shop .  Glad it has not blown up yet .  ,Non-Disaster
this is the first time a tweet has blown up almost half a day later .  RE ,Non-Disaster
 ' Were blown away by this extension .  Nothing weve seen has as many options as this one .  '    ,Non-Disaster
 @ TheBoyOfMasks  ' Thanks again for letting me stay here since the manor was blown up .  Anyways how are you doing buddy ?  ' ,Non-Disaster
"LONER DIARIES . 

The patterns  on the sand
May have been blown away . 
The photos in twos
All choked up in flames .  ",Non-Disaster
Even though BSG had been sufficiently hyped up for me in all the years I somehow delayed watching it I was utterly utterly blown away . ,Disaster
Vanessa ' s game has officially blown up .  LADIES AND GENTLEMEN . the real show is about to begin .   # BB17,Non-Disaster
Guaranteed been bitten by some mutant mosquito my ankle has blown up .  Little cunts,Non-Disaster
Things you CAN pick up from tozlet seat |  :  butt leprosy full - blown jerkface syndrome a lateral lisp  &  toilet rickets . ,Non-Disaster
 @ KalinAndMyles  @ KalinWhite my ig is being blown up just with hackers I need it to stop  # givebackkalinwhiteaccount,Non-Disaster
 @ luke_winkie Whoever is directing these videos needs to grab up Nicki Minaj or someone with U . S .  recognition so minds can be blown . ,Non-Disaster
 @ PrincessDuck last week wanted the 6th sense to get blown up so far so good .  James could win but he is a huge target and will be gone soon . ,Non-Disaster
 @ orbette more like BLOWN UP am I right,Non-Disaster
My dogs just blown his kennel up  Bloody Yorkshire Terrorist,Non-Disaster
Turn on ESPN2 and get blown up,Non-Disaster
 @ HopefulBatgirl went down I was beaten and blown up .  Then next thing I know Ra Al Ghul brought me back to life and I escaped and for a - ,Disaster
 @ thebriankrause leos ass just got metaphorically blown up again  # PiperWearsThePants  # charmed,Non-Disaster
 @ anarchic_teapot  @ BoironUSA  @ zeno001 Glononium 6C also helps with being blown up while bashing a bottle of nitroglycerin against a book . ,Non-Disaster
New Ladies Shoulder Tote Handbag Women Cross Body Bag Faux Leather Fashion Purse  -  Full re  ,Non-Disaster
If you have a son or a daughter would you like to see them going to a war with Iran and come back in a body bag ?  Let the  # Republicans know,Non-Disaster
 @ questergirl ditto but its all we had .  and the way i feel if i drank vodka over ice they would have to body bag me,Non-Disaster
 #  handbags Genuine Mulberry Antony Cross Body Messenger Bag Dark Oak Soft Buffalo Leather :   å£279 . 00End Date :  W .  ,Non-Disaster
Louis Vuitton Monogram Sophie Limited Edition Clutch Cross body Bag  -  Full read by eBay  ,Non-Disaster
Louis Vuitton CultSierre Monogram Shoulder Bag Cross Body Bag   ,Non-Disaster
Check out Ameribag Healthy Back Bag Shoulder Cross Body Backpack Khaki Tan Beige Nylon   @ eBay,Non-Disaster
Photo :  Bath  &  Body Works cosmetic bag in periwinkle blue with copper piping along the top and four corners .  ,Non-Disaster
new summer long thin body bag hip A word skirt Blue  ,Non-Disaster
å¤ }  New Ladies Shoulder Tote  # Handbag Faux Leather Hobo Purse Cross Body Bag  # Womens   RT en,Non-Disaster
 @ TR_jdavis Bruh you wanna fight I am down meet me in the cage bro better find out who you are dealing with before you end up in a body bag,Non-Disaster
New Ladies Shoulder Tote Handbag Faux Leather Hobo Purse Cross Body Bag Womens  -  Full read  ,Non-Disaster
AUTH LOUIS VUITTON BROWN SAUMUR 35 CROSS BODY SHOULDER BAG MONOGRAM 7 . 23 419 - 3  -  Full read  ,Non-Disaster
Check out Vintage Longaberger Floral Fabric Shoulder Cross Body Bag Brown Leather Strap   @ eBay,Non-Disaster
 ?  New Ladies Shoulder Tote  # Handbag Faux Leather Hobo Purse Cross Body Bag  # Womens  ,Non-Disaster
 ? Ìü New Ladies Shoulder Tote  # Handbag Faux Leather Hobo Purse Cross Body Bag  # Womens   RT en,Non-Disaster
New Women Handbag Faux Leather Ladies Shoulder Tote Cross Body Bag Large Satchel  -  Full re  ,Non-Disaster
One day this heart gone get me zipped up in a body bag . ,Non-Disaster
 # handbag  # fashion  # style  Authentic Louis Vuitton Pochette Bosphore Shoulder Cross Body Bag ,Non-Disaster
" # handbag  # fashion  # style  Vintage Coach Purse Camera Bag Cross Body  # 9973

 $ 16 . 99  ( 0 Bids ) 
 ",Non-Disaster
genuine Leather man Bag Messenger fit iPad mini 4 tablet case cross body air jp  -  Full rea  ,Non-Disaster
Nuu that FAM ?  fwt I am Leave You In a Body bag ? ,Non-Disaster
 @ Rhee1975  @ deliciousvomit No I am not I am saying that they are lucky they can go home to their families not put in a body bag,Non-Disaster
 @ matt_bez oh I am not bagging her at all !  Her body be bangin '  .  I am saying she is going to get the rose . ,Non-Disaster
 @ ohmyloz  @ Ronda Rousey who is bagging her body  ?  She is smoking hot  ? ,Non-Disaster
Drake is really body bagging meek,Non-Disaster
 @ fuckyeahcarey  @ BornVerified drake killing this dude and tea bagging the dead body at this point,Disaster
 @ Meek Mill is w ( rec ) k league ball  @ Drake is Olympic level body bagging him like his career was nothing  # trollingtilMeekdiss,Non-Disaster
Idgaf who tough or who from Canada and who from north Philly meek been acting like a bitch  &  drake been body bagging his ass on tracks,Non-Disaster
 @ Yankees body bagging mfs,Disaster
 @ BroseidonRex  @ dapurplesharpie I skimmed through twitter and missed this body bagging . ,Non-Disaster
G +  :   +  Body Bagging them lyrically !  ,Non-Disaster
 @ bomairinge  @ EluTranscendent straight body bagging . ,Non-Disaster
Body Bagging Bitches  ?  ,Non-Disaster
No better feeling than seeing and being on stage with my day ones .  22 year friendships and we still body bagging mics together . ,Non-Disaster
Mopheme and Bigstar Johnson are a problem in this game body bagging niggas  # VuzuHustle,Non-Disaster
I was body Bagging on the  ? Today . 4got to post my score ,Non-Disaster
 @ editaxohaze then let the bagging body ' s begin lol  ?  I am not cuffed yet so it should not be that bad ! ,Non-Disaster
 # OVOFest Drake straight body bagging Meek on that OVO stage .   # ZIPHIMUP ! ,Non-Disaster
I am not a Drake fan but I enjoy seeing him body - bagging people .  Great marketing lol . ,Non-Disaster
 @ amaramin3 Meek is definitely capable of body bagging his ass on the track Drake was just smooth as fuck with it ! ,Non-Disaster
Gates not body bagging nobody ?  niggas in br really know who he is  ? ,Non-Disaster
WWE 2015 MyCareer EP18 Tyrone body bagging dudes :   via  @ YouTube,Non-Disaster
 ' I did another one I did another one .  You still am not done shit about the other one .  '  Nigga body bagging Meek . ,Disaster
Drake Body Bagging Meek .  He must of hit a sensitive spot talking about a  ' ghostwriter .  '  He trying 2 end his career .  ,Non-Disaster
Good diss bad beat and flow .  Mark my words Meek Mill is body bagging him once he responds .  Patient patient .  Meek is a battle rapper ! ,Non-Disaster
 @ Drake is body bagging meek meanwhile he is on tour with Nicki all hush hush . he is put 2 diss tracks out and meek 0 but dude started it lol,Non-Disaster
 @ MzGracieBaby for the record im jumpin out the window early .  i got  @ OfficialRealRap body bagging luck .  lol save the file,Non-Disaster
Has body bagged  *  RT  @ d_lac :  Drake is body bagging meek,Non-Disaster
drake been kept it the most hip hop during this beef and he fucking body bagging meek back to back  ? ,Non-Disaster
Woke up to Drake body bagging Meek again !  Meek u cannot out spit ya girlfriend .  Just lay down Man .  NOT Right .  ,Non-Disaster
 @ Im2aD I was going to tell him but you were body bagging him,Non-Disaster
 @ MacDaddy_Leo :   ?  No Caption Needed  ?  .  Freshman .   nigga Stacey body bagging niggas !   ? ,Disaster
Aubrey really out here body - bagging Meek . ,Disaster
8 hours of bagging groceries  =  an aching body,Non-Disaster
 @ SlikRickDaRula Drake really body bagging peeps man  ?  he really bout it,Non-Disaster
 @ Fox News  @ JenGriffinFNC When you call to report dangerous activity tell em to have body bags on arrival . ,Disaster
Micom 2015 Summer Contrast Candy Color Bowknot Cross Body Tote Shoulder Bags for Womengirls with Micom Zip Po ,Non-Disaster
HOBO Hobo Vintage Shira Convertible B  $ 238 . 00  # bestseller ,Non-Disaster
Child Shoulder Bags PVC Shoulder Book Bag Cartoon Cross Body Bags for Girls  ,Non-Disaster
Womens Buckle Casual Stylish Shoulder Handbags Pockets Cross Body Bags Green ,Non-Disaster
am not no bags in the trunk it is a body,Non-Disaster
BESTSELLER !  Fossil Dawson Mini Cross Body Bag Es  $ 98 . 00 ,Non-Disaster
 @ BoomerangTime  @ RSKarim1  @ sopameer  @ wattashit3 Appears to already be arriving in Ridah in body bags . ,Non-Disaster
The Body Bags has a show on 08 / 07 / 2015 at 07 : 30 PM  @  Tremont Music Hall in Charlotte NC   # concert,Non-Disaster
BODY BAGS !  ,Non-Disaster
you know you hate your body when you buy 2 bags of chips and a variety pack of fruit snacks and a redbull as a snack,Non-Disaster
BREAKING :  Fairfax County firefighter placed on admin leave amid probe into Facebook post about putting police in  ' body bags '  dept .  says . ,Non-Disaster
Womens Buckle Casual Stylish Shoulder Handbags Pockets Cross Body Bags White ,Non-Disaster
Attention all RCHS football players there will be coffins and body bags by the locker rooms grab one tommorow because were gonna die,Non-Disaster
Womens Flower Printed Shoulder Handbags Cross Body Metal Chain Satchel Bags Blue  ,Non-Disaster
Womens Cross Body Messengers Bags Clutch Small Shoulders Zippers Bags White  ,Non-Disaster
 @ Deeeznvtzzz bring the body bags tho,Non-Disaster
US Institute Of Peace Chairman Wants Russian Body Bags ,Non-Disaster
UPDATE :  Va .  firefighter on administrative leave after Facebook post calls for people to put officers in  ' body bags .  '  ,Non-Disaster
 @ Scott Walker So you can send the poor and middle class children to war so they can come in body bags .   Typical GOP,Non-Disaster
 @ baskgod body bags,Non-Disaster
Nine giant body sized garbage bags later . I am just going to start throwing things away .   # moving2015  # expertwhiner,Non-Disaster
"I love The body shops bags ? 

 # cutekitten  # catsofinstagram  # summerinsweden  # katt  # katterpÌ´instagram  # dumle  # dagens ",Non-Disaster
Womens Tote Faux Leather Handbags Shoulder Cross Body Top Handle Bags Rose  ,Non-Disaster
Womens Satchel Lattice Chain Studded Cross Body Multi Colour Shoulder Bags Blue  ,Non-Disaster
Lab today ready for these body bags .   ? ,Non-Disaster
Bitches be takin pics with bags bigger than they whole body  ? ,Non-Disaster
Womens Buckle Casual Stylish Shoulder Handbags Pockets Cross Body Bags Green  ,Non-Disaster
 # Iran Deal most members of Congress who do not want this deal do not have any kids who would b coming home in body bags .  War makes them money,Non-Disaster
Parties and body bags go together like drinking and driving . ,Non-Disaster
 @ Limpar33 sweeping legs ?  Or putting people in body bags ? ,Non-Disaster
Shoot shit up till we see body bags,Non-Disaster
 ' Your body will heal the bags under your eyes will go away youll be so happy youll smile and really .  '  ,Non-Disaster
Womens Handbags Cross Body Geometric Pattern Satchel Totes Shoulder Bags White   RT gasparc,Non-Disaster
women messenger bags clutch bag handbag cross body shoulder bags bag ladies designer handbags high qualit  .  ,Non-Disaster
Womens Handbags Cross Body Geometric Pattern Satchel Totes Shoulder Bags White  ,Non-Disaster
Status :  last seen buying body bags . ,Non-Disaster
 @ asymbina  @ tithenai I am hampered by only liking cross - body bags .  I really like Ella Vickers bags :  machine washable .  ,Non-Disaster
Zicac Vintage Leather Briefcase Messenger Satchel Tote Cross Body Handbags for Womens ,Non-Disaster
Fairfax investigating firefighter over Facebook post saying police should be put in body bags  -  The Washington Post ,Non-Disaster
Mens Cross Body Canvas Waist Packs Solid Letter Print Sports Zipper Bags Coffee  ,Non-Disaster
"Listen to this hit song .  A summer Bomb full of positive energy and youth
Did you like it ? 
 
 # Norge2040",Non-Disaster
beforeitsnews  :  Global Derivatives :   $ 1 . 5 Quadrillion Time Bomb   ( v  )  ,Non-Disaster
the_af comments on  ' New evidence of Japan ' s effort to build atom bomb at the end of WWII '   -  ,Disaster
this is about to be a bomb ass firework picture ,Non-Disaster
Hiroshima prepares to remember the day the bomb dropped ,Disaster
The Guardian view on the Hiroshima legacy :  still in the shadow of the bomb  |  Editorial :  The world longs to cas .  ,Disaster
namjoon ' s FANTASTIC IS BOMB BYE OMG,Non-Disaster
HALSEY AND TROYE COLLAB WOULD BE BOMB,Non-Disaster
 @ AaronTheFM guys to scared to show his real name anyway he knows I will bomb him,Non-Disaster
 @ CranBoonitz So going to make any bomb threats ?   @ HereticOfEthics,Non-Disaster
 @ dylanmcclure55 :  Working at zumiez is the  which location ? ,Non-Disaster
New Documents Found Pointing To Japan ' s WWII Atomic Bomb Program ,Disaster
Jen you da bomb girl !  ,Non-Disaster
 @ daniglasgow45 Happy birthday big D !  I miss you girl hope you have a bomb one  ?  ,Non-Disaster
 @ smallforestelf Umm because a gun stopped the gunman with who was carrying a bomb ! ,Disaster
 @ danielsahyounie It ' d be so bomb if u guys won  ? ,Non-Disaster
Hiroshima marks 70 years since bomb ,Disaster
The crew on  # EnolaGay had nuclear bomb on board disarmed .  15 mins to  # Hiroshima they got ready to arm Little Boy ,Disaster
 @ dopeitsval ahh you are bomb baby  ? ,Non-Disaster
When you get a bomb ass picture mail  ? ,Non-Disaster
If I fall is men GOD  @ Praiz8 is d bomb well av always known dat since 2008 bigger u I pray sir,Disaster
I came up with an idea of a fragrance concept for a bath bomb called The Blood of my Enemies .  So you can say that is what you bathe in . ,Disaster
 @ CaraJDeIevingnc the bomb impact ratio hit beyond kyle js,Non-Disaster
 @ SwellyJetEvo Disneyland !  Tacos there are bomb ! ,Disaster
Flat out bomb by  @ FlavaFraz21  # whatcanthedo,Non-Disaster
What would it look like if Hiroshima bomb hit Detroit ?  :  Thursday marks the 70 - year anniversary of the United S .  ,Disaster
Soul food sound so bomb right now  ' ,Non-Disaster
The bomb was so appropriate  ?  seen as my family and most Jamaicans love shout bullets  ! ,Non-Disaster
The hatchet - wielding gunman had PEPPER SPRAY AND A FAKE BOMB ?  !  ?  !  ? ,Disaster
"Oops . 
H bomb lost 70 miles off the Okinawan coast . 
Fell off the ship 1965 . 
",Disaster
The MF Life is a vocal and lyrical bomb .  Saw her live this summer .  AMAZING vocalist .  RT  @ THEmale_madonna :  Melanie Fiona is so slept on  ? ,Non-Disaster
E - Hutch is da bomb  ?  ,Non-Disaster
Jays rocking  # MLB  @ JoeyBats19 just bombed one out of Rogers Centre .  Play - offs r ahead for The  # BlueJays  -  Bell Moseby and Barfield r back ! ,Non-Disaster
 @ Stankyboy88 I should have photo bombed,Non-Disaster
 @ SweetieBirks  @ mirrorlady2  @ SLATUKIP So name all the countries we have invaded / bombed aside Libya in North Africa in last 5 years . ,Disaster
The U . S .  bombed Hiroshima 70 years ago today .  A look at how war has changed since :   ,Disaster
London Life :  photos of a beautiful bombed - out Britain   # arts,Non-Disaster
I cannot believe  @ myfriendmina photo bombed a screenshot,Non-Disaster
US drone bombs Islamic State target in Syria after taking off from Turkey :  A US armed drone has bombed a targe .  ,Disaster
 @ CyhiThePrynce bombed on Kanye in that  # ElephantInTheRoom  ? ,Disaster
The majority of those killed were civilians on the ground after the jet first bombed the city ' s main street then dramatically plummeted,Disaster
70 years ago at this hour the USA A - bombed Hiroshima therein killing 200000 civilians .  Never forget the crime and never repeat .  Peace  ? ,Disaster
On 1st August  # Turkish jets bombed the village Zergele in Qendil and killed 8 civilians and 15 others wounded,Disaster
 @ NickLee8  i went to school in a bombed out East End of London3 families to one house no bathroom outside loo  &  poor so whats yr point,Disaster
Photo bombed  ?  ,Non-Disaster
 @ QPR1980  @ Rorington95 Nowt to do with money .  Fergie bombed out the big drinkers at United within years of taking over while Wenger,Non-Disaster
" ' the third generation atomic bombed survivor '  Photo exhibition 11 : 00 to 18 : 00 8 / 6 .  
 #  ?   # Hiroshima ",Disaster
 @ oooureli  @ Abu_Baraa1 You mean like the tolerance you showed when sharing  ' democracy '  with the Iraqis ?  Wait you mutilated and bombed them . ,Non-Disaster
 @ BrodyFrieling  @ hanna_brooksie photo bombed,Non-Disaster
Shadowflame and the Wraith :  Bombed  via  @ amazon,Disaster
 @ WhiteHouse  @ POTUS Just cos Germany invaded Poland Japan bombed Pearl Harbor PRE - EMPTIVE SUICIDE ,Disaster
 @ CheetosArabia  @ Crudes It feels like if i would try to grab one off hes Cheetos I will get bombed . ,Non-Disaster
 @ ChristophersZen  @ HunterLove1995  @ tblack yeah man .  That movie BOMBED hard,Non-Disaster
 .  @ RaniaKhalek true .  I faced everything from  ' Is Bin Laden your uncle ?  '  to  ' Hopefully Afghanistan will be bombed '  .  Children can be very ugly . ,Non-Disaster
 @ Kurt Schlichter  @ FALPhil This liberal compassion is BS .  A specific Feminist said the US bombed Japan back to traditional sexist values . ,Non-Disaster
  ' Nagasaki has to be forever the last city bombed with a nuclear weapon .  '   # bannukes,Disaster
Ladies here ' s how to recover from a  # date you totally BOMBED .  according to men  ,Non-Disaster
 @ r_lauren83199  @ xojademarie124 i hope you get Batista Bombed lauren,Non-Disaster
 .  @ Vagersedolla visits villages recently bombed by Turkey and finds people fed up with the PKK ,Disaster
 @ antpips67  @ JohnEJefferson obviously I am aware that not all AS are from countries we have bombed but a lot are fleeing conflict,Disaster
 ' Redskins WR Roberts Belly - Bombed  '  via  @ TeamStream ,Disaster
Me trying to pass lax with my family ends up by me having to run after the ball after it gets bombed over my head,Non-Disaster
I liked a  @ YouTube video  Benedict Cumberbatch Gets Video Bombed,Non-Disaster
Today Japan marks 70 yrs since the U . S  ( A )  bombed 2 cities killing over 120000 people But we have to worry about Iran ,Disaster
You just got GIF bombed  # AfricansInSF  # BeyondGPS  ,Non-Disaster
She did not even notice me in the background I am a floatin head  # bombed ,Disaster
70 years ago today the United States of America bombed Hiroshima in Japan . ,Disaster
Storm in RI worse than last hurricane .  My city & 3 others hardest hit .  My yard looks like it was bombed .  Around 20000K still without power,Disaster
A wasp just dive bombed my face,Non-Disaster
 @ MisfitRarity misfit got bombed,Non-Disaster
The United Kingdom and France are bombing ISIS in Syria  -  Voltaire Network ,Disaster
It is been 70 years  ( and one hour )  since the bombing of Hiroshima .  Let us take this time to remember . ,Disaster
The cryptic words that guided pilots on the Hiroshima bombing mission ,Disaster
Japan on Thursday marks the 70th anniversary of the atomic bombing of Hiroshima with the most senior official from Washington ever schedule,Disaster
Today marks the 70th anniversary of the bombing of Hiroshima a city I visited and was humbled by in November 2013 ,Disaster
 @ moscow_ghost  @ sayed_ridha  @ Amin_Akh congratulations on capturing a besieged city after 3 months of indiscriminate bombing by land  &  air,Disaster
"The only country claiming the moral high ground is the only one to have dropped atomic bombs .   # Hiroshima  # BanTheBomb
",Disaster
The cryptic words that guided pilots on the Hiroshima bombing mission   # canada,Disaster
 # Setting4Success Bells toll in Hiroshima as Japan marks 70 years since atomic bombing  # News  # smallbusiness  # entrepreneur,Disaster
 # Australia  # News  ;   # Japan marks 70th anniversary of  # Hiroshima atomic bombing   READ MORE ;  ,Disaster
 @ NBCNews Yea bombing  # pearlharbor not so good of an idea ! ,Disaster
70th anniversary of Hiroshima atomic bombing marked  ,Disaster
Japan Marks 70th Anniversary of Hiroshima Atomic Bombing ,Disaster
 @ rinkydnk2  @ ZaibatsuNews  @ NeoProgressive1 When push2Left talk =  ' ecology '  &  ' human rts '  &  ' democracy '  .  War Afghetc =  ' Left '  humanitarian bombing,Disaster
Hiroshima bombing justified :  Majority Americans even today  -  Hindustan Times ,Disaster
 @ snapharmony  :  Bells toll in Hiroshima as Japan marks 70 years since atomic bombing ,Disaster
Japan marks 70th anniversary of Hiroshima atomic bombing ,Disaster
 # Japan marks 70th anniversary of  # Hiroshima atomic bombing  ( from  @ AP )  ,Disaster
Today is the day Hiroshima got Atomic bomb 70 years ago .    -  The  ' sanitised narrative '  of Hiroshima ' s atomic bombing ,Disaster
"What it was like to survive the atomic bombing of Hiroshima
",Disaster
I think bombing Iran would be kinder .  ,Non-Disaster
Oh and fuck Bill Clinton for bombing us and fuck NATO . ,Non-Disaster
Japan marks 70th anniversary of Hiroshima atomic bombing :  Bells tolled in Hiroshima on Thursday as Japan marked 70 ,Disaster
Japan marks 70th anniversary of Hiroshima atomic bombing  # Generalnews ,Disaster
A Marshall Plan for the United States by Dambisa Moyo via  @ Project Syndicate  # oped  via  @ po . st,Non-Disaster
 @ Ameen Shaikh by ur .  logic if bridge didnt collapse then second train engine should cross bridge then   @ sanjaynirupam  @ sureshprabhu,Disaster
"Australia ' s Ashes disaster  -  how the collapse unfolded at Trent Bridge .  
  # cricket",Disaster
Sioux City Fire Officials Believe Bridge Collapse Lead To Cement Truck Roll Over  -  Siouxland Matters :  Siouxlan .  ,Disaster
Ashes 2015 :  Australias collapse at Trent Bridge among worst in history :  England bundled out Australia for 60  .  ,Disaster
2 Injured 1 missing in bridge collapse in central Mexico ,Disaster
I never knew about the relationship btwn Kansas City Hyatt bridge collapse  &  AIA ' s COTE .     via  @ HuffPostArts,Disaster
What the fuck is going on at Trent Bridge ?  !   Reminds me of England ' s collapse out in the Caribbean back in the 90s . ,Disaster
Swiss Kosher Hotel Bridge Collapse Injures Five People  -    @ JewishPress,Disaster
Bridge collapse not natural calamity but man - made :  MPP lambasts Congress  -  KanglaOnline    # Yugvani,Disaster
Two giant cranes holding a bridge collapse into nearby homes ,Disaster
ICYMI  -   # Ashes 2015 :  Australia collapse at Trent Bridge  -  how Twitter reacted  ,Disaster
Warne shocked over Australia ' s epic collapse at Trent Bridge :  Johannesburg Aug 06  ( ANI )  :  Legendary Australian .  ,Disaster
 @ BloopAndABlast Because I need to know if I am supposed to throw myself off a bridge for a  # Collapse or plan the parade .  There is no both,Non-Disaster
2 Injured 1 missing in bridge collapse in central Mexico  -  Fox News Latino ,Disaster
Two giant cranes holding a bridge collapse into nearby homes  via ,Disaster
 # TrainTragedy  -  Happened in MP due to collapse of bridge now I m afraid to take a long distance train .  ,Disaster
Listening to Blowers and Tuffers on the Aussie batting collapse at Trent Bridge reminds me why I love  @ bbctms !  Wonderful stuff !   # England vs Australia,Non-Disaster
 # computers  # gadgets Two giant cranes holding a bridge collapse into nearby homes   # slingnews,Disaster
Australia ' s Ashes disaster  -  how the collapse unfolded at Trent Bridge  -  Telegraph ,Disaster
 @ followlasg This is urgentthere is currently a 3 storey building at church B / stop Oworoshoki Third mainland bridge which likely to collapse,Disaster
Ashes 2015 :  Australia collapse at Trent Bridge  -  how Twitter reacted  ,Disaster
Mexico :  construction of bridge collapse killsone  ,Disaster
Two cranes restoring a bridge in the central Dutch town of Alphen aan den Rijn collapse on to buildings with rescuers searching for,Disaster
Leicester_Merc  :  ICYMI  -   # Ashes 2015 :  Australia collapse at Trent Bridge  -  how Twitter rea  )  ,Non-Disaster
US wont upgrade its infrastructure ?   '  it a bad situation and its going to get ugly very quickly  # USA  # sustainability,Disaster
 @ Ameen Shaikh sir i just only wanted to make a point about  @ sureshpprabhu you made and said he is lying about bridge collapse . ,Disaster
 @ SonofLiberty357 all illuminated by the brightly burning buildings all around the town ! ,Non-Disaster
 ' I am a Gemini '   * children screaming buildings burning police sirens in the distance * ,Disaster
Mmmmmm I am burning .  I am burning buildings I am building .  Oooooohhhh oooh ooh . ,Disaster
 @ DougMartin17 Fireman Ed runs into burning buildings while others are running out Doug he deserves your respect ? ,Disaster
 @ themagickidraps not upset with a rally upset with burning buildings businesses executing cops that have nothing to do with it etc,Disaster
kou is like  [ CASH REGISTER ]   [ BUILDINGS BURNING ] ,Non-Disaster
 @ _minimehh  @ Chris Joyner I must be overlooking the burning buildings ?   # Black Lives Matter,Disaster
 @ few more tweets all lives matter .  Just not a fan of burning down buildings and stealing from your neighbors to  ' protest ' ,Disaster
The greatest female beat boxer ever now but it is whatever .  Save babies outta burning buildings on my free time but ya know .  whatevs . ,Non-Disaster
I am mentally preparing myself for a bomb ass school year if it is not I am burning buildings  ? ,Non-Disaster
The Rocky Fire burning in northern California is still threatening more than 7000 buildings .  It is the largest in the state  # 9newsmornings,Disaster
 ?  High Skies  -  Burning Buildings  ?    # nowplaying,Non-Disaster
"Messi :  has tattoos so he cannot donate blood
Ronaldo :  runs into burning buildings to save dogs  # respect",Disaster
I can probably skip on these basic life maintenance things for a few days .   ( cut to burning buildings people screaming in the streets ) ,Disaster
 @ 1acd4900c1424d1  @ Fox News no one is rioting burning down buildings or looting . ,Disaster
 @ joshcorman   # infosec rather you knew it or not your a firefighter  now days  you often  run into burning buildings Deal with it . ,Non-Disaster
into burning fucking buildings  ( 2 / 2 ) ,Disaster
Ever since Kelly ' s burned I keep having dreams about being inside burning buildings  ? ,Non-Disaster
Schools in Western Uganda still Burning down Buildings during Strikes . Strikes in Western Uganda always Lit literally . ,Disaster
I Pledge Allegiance To The P . O . P . E .  And The Burning Buildings of Epic City .   ? ,Non-Disaster
 @ DoctorFluxx  @ StefanEJones  @ spinnellii  @ themermacorn  No burning buildings and rob during a riot .  That is embarrassing  &  ruining this nation . ,Disaster
People are more worried about the burning of buildings than black people losing their lives disgusting . ,Disaster
Bradford .  Back to doing what we do best .  Burning down our own buildings .  Read it and weep Leeds .  ,Disaster
 @ EPCOTExplorer my jealous tears are burning with the fire of a thousand ransacked buildings .  SO AWESOMEEEEEEEE,Disaster
 @ zourryart I forgot to add the burning buildings and screaming babies,Disaster
Sinking ships burning buildings  &  Falling objects are what reminds me of the old us . ,Disaster
like for the music video I want some real action shit like burning buildings and police chases not some weak ben winston shit,Disaster
Burning buildings ?  Media outrage ?  ,Disaster
"Must get hot in burning buildings

 - loses followers -  ",Disaster
 @ Rock Bottom Radio Is one of the challenges on Tough Enough rescuing people from burning buildings ? ,Non-Disaster
saving babies from burning buildings soaking cake in a shit tonne of alcohol mat is a man after my own heart  ?   # GBBO,Non-Disaster
 @ PPFA At least they are not burning buildings and looting stores . ,Non-Disaster
Witness video shows car explode behind burning buildings on 2nd St this afternoon  # Manchester   via  @ MikeCroninWMUR,Disaster
Watching Xela firefighters struggle to save burning buildings last night with old equipment makes me so grateful for DCFD  @ ChR3lyc  @ IAFF36,Disaster
"
CROYDON RIOTS -  The Next Day :  Burning Buildings in High Street  &  crowds at Reeves Corner
Croydonization
August 2011",Disaster
Fire hazard associated with installation of non - compliant external cladding on   -  By  @ www . cbp lawyers,Disaster
 .  @ greenbuildermag  @ NFPA to hold free webinar on  # wildfire mitigation 8 / 19 at 2pm ET .    @ Firewise  @ Michele_NFPA,Disaster
Video :   Fire burns two apartment buildings and blows up car in Manchester ,Disaster
Fire destroys two buildings on 2nd Street in  # Manchester ,Disaster
Multiple Buildings On Fire In Downtown Hinton  ,Disaster
Buildings are on fire and they have time for a business meeting  # TheStrain,Disaster
Ton of smoke coming out of one of the new apartment buildings at 160 Ross in Auburn .  Several fire trucks on scene .  ,Disaster
square just let booty org write xv im sure we would do just fine  ( buildings around me set on fire ) ,Non-Disaster
Smoke detectors not required in all buildings :  An office building on Shevlin - Hixon Drive was on fire .  There we .  ,Disaster
"someone :  mentions gansey on fire
me busting through the brick walls of seven different buildings : ",Disaster
Such beautiful architecture in  # NYC I love those fire escape routes on the buildings .   # newyork ,Disaster
 # Tweet like it is september 11th 2001 Those two buildings are on fire,Disaster
just in :   # kenya :  several buildings are reported to be on fire close to dam estate  # langata at 2 : 22pm . ,Disaster
They are evacuating buildings in that area of State Road 20 .  We still do not have confirmation of what is on fire . ,Disaster
shootings explosions hand grenades thrown at cars and houses  &  vehicles and buildings set on fire .  It all just baffles me . Is this Sweden ? ,Disaster
A change in the State fire code prohibits grills on decks at condos and apartment buildings .   Check with your .  ,Non-Disaster
Fire hazard associated with installation of non - compliant external cladding on high - rise buildings  -  Insurance  -  Aust ,Non-Disaster
Fire Displaces Families and Damages Two Buildings in Troy :  Fire broke out on Fourth Street in   # Albany  # NY  # News,Disaster
What news reports am I missing ?  Are there buildings on fire people shot etc .  due to videos ?   # PPSellsBabyParts ,Disaster
So my band Buildings on Fire are playing  @ bbcintroducing  @ PurpleTurtleRdg this Wednesday with  @ GIANTGIANTSOUND   # rdg,Non-Disaster
Now on  :  PHOTOS :  Flames rage through Manchester buildings in 3 - alarm fire   # NH1News,Disaster
 @ BigSim50 nah Philly pundits are half the cause .  They set buildings on fire to report on buildings being on fire . ,Disaster
MaFireEMS :  RT WMUR - TV :  Two buildings involved in fire on 2nd Street in  # Manchester .  WMUR - TV   via KCarosaWMUR,Disaster
Now on WSLS :  fire burns multiple buildings in  # Montgomery Co tips to make childcare less expensive  &  rain .  Join  @ jennasjems  @ PatrickWSLS,Disaster
I just wanted to watch Paper Towns but the buildings on fire  ? ,Disaster
I hope the only time I end up on TV is when I am being arrested for lighting buildings on fire . ,Disaster
Charred remains of homes on 2nd St in Manchester NH after fire rips through 2 buildings damaging neighboring homes ,Disaster
Three - alarm fire destroys two residential buildings a car in Manchester N . H .  on Sunday afternoon ,Disaster
1943 :  Poland  -  work party prisoners in the Nazi death camp Treblinka rebelled seizing small arms and setting buildings on fire .   # history,Disaster
17 people displaced after 3 - alarm fire tore through 2 apartment buildings on Second Street in Manchester .   -    # MHT,Disaster
Hinton city officials confirm multiple buildings on fire currently evacuating people on Main Street .  We are on our way  @ OKCFOX,Disaster
I HATE WHEN IM TRYING TO STRAIGHTEN MY HAIR AND MY BROTHER COMES SWOOPING IN BEHIND ME AND SCARES ME I JUST BURNED MY FINGER,Non-Disaster
Fire burning on Pendleton has burned 300 acres :  Smoke reported drifting over Temecula .  ,Disaster
I should probably stay away from hot glue guns .  I burned one finger pretty bad,Non-Disaster
What progress we are making .   In the Middle Ages they would have burned me .   Now they are content with burning my books .    - Sigmund Freud,Non-Disaster
 @ HGF52611 Uh huh .  You only have to be burned once to know fire hurts .  Robbie Ross should throw home run derby in the All Star Game  # RedSox,Non-Disaster
Burned my popcorn ? ,Non-Disaster
 @ Wild_Lionx3 so others do not get burned,Non-Disaster
when you are taking a shower and someone flushes the toilet and you have  . 1 second to GTFO or you get burned ? ,Non-Disaster
"Always look for the silver lining !   

My barn having burned to the ground
I can now see the moon . 
~ Mizuta .  ",Non-Disaster
Sure I just burned about 100 calories after eating a giant bowl of mac and cheese so I totally earned this 300 calorie Klondike Bar . ,Non-Disaster
Alton brown just did a livestream and he burned the butter and touched the hot plate too soon and made a nut joke ,Non-Disaster
All you have to do is look up sports riots on google and you will see more than couches being burned .  You fr gotta go ,Disaster
I spent 17 minutes walking with RunKeeper .  90 calories burned .   # LoseIt,Non-Disaster
Sure  -  take them away from fire fighting for King Stevie  &  Crusty to have a photo - op  !  ,Non-Disaster
burned 129 calories doing 24 minutes of Walking 3 . 5 mph brisk pace  # myfitnesspal,Disaster
do not get burned twice by the same flame . ,Non-Disaster
Burned dog finds new home with young burn victim ,Disaster
It hurts for me to eat cause i burned my tounge with a pepperoni yesterday ! ,Non-Disaster
I spent 15 minutes lifting weights .  43 calories burned .   # LoseIt,Non-Disaster
Holy fuck QVC bitch just got burned so hard . ,Non-Disaster
I just remembered the McDonald ' s that burned down used to have the coolest play ground  &  the new one am not got shit but video games  )  : ,Non-Disaster
burned 202 calories doing 30 minutes of Walking 4 . 0 mph very brisk pace  # myfitnesspal,Non-Disaster
My sister Rl Burned All Her Boyfriend Clothes Recorded It  &  Sent It to him  ? ,Non-Disaster
" @ kennethbauer_ more like coffee and noodles 

Burned",Non-Disaster
Just burned the crap out of my grilled cheese sandwich .  Sure wish I had a few life skills figured out by now . ,Non-Disaster
I joked about it but Wood has to be burned out from working so many innings so often .   # CubsTalk,Non-Disaster
Mad River Complex fires have burned 14028 acres 8 %  contained :  The Mad River Complex fires in Trinity County  .  ,Disaster
 @ thomasvissman22  @ KeithyyL Keithyy gettin burned outta the blocks and on social media .  ,Non-Disaster
I burned myself today on the oven  ?  it was at 500 degrees  ? ,Non-Disaster
Watch how bad that fool get burned in coverage this year .  Dat dude is all - pro practice squad material,Disaster
I PUT MY CHICKEN NUGGETS IN THE MICROWAVE FOR 5 MINUTES INTEAD OF 1 ON ACCIDENT AND THEY FUCKING BURNED,Non-Disaster
Just burned the shit outta myself on my dirt bike  ? ,Non-Disaster
Metal Cutting Sparks Brush Fire In Brighton :  A brush fire that was sparked by a landowner cutting metal burned 10 ,Disaster
the stars are burning i here your voice in my mind,Non-Disaster
You Bitches Walking Around Like Yall Hot Shit  &  Got Bed Bugs  &  You Burning  ? ,Non-Disaster
It is raining outside I am burning my favorite candle and there is hot cocoa to sip .  Nap time  =  awesomesauce . ,Non-Disaster
Herman Cranston :   # atk  # LetsFootball RT SkanndTyagi :   # let us Football  # atk WIRED  :  All these fires are burning through  ,Non-Disaster
501 sky news mandem in totteham going maddddd burning up fed cars an dem ting dere,Disaster
 @ aubilenon  @ MarkKriegsman if you think You would like burning man you should try it because it is the only way to know ! ,Non-Disaster
The 8 - Minute Fat - Burning Routine Thats Also Really Fun   # fat weightless  #  fatburning  # burnfat  # skinny  # workout,Non-Disaster
 bulletproof and black like a funeral ;  the world around us is burning but we are so cold .  ,Disaster
 .  @ StacDemon with five burning questions for Chris Mullin and St .  Johns in 2015 - 16 :    # SJUBB,Disaster
 @ JohnsonTionne except idk them ?  it is really burning  ? ,Non-Disaster
Leader of  # Zionism STOP BURNING  # Babies  ,Disaster
Kanger coils  -  burning out fast ?  via  / r / Vaping101 ,Non-Disaster
RT  @ HuffPostComedy :  We should build a wall that keeps Burning Man attendees from coming home  ,Non-Disaster
Flames visible from fire in Tucson mountains :  A lightning - caused fire burning in steep rocky terrain in mountains ,Disaster
We will be burning up like neon lights ? ,Disaster
do not be so modest .  You certainly .   * sniff *   * sniiiiiiff *  Er Donny ?  Is something burning ? ,Non-Disaster
The Burning Legion has RETURNED !   ,Non-Disaster
the bar method  integrates the fat burning format of interval training the muscle shaping techniqu ,Non-Disaster
If you are bored with life if you do not get up every morning with a burning desire to do things  -  you do not have enough goals .   - Lou Holtz,Non-Disaster
My hand is burning,Disaster
Uhhhhh demon hunters .  But not the whole Burning Crusade v 2 . 0 thing .   ,Non-Disaster
Now playing :  Boat Club  -  Memories on London Burning Web Radio  -  ,Non-Disaster
 @ nagel_ashley  @ Vicken52  @ BasedLaRock  @ goonc1ty rip the world .  its burning,Non-Disaster
 @ Rubi_ How many stacks of burning did it apply ? ,Non-Disaster
Parents are taking their kids to Burning Man and one 11 year old thinks it is  ' better than .  ,Non-Disaster
 @ Michael5SOS haha so would you say its so hot your balls are burning off ? ,Disaster
Why put out a fire that is still burning ? ,Non-Disaster
 #  ? x ?  :   : and to counter acts such as the burning of the Alexandrian library . ,Disaster
 ' CALIFORNIA IS BURNING :  '  Gov .  Jerry Brown told reporters at a press conference that California is experiencing .  ,Disaster
If Youre Not Paying Attention to Your Influencers Youre Burning Money  |  SocialTimes ,Non-Disaster
 @ minsuwoongs i completely understand because i just woke up like 15 minutes ago and im Burning,Non-Disaster
 # ika  # tuning Soup  # diet recipes  |  fat burning soup recipes :   Fat Burning Soup Diet Recip ,Non-Disaster
2 Burning Man Tickets  +  Vehicle Pass  -  Full read by eBay  ,Non-Disaster
The last few days of summer are supposed to be the most fun so what is more fun then accidentally burning arm hair while playing with a lighter,Non-Disaster
Killing Black Babies at Planned Parenthood where is the demonstrations looting of PP burning down the buildings Black Babies Lives Matter,Disaster
the mv should just be them strutting like they mean it while buildings are burning up in the bg and flames everywhere how cool would that be,Disaster
 @ Louis_Tomlinson incredible ?  THE CHILDREN WERE SCREAMING BUILDINGS WERE BURNING AND I WAS DANCING IN THE ASHES,Disaster
A protest rally at Stone Mountain ?  Atleast they are not burning down buildings and looting store like some individuals do when they  ' protest ' ,Non-Disaster
My man runs into burning buildings for a living but is scared to hit up a girl .  I do not get it . ,Non-Disaster
THIS SOUNDS LIKE A SONG YOU WOULD HEAR IN A MOVIE WHERE THEY ARE WALKING AWAY FROM BURNING BUILDINGS AND CARS AND SHIT,Non-Disaster
 @ foxnewsvideo  @ AIIAmericanGirI  @ ANHQDC So  .  where are the rioters looters and burning buildings ?   WHITE LIVES MATTER ! ,Disaster
forestservice  :  RT dhsscitech :   # Firefighters run into burning buildingswe work on  # tech t  )  ,Disaster
 # KCA  # VoteJKT48ID DUCKVILLELOL :  Burning flips the table and says  ' screw this lets hit some buildings !  '  Grabs a DR  ,Non-Disaster
Hero ' s fight wars and save ppl from burning buildings etc I am sorry but u gotta do more than pay 4 a sex change be4 I call u a hero,Non-Disaster
Destruction magic ' s fine just do not go burning down any buildings . ,Disaster
I will never support looting or the burning of buildings but when seeing the people fight back against the police .  I was proud,Disaster
Attempting Delany ' s Dhalgren in beastly NY heat .  Downing hot coffee amongst descriptions of buildings burning for days without ruin . ,Non-Disaster
 @ MoFanon  ?  your last retweet you would think the lion saved people from a burning buildings it is not that deep,Non-Disaster
I am battling monsters I am pulling you out of the burning buildings and you say I will give you anything but you never come through . ,Non-Disaster
Large fire burning several buildings causing evacuations in downtown Hinton :  ,Disaster
Ali you flew planes and ran into burning buildings why are you making soup for that man child ?  !   # BooRadleyVanCullen,Non-Disaster
Heavy smoke pouring out of buildings on fire in Port Coquitlam  ,Disaster
drew storen is probably curing cancer  &  saving puppies from burning buildings while contemplating what he did 2 deserve this disrespect,Non-Disaster
Ah yes the gays are totally destroying America .  I can see buildings burning and meteors crashing into schools wow,Non-Disaster
Strikers in Phalaborwa striking over the CHINESE taking their jobs .  Strikers burning buildings attacking cars 2 .  ,Disaster
if firefighters acted like cops they would drive around shooting a flamethrower at burning buildings,Non-Disaster
"dog rendered a kitten from burning buildings
 ",Disaster
 @ kshllcenterpri1  @ Progress4Ohio burning down buildings what you mean like when you burnt down those black churches ? ,Disaster
" ' i never understood guys who wanted to run into burning buildings .  ' 
 ' you chase murderers .  ' 
 ' not if they are on fire .  ' ",Non-Disaster
Dudes will thoroughly express how stupid black ppl r for burning buildings in response to brutality but nvr mention them being mistreated . ,Disaster
"You picture buildings burning to the ground from the basement to the streetlight .  

I am not your drinking problem
a hole is in the sky . ",Disaster
Where are the protests  ?  The riots ?  The burning buildings ?  How come you do not see any of that crap happening when .  ,Disaster
Insane bush fires in California .  Be safe .  ,Disaster
 @ POTUS Would you please explain what you are going to do about the volcanoes  &  bush fires spouting all that CO2 into the air ? ,Disaster
 @ marcoarment Middle of winter in Sydney we have had snow bush fires and 78 degree days in the last week .   Keeps you on your toes for sure . ,Disaster
Ted Cruz fires back at Jeb  &  Bush :  We lose because of Republicans like Jeb  &  Mitt .   [ Video ]   -   ,Non-Disaster
OMFG there are bush fires all over this tiny island .  Our freaking house is gonna burn down . ,Disaster
Slash - and - burn blamed for bush fires in western St Thomas  -  ,Disaster
Drought fuels bush fires in Jamaica  -     -   @ Jamaica Observer  @ C News Live RE ,Disaster
 @ DoriCreates  @ alhanda seems gov moonbeam between tokes blames bush for all the fires . ,Disaster
The Public Health Team was traumatised after the bush fires .  Could  # AppreciativeInquiry turn this around ?  ,Disaster
 ' When you attack women ' s health you attack America ' s health .  '  Hillary Clinton shows how to  # Stand with planned parenthood ,Non-Disaster
On holiday to relax sunbathe and drink  .  Putting out bush fires ?  Not so much  ?   # spain ,Non-Disaster
Californian Bush Fires 2015 ,Disaster
28 Oct 1895 :   ' Bush Fires .  '  ,Disaster
 @ dacherryontop13 ohh there are bush fires in Spain like every year one time when we went swimming there were planes getting water to fight,Disaster
Bush Fires are scary . even scarier when you go down and fight them,Disaster
One thing you can be sure of .  There will never be bush fires in Scotland as the ground is always soaking wet ? ,Non-Disaster
 @ JohnFromCranber  Pleas FOR global warming do not really work when California  /  Australia keep having catastrophic  ' bush '  fires . ,Disaster
Ted Cruz fires back at Jeb  &  Bush :  We lose because of Republicans like Jeb  &  Mitt .   [ Video ]  ,Non-Disaster
SMH photographer Wolter Peeters was on the front line with NSW Rural Fire Service crews la  ,Disaster
So apparently there were bush fires near where I live over the weekend that I was totally oblivious to . ,Disaster
California Bush fires please evacuate affected areas ASAP when california govts advised you to do so ,Disaster
The Bush fires in CA are so crazy,Disaster
That triumphant moment when you cook up two eggs over easy with no yolk casualties  ?  ,Non-Disaster
" ? 
Warfighting Robots Could Reduce Civilian Casualties So Calling for a Ban Now Is Premature  -  IEEE Spectrum ",Disaster
Another movie theater attack . close to home this time .  Thankful for no casualties .  Life will go on because we cannot allow evil to win ! ,Disaster
Civilian casualties rise as Afghan war intensifies in 2015 -  ,Disaster
Afghan conflict sees  ' sharp rise '  in female casualties  ,Disaster
Warfighting Robots Could Reduce Civilian Casualties So Calling for a .  ,Disaster
 @ LibertarianLuke I am all for that to be honest .  If people want to go on a rampage let them use their own hands and feet .  No casualties . ,Non-Disaster
"Afghanistan :  U . N .  Reports  ' Record - High Levels '  of Civilian Casualties
    
In news from Afghanistan the United .  ",Disaster
Need to stop bottling things up because when everything eventually explodes the casualties just keep getting higher and higher,Disaster
Countless Casualties All Across The Globe War Being Orchestrated On All The Corners Of The Planet  [ On All Levels ]  ,Disaster
disinfo :  Warfighting Robots Could Reduce Civilian Casualties So Calling for a Ban Now Is  .   -  .    # criticalmedia,Disaster
A poignant reminder that in war there are many casualties .  ,Disaster
 @ LasVegasLocally  @ VitalVegas They reined it in to 3 drinks each for 2 people but only on account of too many falling - off - stool casualties ! ,Non-Disaster
There might be casualties tomorrow,Disaster
The more I listen to it the more I believe Casualties of Cool is one of the best albums there ever was . ,Non-Disaster
 ' American Weapons and Support Are Fueling a Bloody Air War in Yemen '  ,Disaster
I am LAUGHING IN THE FACE OF CASUALTIES AND SORROW THE FIRST TIME I am THINKING PAST TOMORROW BUT I AM NOT THROWIN AWAY MY SHOT,Disaster
 @ Catwoman1775 Another shooting in a movie theater this is getting more crazier but I am glad they got the shooter  &  no casualties . ,Disaster
"Students at Sutherland remember Australian casualties at Lone Pine Gallipoli
  via  @ theleadernews",Disaster
Sharp rise in women children casualties in Afghan war UN says  ,Disaster
" @ FlyOpineMonkey You mean Olympic  ;  -  )  
Also its follow - up for Honshu Operation Coronet .  
In all :  1m Allied casualties 30m Japanese dead . ",Disaster
 @ AlcoholAndMetal  +  do anything to fix that .  Of the few people he had every trusted in his life Charles was one of the casualties . ,Disaster
Civilian Casualties in Afghanistan Reach Record High  ,Disaster
 @ CounterMoonbat  @ Voodoo_Ben I have heard we are still using Purple Hearts manufactured then bc of the  #  of casualties we expected . ,Disaster
Another day has passed and THANKFULLY Central Command has CONFIRMED NO new casualties .  Please pray for those in .  ,Disaster
News Wrap :  UN warns female and child casualties are on the rise in Afghanistan   # pbs  # iraq,Disaster
The road to power is paved with hypocrisy and casualties .   # FrancisUnderwood  # HoC ,Non-Disaster
"Revise the Death to America scenario ?  

While there is 500 American casualties by Iranian activity SUSPECTED !  ",Disaster
 # Afghanistan :  sharp rise in women and children casualties in first half of  # 2015 ,Disaster
Stay tuned or do not idc  # casualties ,Non-Disaster
 # Civilian casualties in Afghanistan hit highest number since 2009 U . N .  says via  @ WashingtonPost  -  ,Disaster
Warfighting Robots Could Reduce Civilian Casualties So Calling for a Ban Now Is Premature   # FTSN  # FTSNNewsdesk  # ,Disaster
 @ irishspy What you do not think the Allies should have just sucked up 1 million casualties ? ,Disaster
Afghanistan :  sharp rise in women and children casualties in first half of 2015 ,Disaster
Whimsy as it pertains to mass casualties .  Always impressive . ,Non-Disaster
Train derailment :  In Patna no news of any casualty so far ,Disaster
We are  # hiring in our Toronto branch !  Surety Underwriter / Senior Underwriter and Casualty Product Leader .  Apply today .  ,Non-Disaster
Being able to stay out of work this week to take online courses for the Property and Casualty State ,Non-Disaster
Property / casualty insurance rates up 1 %  in July :  After several months of no movement commercial property / casu .  ,Disaster
Was  ' 80s New  # Wave a  # Casualty of  # AIDS ?  :  Tweet And Since theyd grown up watching David ,Non-Disaster
Cos sanity brings no reward for one more hit and one last score .  do not be a casualty cut the cord . ,Disaster
Another sad ocean casualty - Gray whale population in the Pacific listed as critically  # endangered  (  # drone video )    . ,Disaster
 @ ThomasHCrown My grandfather was set to be in the first groups of Marines to hit Japan in Operation Olympic .  95 %  casualty rate predictions,Disaster
1st Quality Insurance Group is  # hiring Licensed Property  &  Casualty Insurance Agent Produc   # jobs  # Denver,Non-Disaster
 ' Become another casualty of society ' ,Non-Disaster
Benzema increasingly looks to be a casualty of Benitez ' s new look squad .  Arsenal bound ?  50 - 50 chance I think,Disaster
WANTED :  gritty and real casualty photos of Pasta Thursdays at Amico ' s .  Tag us or  # amicospizzato  # seeyouatamicos .  ,Non-Disaster
Casualty Team :  Ice Cream Recall Sends Chill Through Food Industry ,Non-Disaster
UNPREDICTABLE DISCONNECTED AND SOCIAL CASUALTY ARE MY FAVORITES HOW DO PEOPLE NOT LIKE THEM,Disaster
 @ NorthBayHealth Trauma Center Shines In Response To Multi - Casualty Crash .   ,Disaster
 @ ScriptetteSar  @ katiecool447 btw the 30th is actually next year casualty began 6th September 1986 so 2016 marks 30 years,Disaster
 @ AvBronstein  @ Popehat  @ instapundit  @ Kurt Schlichter Also are you aware of the casualty estimates for an invasion of Japan ' s home islands ? ,Disaster
"You cannot watch  ' Home Alone 2 '  without telling your kids 
 ' she used to be on Casualty '  .  
 # Homealone2  # film4",Non-Disaster
AM Best Special Report :  How Metrics Correlate to AM Best ' s Property / Casualty  .   -  MarketWatch ,Non-Disaster
That took way longer than I expected,Non-Disaster
I still do not know why independence day and social casualty are not on the rowyso setlist these songs would be so good live,Non-Disaster
 @ Calum Hood I need to stop doing this to myself ?   @ s_casualty,Non-Disaster
RT  @ Green Harvard :  Documenting climate change ' s first major casualty  via  @ Green Harvard,Disaster
 @ 5SOSFamUpdater social casualty,Non-Disaster
Canceling Deal for 2 Warships  # France Agrees to Repay  # Russia via  @ nytimes ,Non-Disaster
Social Casualty  # MTV Hottest 5SOS,Non-Disaster
Conning Builds Strong Case for Portfolio  # Diversification for Property - Casualty Insurers ,Non-Disaster
 @ reriellechan HE WAS THE LICH KING ' S FIRST CASUALTY BLOCK ME BACK I HATE YOU !  ,Disaster
Casualty Roleplay somebody please am so bored,Non-Disaster
Casualty insurance jobs against hunt up willinghearted into :  RPN ,Non-Disaster
Japan had a nuke program  ( albeit unsuccessful )  and the casualty estimates for a ground war were in the tens of millions .   @ MacKinnon08,Disaster
 # NowPlaying :  Dubstep Hardstyle Trap Messy Mix  ( event recording )  by Alien Casualty on  @ Mixify  ,Disaster
Small casualty on the way to Colorado ,Disaster
 .  @ stavernise :  France agreed to repay Russia for two warships which were never delivered after economic sanctions  ,Non-Disaster
 .  @ robdelaney  Catastrophe is anything but !  I literally have been unable to stop ejaculating . ,Disaster
 @ APPLEOFFIClAL Migrating from iPhoto to Photo is a catastrophe .  I have wasted days trying to get this to work .  12 hrsto get to 8 %  complete . ,Non-Disaster
Cultivating Joy In The Face Of Catastrophe And Suffering   # pjnet  # tcot # ccot ,Non-Disaster
 # Borrowers concerned at possible  # interest rate rise .  This could be a  # catastrophe ,Non-Disaster
 .  @ uriminzok The coming catastrophe of the destruction of the puppet republic half naemolgo continue to firmly support .  Yiraneuni and against,Non-Disaster
failure is a misfortunebut regret is a catastrophe,Non-Disaster
 @ deb117 7 / 30 that catastrophe man opens school withanother he is an athlete not a teacher a principle not fulfilling any inside clerical duties,Non-Disaster
 # iphone  # twist Ultimate  # preparedness library :   Prepare Yourself For Any Catastrophe .  Ov ,Non-Disaster
 @ gemmahentsch  @ Megyn Kelly  @ DLoesch I can not envision any catastrophe that would prevent a woman placing her child for adoption . ,Non-Disaster
 @ Peter Jukes But there are good grounds to believe that  ' political military catastrophe '  was a crime planned and committed by individuals . ,Disaster
Then the stylist who ' d been silent says  ' there is a cool show on Amazon Prime called Catastrophe .  ' ,Non-Disaster
 # boy  # mix Ultimate  # preparedness library :   Prepare Yourself For Any Catastrophe .  Over 10 ,Disaster
God bless catastrophe,Non-Disaster
 @ MaatMHI Slightly diff catastrophe  &  Barry was running solo but generally the same thing . ,Non-Disaster
UPDATE :  7 of the 9 Mac Pros my company bought in May have had catastrophe failures requiring repair ! ,Disaster
Pisces tweets need to get better because most the tweets make me sound like a total emotional catastrophe . ,Non-Disaster
Taylor and Cara aka Catastrophe and Mother Chucker behind the scenes of Bad Blood .  Vote :    # VMAs ,Non-Disaster
 [ reviews ]   # PixelsMovie not a catastrophe nor a funny movie .  our review here  :  ,Non-Disaster
Burford .  What a catastrophe !  Traffic and big lorries .  No action as usual from Council . ,Non-Disaster
 # Denver CO  # Insurance  # Job :  Claims Property Field Adjuster Catastrophe Safeco  USA at Liberty Mutual Insurance ,Non-Disaster
 # spark  # song Ultimate  # preparedness library :   Prepare Yourself For Any Catastrophe .  Over ,Non-Disaster
12 Month Payday Short Catastrophe Loans  -  Promote Finance Your Desire lIQd,Non-Disaster
I rated Catastrophe  ( 2015 )  8 / 10   # IMDb  -  hilarious !  ,Non-Disaster
 .  @ AIGinsurance CEO :  Divestitures and  # Catastrophe Losses Temper Q2  # Results ,Non-Disaster
Chances are many of us are still digging out from that catastrophe .  THIS is why WoW NEEDS to evolve .  THIS is why it cannot be Vanilla anymore,Disaster
"Oh my god thats the biggest  # gbbo catastrophe I have EVER seen .  

Not that I watch the show or am into it at all  ? ",Non-Disaster
 # nar  # phuket Ultimate  # preparedness library :   Prepare Yourself For Any Catastrophe .  Over ,Disaster
not a catastrophe at all I am perfectly content .  being the only one means nothing when I am being controlled .  text me if you got crap to say,Non-Disaster
 @ MasochisticMage  +  catastrophe !  It caused people to get reckless and the bottom line is that at least three of your friends will have  + ,Non-Disaster
I had 2 regular coffees and a Rockstar  +  coffee today and I am still tired . ,Non-Disaster
Alaska ' s  # Wolves face catastrophe Denali Wolves population plummeted to 48 !   # SaveDenaliWolves TWEETSTORM :  ,Non-Disaster
 @ mark_argent I have not watched that one yet .  Just finished Catastrophe which is amazing,Non-Disaster
bbc r5live studio discussion of hiroshima v poor .  sheer  * luck *  the cold war did not result in catastrophe .  MAD  =  red herring .   # ScrapTrident,Disaster
Human history becomes more and more a race between education and catastrophe . ,Non-Disaster
Success is not built on success .  Its built on failure .  Its built on frustration .  Its built on catastrophe .   # real,Non-Disaster
"Britney Spears  >  Vegas !  I missed you so much !   ?  Cant wait for the show tonight  ?   # PieceOfMe 

 ?  Catastrophe  ?  ",Non-Disaster
Learning from the Legacy of a Catastrophic Eruption ,Disaster
 ' Climate change could be catastrophic  -  but it does have some benefits .  '  Really  @ weather network ?  !  ?  !  ,Non-Disaster
Following a catastrophic injury acute medical care takes precedent .   PTSD often follows in it is wake undetected .  ,Disaster
catastrophic - fallen - angel :  reveillertm :  macabrelolita :  I was supposed to write amino acids and I nearly .  ,Non-Disaster
The Catastrophic Effects of Hiroshima and Nagasaki Atomic Bombings Still Being Felt Today ,Disaster
" ' Invading Iraq was a catastrophic mistake '  . 

Diplomacy needs to replace constant threat of war by US and Israel : 

",Disaster
Learning from the Legacy of a Catastrophic Eruption  via  @ newyorker,Disaster
 @ marginoferror I wish going custom ROM were not so catastrophic,Non-Disaster
The best part of old baseball managers wearing uniforms is the implication that if something catastrophic happens they will grab a glove . ,Non-Disaster
Learning from the most destructive volcanic event in U . S .  history thirty - five years later :  ,Disaster
 @ MyVintageSoul  . of the British upper class and his manservant .   The pampered wealthy Brit causes a catastrophic shift  ( reversal )  of . ,Non-Disaster
 @ APANO55  @ James Melville 99 %  of Scientists dont believe in Catastrophic Man - Made Global Warming only the deluded do . ,Disaster
 @ SenSchumer Is this what U want Netanyahu leading these UNITED STATES into a CATASTROPHIC religious world war ?  ENOUGH already ! ,Non-Disaster
Learning from the Legacy of a Catastrophic Eruption  -  The New Yorker ,Disaster
A better look at what this catastrophic rain and flooding has done to our ,Disaster
Something Catastrophic Is Coming :  Should We Tune Out ?  ,Disaster
 ' Kessler Syndrome '  is the name for the catastrophic exponential proliferation of Space debris and destruction of satellites .   # GravityMovie,Disaster
"Excited not only about the next 6 years of school and ensuing student debt but also catastrophic climate change in my lifetime   

 : D  ? ",Non-Disaster
Pretty much every time the audio dies on an audio stream for a baseball game I assume catastrophic nuclear attack . ,Non-Disaster
Looking for a  # Defendant  # Catastrophic Injury Solicitor  # jobs  ,Non-Disaster
 @ SyringeToAnger  and probably even more .  But some disagreements with General Ross and the catastrophic occurrence made something clear .  ,Non-Disaster
Emergency Response and Hazardous Chemical Management :  Principles and Practices  ,Non-Disaster
THE CHEMICAL BROTHERS to play The Armory in SF tomorrow night !  :  EMERGENCY BAY AREA EDM ANNOUNCEMENT  THE CHEM .  ,Non-Disaster
 # Illinois :  Emergency units simulate a chemical explosion at NU  via  @ sharethis  # hazmat,Disaster
At FEMA ' s Center for Disaster Preparedness for a weeklong training on Chemical Biological Radioactive Nuclear   Emergency Response,Disaster
Russian nuclear - biological - chemical  ( NBC )  brigade  ' emergency response '  exercise in Southern MD  ,Disaster
 .  @ David Cameron Stop upsetting this bee !  Listen to science not chemical companies  # save bees  ,Non-Disaster
 ?   # Krefeld :  the incident happened in a chemical industry park !  Emergency operations underway !  A building reportly collapsed !   @ CNN Breaking News  @ ntvde,Disaster
Sign the petition  @ David Cameron to protect bees instead of toxic chemical companies want to harm them !   # save bees   -  ,Non-Disaster
USA :  BREAKING NEWS :  CHEMICAL SPILL / EVACUATIONS / RED CROSS EMERGENCY ,Disaster
New  # job opening at Downtown Emergency Service Center in  # Seattle  -   # Chemical  # Dependency Counselor or Intern  # jobs ,Non-Disaster
Emergency crews respond to chemical spill downtown beaumont  # benews ,Disaster
Explosion at chemical site leads to building collapse near Krefeld Germany .  Emergency crews on scene ;  avoid the area .   # iJETalerts,Disaster
Bomb Crash Loot Riot Emergency Pipe Bomb Nuclear Chemical Spill Gas Ricin Leak Violence Drugs Cartel Cocaine Marijuana Heroine Kidnap Bust,Disaster
Google Alert :  Emergency units simulate a chemical explosion at NU ,Non-Disaster
Downtown Emergency Service Center is hiring !   # Chemical  # Dependency Counselor or Intern in  # Seattle apply now !   # jobs ,Non-Disaster
Do you have a plan in case of a pool chemical emergency ?  Learn more here :    # watersafety  @ CDC,Non-Disaster
 @ pjcoyle  .  need to be included in emergency planning for chemical plants .  See also ,Non-Disaster
Emergency units simulate a chemical explosion at NU :  Suppose a student in the research labs at Northwestern ,Disaster
We know this is bad for the bees  -  do not give in to pressure from short term profit obsessed chemical companies .  ,Non-Disaster
Nueva favorita :  EmergeNCY feat .  The Chemical Brothers  /  My Bits   @ DeezerColombia,Non-Disaster
Downtown Emergency Service Center is hiring a  # Chemical  # Dependency Counselor or Intern apply now !   # Seattle  # jobs ,Non-Disaster
Our Chemical Spill Cleanup videos will prepare you for an emergency situation in the lab .  ,Disaster
Day 2 .  Liquidation of emergency at chemical object .   # USAR2015  # USAR15  # RUOR  #  ?  ,Non-Disaster
Emergency units simulate a chemical explosion at NU  -  Evanston Now ,Disaster
"Please stand up for bees against profit - hungry chemical companies .  Keep the ban  &   # Savebees 
Sign the petition now : 
",Non-Disaster
 @ laevantine Fortunately I reworked the plumbing on my emergency chemical shower to draw from the glitter pipe for just such an occasion,Non-Disaster
 @ Chemical_Babe its a family emergency so I cannot make it unless I have a chance to use by phone for stream . ,Non-Disaster
Emergency 4 Harbor City Mod v4 . 5 . 2  # 6 Chemical Fire in Residential Area !  :   via  @ YouTube,Disaster
Emergency responders prepare for chemical disaster through Hazmat training .  ,Disaster
"Lindenow :  3 : 15pm
Emergency crews are at a chemical spill in the main street near Church Street",Disaster
 ' Go too Ibiza Pop ah Pill Get DRUNK  &  Fall off a Cliff '  .   ( Real Talk )   @ DannyJohnJules  @ Spencer_Fearon  @ ChristieLinford,Non-Disaster
 @ D33munni  @ JeanNamibian noooooooo  .   * proceeds to fall off a cliff * ,Non-Disaster
Fuck  Neil go fall off a cliff or something .  # yr  ? ,Non-Disaster
Beat the  # heat .  Today only Kill Cliff Free Fall  $ 2 .  Pick up a  # cold drink today after the  # tough  # crossfit .  ,Non-Disaster
"NEWS FLASH !   Any decent billers been promoted to  ' manager '  ?  If so let me know as I want to watch your billings fall off a cliff . 
 # Humble",Non-Disaster
2Leezy its like you are about to fall down a cliff but you are grabbing my hand but my palms are sweaty  .  Why bruh ?  ,Disaster
I regress and I slip and I fall off that cliff,Non-Disaster
ok peace I hope I fall off a cliff along with my dignity,Disaster
If you are reading this go accidentally fall off a cliff mate,Non-Disaster
If u faved that I hope you fall off a cliff  ? ,Non-Disaster
 # FunnyNews  # Business Watch the moment a cliff collapses as huge chunks of rock fall onto a road in China  ,Disaster
Photographer Brian Ruebs endures 4500 - feet climb to capture bride and groom ,Non-Disaster
alex is making me watch 107 facts about minions i want to fall off a cliff help,Non-Disaster
Do me a favor and fall off a cliff,Non-Disaster
 @ AlexJacobsonPFS All Andre and Gore have to do is not fall off the cliff and we are elite on that side of the ball . ,Non-Disaster
Fall off a cliff please  ,Disaster
I hope they fall off a cliff . ,Non-Disaster
do not let your style fall flat this summer !  Lord  &  Cliff  # thinkpink  # magichairbump is your answer .  Adding this .  ,Non-Disaster
When you are in deep sleep and then you dream you are bout to fall off a cliff then wake up while struggling to keep a balance,Non-Disaster
Currently want to drive my car off a cliff and fall to my death . ,Non-Disaster
I hope you fall off a cliff,Non-Disaster
I accidentally killed an 87 day snap streak and now I wanna accidentally fall off a cliff  ? ,Disaster
 @ punkblunts  @ sincerelyevelnn fall off a cliff into hell idc,Non-Disaster
 @ SZMNextDoor I got this cute lil cliff you can fall off of ? ,Non-Disaster
i hope u trip n fall of a cliff after this tweet ,Non-Disaster
News Update Huge cliff landslide on road in China  -  Watch the moment a cliff collapses as huge chunks of rock fall .  ,Disaster
Huge cliff landslide on road in China :  Watch the moment a cliff collapses as huge chunks of rock fall onto a r .  ,Disaster
One day I want someone to run for the ferry fall and crack there face open for almost knocking me over just to get on a boat  ? ,Non-Disaster
Gulfport Energy  -  All - In Realizations Fall Off A Cliff ,Non-Disaster
" * Jumps off of a cliff while drinking tea * 

This is how British people fall off cliffs . ",Non-Disaster
627 %  but if they had lower striked than 16 I would have gone even further OTM .  This could really fall off a cliff . ,Disaster
That sounds like a really bad idea I like Yoenis but I feel like his production could fall off a huge cliff . ,Non-Disaster
 ' I am there !  '  Bride  &  Groom on mountain cliff edge .  Ha Ha just kidding .  I WILL NOT EVER be there .  Ha Ha  -  ,Non-Disaster
ESN  :   Cilla Black died of stroke after fall in Spain :  Sir Cliff revealed he was due to visit her in Spain next ,Non-Disaster
 # NowPlaying  *  Cliff Richard  -  I Could Easily Fall  ( In Love With You )   (  &  Shadows )   *   # Internet  # Nieuws  # Radio On ,Non-Disaster
Runaway Minion Causes Traffic Collapse in Dublin ,Disaster
Time collapse is such a cool video technique .   ,Non-Disaster
Would a paramedic really do that ?  Leave someone inside a building that is about to collapse / blow up ?   @ HalloIkBenWill,Disaster
 @ GeoffRickly I do not see the option to buy the full collapse vinyl with tee bundle just the waiting ? ,Non-Disaster
Warne Ponting shocked by Australian collapse  -  Yahoo Cricket India ,Non-Disaster
Watch The Terrifying Moment Two Giant Cranes Collapse Onto Homes :  A row of homes was destroyed in seconds .  ,Disaster
 @ BasilDudin The  ' barbaric Saudies '  as you said they relive Austrian economy .  If we stop coming here many project will collapse . ,Non-Disaster
Interview on The Collapse of Materialism Best  # TalkRadio Listen Live :  ,Disaster
Economic Collapse Investing :  Specific actions and strategies to securing lasting wealth from the financial blowout .  ,Disaster
What would you do if you were trapped in a collapsed circus tent with a bunch of clowns ?  ,Non-Disaster
I get this feeling that society will collapse or implode .  So do not be a hero and play your part . ,Non-Disaster
 @ Marvel  @ DCComics  @ ImageComics  @ DarkHorseComics  @ IDWPublishing And by doing this you are enabling the possible collapse of the industry . ,Non-Disaster
EUROCRISIS Guardian Greece ' s tax revenues collapse as debt crisis continues :  As talks continue over proposed âÂ .  ,Disaster
Only one commodity has escaped the total collapse in prices   # business,Non-Disaster
Ashes 2015 :  Australia totally collapse and the internet absolutely loves it ,Non-Disaster
I liked a  @ YouTube video  Eminem feat .  Nate Dogg  -  Till I Collapse,Non-Disaster
Timestack '  Photos Collapse Entire Sunsets Into Single Mesmerizing Images .  ,Non-Disaster
mentions of  ' theatre  + shooting '  on Twitter spike 30min prior to  $ ckec collapse ,Disaster
Correction :  Tent Collapse Story ,Disaster
 @ BehindAShield  @ Wars_Goddess Sweet Lord .    ( I collapse as my knees buckle ) ,Non-Disaster
Ashes 4th Test :  10 Hilarious Twitter Reactions to Australia ' s collapse  by  @ Absolut_Sumya15,Non-Disaster
SA MP .  Steel and ferrochrome industry on verge of collapse .  You do not even put that on list of questions to president for oral answer,Non-Disaster
"Spot fixing / match fixing  . anyone ? 
Or it has to be Pak SL WI RSA or BD to say this .  Sham on them who say that when these team collapse",Non-Disaster
Why did I come to work today .  Literally wanna collapse of exhaustion,Disaster
 # Greece ' s tax revenues collapse as debt crisis continues via  @ guardian  # bailout   ^ mp,Disaster
 ' 60 all out ?  What !  '   -  World reacts to Aussie collapse ,Non-Disaster
Now that is what you call a batting collapse  # theashes,Disaster
Growth dries up for BHP Billiton as oil price collapse bites ,Non-Disaster
 # ROH3  # JFB  # TFB  # alrasyid448ItuRasya Correction :  Tent Collapse Story   # US ROH3 SmantiBatam  # ROH3SmantiBatam,Non-Disaster
"Greece ' s tax revenues collapse as debt crisis continues
",Disaster
MGN - AFRICA pin : 263789F4  Correction :  Tent Collapse Story :  Correction :  Tent Collapse story    @ wizkidayo,Non-Disaster
The  @ POTUS economy continues to collapse . ,Disaster
 @ TheHighFessions :   ' My friend came to school blasted . i asked him if he was high he said pancakes then collapsed '   - Iowa City High,Non-Disaster
 @ sholt87  @ MtGrotto  @ Eco11C  @ carlsbadbugkil1 Saved us ? Bush lowered tax rate for wealthy n economy collapsed withMiddle Class 401ks destroyed . ,Non-Disaster
I was on my way to Gary but all the Chicago entrances was closed due to a bridge collapsed  ?  I hope they let us through tomorrow,Disaster
Gut Deutsch musik !  The old and rotten the monarchy has collapsed .  The new may live .  Long live the German Republic !  ,Non-Disaster
Great British  < b > Bake <  / b >  Off ' s back and Dorret ' s  < b > chocolate <  / b >  gateau collapsed  -  JAN ,Non-Disaster
 @ organicallyrude  @ 1ROCKSTAR62  # wish Mattingly  &  Bundy  &  McGwire were standing on it when it collapsed ! ,Disaster
Catching up on GBBO and omg that girls cake that just totally collapsed I feel so bad,Non-Disaster
Roof collapsed a bowling alley many in the community remember going to for more than 30 years  @ KEZI9 ,Disaster
 +  DID YOU SAY TO HIM !  ?  !  ?  !  ?  !  '  and phil actually collapsed on the gravel sobbing endlessly with a crowd watching him confused angry mad + ,Non-Disaster
1 hour parade like 50 people collapsed .   # OneHeartOneMindOneCSS,Disaster
 .  The pain of those seconds must have been awful as her heart burst and her lungs collapsed and there was no air and . ,Disaster
Bay District coaches learn CPR during medical course :  PANAMA CITY  An athlete collapsed on the field .  Coaches .  ,Disaster
 @ GorpuaZikinak  and tongue out as she collapsed in the cum puddle her whole body covered . ,Non-Disaster
 @ indiepopmom I CANT BREATHE MY LUNGS COLLAPSED,Non-Disaster
Zimbabwe is a country with a collapsed government ruled by a dictator while many live below the poverty line . ,Non-Disaster
 @ durrellb Prices here are insane .  Our dollar has collapsed against the US and it is punishing us .  Thanks for the info . ,Disaster
I just collapsed in my bed ugh I am exhausted,Non-Disaster
Another entity forced to close in Montego Bay as a result of the collapsed sewer line  # TVJNews,Disaster
Petition  |  Heartless owner that whipped horse until it collapsed is told he can KEEP his animal !  Act Now !  ,Non-Disaster
On the 2nd year the officer team running the club collapsed .  A few influential members betrayed everyone ' s trust severing the community . ,Non-Disaster
My portable closet has collapsed 3x and it finally broke and my mom said  ' maybe u should get rid of some clothes '  lol how about no,Non-Disaster
 @ rokiieee_ the game has officially collapsed,Non-Disaster
Great British Bake Off ' s back and Dorret ' s chocolate gateau collapsed  -  JAN MOIR  ,Disaster
Still mortified that when I went to rose ' s I collapsed on my heels face planted in front of everyone and broke my fav shoes,Non-Disaster
 ' It has not collapsed because the Greek people are still being played for as fools by Tsipras he cost '   WallyBaiter ,Non-Disaster
My  @ Quora answer to Why do my answers get collapsed when others do not ?  ,Non-Disaster
and he almost collapsed bc he said his wish came true moderately FUCK,Non-Disaster
collapsed the moment i got home last night lol,Non-Disaster
 @ flickershowell oh wow my heart collapsed cool im crying cool cool,Disaster
Look :   # I have collapsed  # after attempting to munch an endangered species . ,Non-Disaster
Apparently part of the building just collapsed .  Hope everyone is ok . ,Disaster
 @ xDescry I was wrong to call it trusty actually .  considering it spontaneously collapsed on me that is not very trusty . ,Disaster
 @ Collapsed thank u,Non-Disaster
I liked a  @ YouTube video from  @ sqwizzix  Call of Duty :  The Piano Entertainer Ep .  9  Musicians Collide ! ,Non-Disaster
And when those waves shall ripple collide it is on the tide of YOUR LOVE I will survive .   # love  @ LesleyChappelle,Non-Disaster
Somehow find you and I collide ,Non-Disaster
But even if the stars and moon collide I never want you back into my life ?  . ,Non-Disaster
Stepped outside with a drink and a cigarette and immediately locked eyes with a jogger .  Worlds really do collide . ,Non-Disaster
It is always super awkward when worlds collide,Non-Disaster
 efs300 :    ' Star Wars '  and  ' Star Trek '  Collide on Pluto Moon Charon  # pluto,Non-Disaster
When high fashion and food collide :  Gucci has chosen one of Shanghais most popular commercial avenue .    # fashion,Non-Disaster
That sounds about right .  Our building will have a thunderstorm inside one day when the air masses collide .  ,Non-Disaster
i just remember us driving and singing collide together,Non-Disaster
Lets collide untill we fill the space .   ? ,Non-Disaster
Students COLLIDE this Fri / Sat  -  register   # nlccollide ,Non-Disaster
I dont wanna touchdown just wanna make our worlds collide  ? ,Non-Disaster
 @ madisonpa_  love you  &  cannot wait until collide !  ? ,Non-Disaster
PIERCE THE VEIL Rubber Bracelet Wristband Collide with the Sky  -  Full read by eBay  ,Non-Disaster
Soultech  -  Collide  ( Club Mix )  ,Non-Disaster
I liked a  @ YouTube video from  @ gassymexican  WHEN REALITIES COLLIDE !   ( Life Is Strange Hilarious Glitch ) ,Non-Disaster
 @ mattcohen4fake Gamma Ray January Worlds Collide She Waits Be Me Wave Past Perfect Reunion Lucky Cool If I Come Over Hot Times . ,Non-Disaster
The Witches of the Glass Castle .  Supernatural YA where sibling rivalry magic and love collide  # wogc  # kindle ,Non-Disaster
Maybe if the stars align maybe if our worlds collide,Non-Disaster
Check out my new song  ' Collide '  live at the Bowery Electric !  ,Non-Disaster
 @ tackettdc Like a scene from When Worlds Collide  . ,Disaster
and even if the stars and moon collide  oh oh !  i never want you back to my life you can take your words and all .  ,Non-Disaster
 # NowPlaying the playlist  ' When Jazz and Hip - Hop Collide '  in  @ TIDALHiFi ,Non-Disaster
 # Vancouver to host 100s of electronic art events including  @ MUTEK_Montreal .    # ISEA2015,Non-Disaster
Worlds Collide When an American Family Takes Over Britain ' s Isle of Man in New TLC Show Suddenly Royal  via  @ People,Non-Disaster
When Houston and NYC collide .   ?   @ pageparkescorp  @ chloeunguyen  @ laurensicle  @ charstevens97  @ tiara_marei  # gemma  # bowe ,Disaster
This setlist from  @ collideworship_ this past Sunday was powerful !  What song was your favorite ?  ,Non-Disaster
 # TheDoolingGroup 2 injured when 2 school buses collide  -    # BREAKING :  School bus slams into school bus in Bordento .  ,Disaster
Even then our words slip and souls coincide Finer than subatomic spells Just as we collide ,Non-Disaster
Devia ler  ' AS WE COLLIDE  # wattys2015 '  no  # Wattpad  # teenfiction  ,Non-Disaster
"Secrets of the world collide but i leave the past behind 
It is been so long now and I cannot go without",Non-Disaster
When high fashion and food collide ,Non-Disaster
You either ride with us or collide with us .  It is as simple as that for me and my niggas . ,Non-Disaster
Cyclist who collided with runner on Roanoke greenway wins  $ 300000 civil verdict  via  @ roanoketimes,Non-Disaster
My 2 fav worlds have collided !  Thanks to  @ lennonparham  @ Jessica_StClair I found the  @ GilmoreGuysShow podcast !   # ihave44episodesofGG  # nojoke,Non-Disaster
 @ RedCoatJackpot  * As it was typical for them their bullets collided and none managed to reach their targets ;  such was the  '  ' curse '  '  of a  - ,Non-Disaster
First Tweet collided with a Selfie .  Pretty  ' Sweet '  if you ask me ?  ,Non-Disaster
Police investigating after an e - bike collided with a car in Little Portugal .  E - bike rider suffered serious non - life threatening injuries . ,Disaster
 # Newswatch :  2 vehicles collided at Lock and Lansdowne Sts in  # Peterborough .  Emerg crews on their way,Disaster
"When love and hate collided part II
Lanjut dirumah . 

 # yagitudeh  -  Jake  ( at Rumah Cipinang )   ",Non-Disaster
" - thus making  @ FemaleGilgamesh ' s assault useless . 
The spears collided with the dark force however did not penetrate . 

Due to the dark  - ",Non-Disaster
I scored 111020 points in PUNCH QUEST stopped when a squeaky bat collided into my skull .  ,Disaster
Reading for work has collided with reading for pleasure .  Huzzah .  do not miss  @ molly_the_tanz ' s Vermilion !  ,Non-Disaster
Mind blown by  @ GlassAnimals slithering viscous Gold Mine  ( cover of Yeah Yeah Yeahs  +  Erykah Badu )  ,Non-Disaster
Monsoon flooding  -  Monsoon rains have have hit India Pakistan and Myanmar hard this season .  Two trains collided  .  ,Disaster
An Eau Claire man who police said was drunk when his SUV collided with a train was sentenced in Chippewa County :  ,Disaster
Two trains have collided in India .  Please pray for victims their families and rescuers . ,Disaster
Two cars collided following shotgun fire in Denton ,Disaster
Major accident causes life - threatening injuries closes highway :  An 18 - wheeler and an SUV collided and then ,Disaster
On page 500 of 688 of After We Collided by Anna Todd ,Non-Disaster
 ' Car vs motorcycle in Harwich Port '  HARWICH PORT  A car and motorcycle collided around 5 : 30 p . m .  The crash happen ,Disaster
The 2 cars right in front of me collided and If I hadnt stopped in time it would have been me too .   # ButGod  ? ,Disaster
My  @ MLG and food worlds have collided in this  @ ijustine salmon video .   # simple  # Alaskaseafood  # askforalaska ,Non-Disaster
16 dead in Russia bus accident :  At least 16 people were killed and 26 others injured when two buses collided i .  ,Disaster
Stupid women nearly collided into me today after she came out of a junction not looking .  Still kept coming towards me till I beep my horn,Disaster
SSP East says a car AEG 061 driven by a young man collided with Akram ' s carhot words were exchanged n he did firing in air1bullet hit tyre,Disaster
She looked back  &  her daughter  &  said  ' everyone loved the picture I posted of you '   &  like collided into another car like what the,Non-Disaster
We are happily collided  :  ) ,Non-Disaster
Monkey just collided heads with our Ninja .  Commence the tears  :  ( ,Non-Disaster
2 pple have been confirmed dead and over 20 rescued while many went missing after a ferry carrying 200 collided with a fishing boat .  # News,Disaster
DRob collided into Dan Hughes while she was going after the ball .  Looks like he hurt his back as he fell back on the chair .  Hope he is ok ! ,Non-Disaster
2 Cars Collide 1 Crashes Into Building :  Two cars collided at an intersection and that sent one vehicle crashing ,Disaster
San Antonio Stars head coach Dan Hughes was just carted to the locker room after one of his guards collided with .  ,Non-Disaster
Bicycle - SUV accident in Mesick :  Police say that the bicyclist entered onto West M - 115 and collided with a boat .  ,Disaster
It is Even Worse Than It Looks :  How the American Constitutional System Collided With the New Politic ,Non-Disaster
"OMG OMG OMG  # JustinBieber and  # HarryStyles have collided in a nuclear accident at  # Cern  ^ oo ^ 

 # Harry Be Careful ",Non-Disaster
Well that was a journey to get home !  A train collided with cows on the track !   ? ,Disaster
Crews working to restore power in southwest Omaha after vehicle collided with utility pole .   -  ,Disaster
Stepkans Media  -  Two confirmed dead after the boat they were travelling in Collided in .  L . Victoria ,Disaster
Cyclist who collided with runner on Roanoke greenway wins  $ 300000 civil verdict  -  Roanoke Times :  Cyclist who c .  ,Disaster
Cannot watch PVRIS I am so sad bc it collided with another set,Disaster
Motorcyclist bicyclist injured in Denver collision on Broadway :  At least two people were taken to a local ,Disaster
 @ Zojadelin you literally almost had a head on collision with us today on pilot knob,Disaster
North Sac Elkhorn Blvd  /  Walerga Rd  * Traffic Collision - 1141 Enrt *  ,Disaster
Beat : G3 MOTOR VEHICLE COLLISION HIT AND RUN at RAINIER AV S  /  S CHARLES ST reported on 2015 - 08 - 05 6 : 08 PM Call #  15000270653,Disaster
Beat : B2 MOTOR VEHICLE COLLISION at N 35 ST  /  FREMONT AV N reported on 2015 - 08 - 05 6 : 52 PM Call #  15000270364,Disaster
South Sac Florin Rd  /  Franklin Blvd  * Traffic Collision - 1141 Enrt *  ,Disaster
COLLISION :   # Hwy401 EB just east of Hwy 8  # Cambridge Single vehicle blocking the left lane .   # OPP enroute .   ^ ag,Disaster
Santa Fe Springs Studebaker Rd  /  South St  * Traffic Collision - No Inj *  ,Non-Disaster
Anti Collision Rear -   # technology  # cool ,Non-Disaster
2 dead 2 injured in head - on collision on Kenai Spur Highway ,Disaster
Baltimore City  :  I - 95 NORTH AT MP 54 . 8  ( FORT MCHENRY TUNNEL BORE 3 :  Collision :  I - 95 NORTH AT MP 54 . 8  ( FORT MCHENRY TUNNEL BORE 3 Nort . ,Disaster
Apply now to work for Dilawri as  # BODY  # SHOP / COLLISION CENTRE MANAGER in  # Vancouver  # jobs  ,Non-Disaster
ThisIsFaz :  Anti Collision Rear -   # technology  # cool  Via Techesback  # Tech,Non-Disaster
Anti Collision Rear -   # technology  # cool  Via Techesback  # Tech,Non-Disaster
San Bernardino I10 W Eo  /  Redlands Blvd  * Traffic Collision - No Inj *  ,Non-Disaster
On I - 405 southbound at Coal Creek Pkwy there is a collision blocking the center lane . ,Disaster
Dublin I580 E  /  I580 E North Flynn Rd Onr  * Traffic Collision - No Inj *  ,Disaster
Westminister Sr22 W  /  Knott St  * Traffic Collision - No Inj *  ,Disaster
Anti Collision Rear -   # innovation  # gadgets ,Non-Disaster
Well Saturn does not exist anymore .  So the collision place has a starting estimate of  $ 4000 .  That is 3 times what my car is worth . ,Disaster
Motorcyclist bicyclist injured in Denver collision on Broadway ,Disaster
West Valley I405 N  /  Us101 S I405 N Con  * Traffic Collision - Unkn Inj *  ,Disaster
 @ MissJadeBrown tells of the tragic mid - morning collision which claimed the life of a young man riding a motorcycle .  ,Disaster
Two - vehicle collision at Fowlers Corners at Hwy .  7 and Frank Hill Rd .  is blocking the road :  OPP .  Only minor injuries to the occupants . ,Disaster
"my favorite lady came to our volunteer meeting
hopefully joining her youth collision and i am excite ",Disaster
 # Colorado  # News Motorcyclist bicyclist injured in Denver collision on Broadway :  At least two people were tak .  ,Disaster
Traffic Collision  -  Ambulance Enroute :  Elkhorn Blvd at Walerga Rd Sacramento ,Disaster
7 : 13pm  # MAPLERIDGE Lougheed Hwy EB is closed between 203rd and Dewdney Trunk Rd because of Collision .  ETO is between 8 : 00 PM and 9 : 00 PM . ,Disaster
Head on head collision Ima problem and nobody can solve em on Long division,Non-Disaster
Solano SR37  /  Skaggs Island Rd  * Traffic Collision - 1141 Enrt *  ,Disaster
Traffic Collision  -  No Injury :  I5 S at I5 S 43rd Ave offramp South Sac ,Disaster
CLEARED :  COLLISION :   # QEW Fort Erie bound approaching Hwy 405  # Niagara . Vehicles removed .   ^ ag,Disaster
Motorcyclist bicyclist injured in Denver collision on Broadway :   by  @ kierannicholson,Disaster
South Sac I5 S  /  I5 S 43rd Ave Ofr  * Traffic Collision - No Inj *  ,Disaster
Anti Collision Rear -   # gadget  # technology ,Non-Disaster
Sometimes in space celestial bodies with separate trajectories that intertwine find themselves in a dance rather than a collision course . ,Non-Disaster
The Next Financial Crash .  The Writing is on the Wall .  Dont Say You Werent Warned  via  @ grtvnews,Non-Disaster
I feel that  ' crash and burn '  by Thomas Rhett for sure,Non-Disaster
MotoGP Indianapolis :  Espargaro :  Layout  ' worries me a little '   -   ,Non-Disaster
Just bought another  @ MEINL Cymbals 18 '  medium crash !  Hey  @ MEINL Cymbals what about an endorsement !  Starting to get expensive ! ,Non-Disaster
HTML5 Beginners Crash Course   # course ,Disaster
 ' A slamming door and a lesson learned .  I let another lover crash and burn '  ? ,Non-Disaster
 @ SterlingKnight  Who had a car crashsterling ! Who was driving in the carMel or JoeySterling Knight ? ,Non-Disaster
 @ daewony0406 alright now I am gonna crash I am so exhausted,Non-Disaster
Party for Bestival crash victim Michael Molloy on what would have been his 21st ,Disaster
CLEARED :  Crash in Hamilton on I - 75 south at MM 459 . ,Disaster
Deliver Value :  A Cash Source Crash Course   # course ,Disaster
The Next Financial Crash .   ' The Writing is on the Wall '  .  do not Say  ' You Were not Warned '  ,Non-Disaster
am boy  @ Crash_  ,Non-Disaster
Make man pikin crash  ? ,Disaster
" # INCIDENT
Crash in Pascoe Vale South outbound on Tullamarine Fwy  ( CityLink )  near Moreland Rd .  Vehicles off in emergency lane .  No delays . ",Disaster
I let another love crash and burn,Non-Disaster
If you sit and rant on snapchat to your apparent fans when you have about 8000 followers I hope your in a train crash xoxo,Non-Disaster
Crash and burn  ?  ,Disaster
cPanel Crash Course   # course ,Non-Disaster
 @ DestinyTheGame  @ Bungie  @ PlayStation Getting kicked out by that crash is one of the worst experiences I have had playing video games . ,Non-Disaster
 @ _chelsdelong12  @ kendra_leigh13 I will crash it,Disaster
Please keep Josh the Salyers / Blair / Hall families  &  Jenna ' s friends in your prayers .  She was taken far too soon .  RIP ,Non-Disaster
" ? One night and we are gonna come and crash the party
Were not invited but we are feelin '  so ",Non-Disaster
 ' Fatal crash reported on Johns Island '  ,Disaster
Photoshop Tools Crash Course  -  Complete Photoshop Tool Guide   # course ,Non-Disaster
Photoshop CS6 Crash Course   # course ,Non-Disaster
Kinetic Typography Crash Course  ( After Effects )   ( Video )    # course ,Non-Disaster
Police respond to crash find  ' suspected heroin '  ,Disaster
I see dat we liable to fuck up and crash  ? ,Non-Disaster
AKILAH WORLD NEWS Cop pulls man from car to avoid this  .  ,Disaster
Man killed in crash in Barrington Hills :  A Hoffman Estates man was killed in a single - car crash Wednesday afte .  ,Disaster
Crash helmet silvery floors karnal fat shoot sampling 33 :  PBCaNPCx,Non-Disaster
 ' Crash Test '  Trailer :  Paul Scheer  &  Rob Huebel ' s Comedy Special Recorded on a  .  ,Non-Disaster
 @ spicybreads  @ coxytown i tried downloading it and it crashed after the tutorial,Non-Disaster
Maj Muzzamil Pilot Offr of MI - 17 crashed near Mansehra today .  ,Disaster
 Bin Laden family plane crashed after  ' avoiding microlight and landi .    # PeritoEnGrafoscopia,Disaster
My son did not sleep all night !   ?  so finally at 4am I laid him with me on my bed and he crashed out  ? ,Non-Disaster
Neil_Eastwood77 :  I AM A KNOBHEAD !  Bin Laden family plane crashed after  ' avoiding microlight and landing t .   ,Disaster
Bin Laden family plane crashed after  ' avoiding microlight and landing too far down runway '  :  Three members of t .  ,Disaster
 @ brianroemmele UX fail of EMV  -  people want to insert and remove quickly like a gas pump stripe reader .  1 person told me it crashed the POS,Disaster
Major Hamayun Shaheed pilot of MI - 7 heli that crashed in Mansehra ,Disaster
 # UK Bin Laden family plane crashed after  ' avoiding microlight and landing too far down runway '  :  Three members  .  ,Disaster
 @ _rosewell it has crashed so many times the past couple hours,Non-Disaster
 >  Bin Laden family plane crashed after  ' avoiding microlight and landing too far down runway .    # rochdale  # heywood,Disaster
"My iPod crashed .  
 # WeLoveYouLouis 
 # MTV Hottest One Direction",Disaster
 @ johndcgow heard this few days ago while driving and near crashed the car from laughing to much,Non-Disaster
 @ olliebailey11 havnt you crashed  ?   ? ,Non-Disaster
Could anyone tell me of this here has crashed or just taking a very long time  # Windows10 PLEASE !  ,Non-Disaster
Intact + Malaysia Airlines Flight 370 + Part + Lifts + Odds + Plane + Glided + Not + Crashed + Into + Sea  via  @ YahooFinance # Hope for answers . ,Disaster
Pak Army Helicopter crashed in Mansehra . ,Disaster
1  The bug that almost crashed the Euro  -  ,Disaster
Pakistan says army helicopter has crashed in country ' s restive northwest killing at least 8 ,Disaster
 # News Bin Laden family plane crashed after  ' avoiding microlight and landing too far down runway '  ,Disaster
This guy bought my car on Tuesday police knocked my door yday cos he crashed n ran  &  2day he text me asking not to send the log book ? ,Disaster
Maj Muzzamil Pilot Offr of MI - 17 crashed near Mansehra today .  May Almighty give strength to family to bear the loss ,Disaster
Thief Broke Front Window Of Hicksville Store Stole 50 Cell Phones ;  Fled Crashed Into .  ,Non-Disaster
Army sources say 12 persons on board including a team of doctors die in helicopter crashed near Mansehra .  weather seems to be cause of crash,Disaster
 @ SmusX16475 Skype just crashed u host,Non-Disaster
I already had my phone updated to 8 . 4 and somehow my phone crashed and I had to restore it and they are not letting me restore it,Non-Disaster
He was only  . 4 of a second faster than me and I overtook him twice  ( then crashed )  tru luv love love,Non-Disaster
I just nearly crashed my car typing  ' Paul Rudd attacked by flying ants '  into notes on my phone . ,Non-Disaster
Honestly nightmarish .  God driving to new places is always stressful as shit  &  i hate it so much .  Ugh .  Almost crashed a few times,Non-Disaster
I crashed my car into a parked car the other day .   # modestmouseremix  # truestory,Non-Disaster
"f496D mhtw4fnet

Pakistan says army helicopter has crashed in country ' s restive northwest   -  Fox News",Disaster
TTW Today ' s News :  Bin Laden family plane crashed after  ' avoiding microlight and landing too far down runway '   ,Disaster
Heard  # SKH on the radio for the first time .  Almost crashed the car .   @ 5SOS  @ Ashton5SOS  @ Luke5SOS  @ Michael5SOS  @ Calum Hood,Disaster
Malaysia Airlines Flight 370 :  Intact part lifts odds plane glided not crashed into sea ,Disaster
 @ kuualohax more like you love your husband but you are posting another man for your man crush Monday ' s lol,Non-Disaster
Womem Crush Wednesday  ?   @ mommyisbomb,Non-Disaster
 '  @ jorrynja :  6 .   @  your bf / gf / crush  ?  '   @ Ter_ell  ? ,Disaster
This guy idk just made me his woman crush  ?  first one ever  ? ,Non-Disaster
WCE I cannot even lie even tho I cannot stand her she still will always be my crush  ?   @ _explicitpretty,Non-Disaster
women crush  ?  ,Non-Disaster
My woman crush wedneday goes to the beautiful  @ taykreidler  # loveyouuuu  # aintsheperty ,Non-Disaster
Being bestfriends with your high school crush ?   @ yourboy_shawn,Non-Disaster
Ina Buted Girl Crush ? ,Disaster
samel_samel has a crush :  ,Non-Disaster
I am my own woman crush  ? ,Non-Disaster
Love love love do you remember your first crush  ?   ? ,Non-Disaster
Had a minute alone with my crush ?  . it was an overrated experience . smh,Non-Disaster
 @ PYDisney que crush ?  # MTV Hottest Justin Bieber,Non-Disaster
master0fsloths has a crush :  ,Non-Disaster
My Lil brother has a crush on mariah  ? ,Non-Disaster
Ron  &  Fez  -  Dave ' s High School Crush  via  @ YouTube,Disaster
When you are girlfriend is completely gorgeous ?   @  woman crush  &  stuff ,Non-Disaster
I am so high moe I am bouta crush this Friday ' s,Non-Disaster
I have the biggest crush on you  &  I dont know if you will ever know it  ? ,Non-Disaster
 # MrRobinson is giving me  # TheSteveHarveyShow vibe .  Music teacher looks out for students has crush on girl he went to high school with .   ? ,Non-Disaster
Seriously have the biggest girl crush ever on Blake Lively,Non-Disaster
When you see your crush in the stands .   ( Vine by  @ KhadiDon )  ,Non-Disaster
yhngsjlg just tweeted about their secret crush : ,Non-Disaster
 @ Starflame_girl yeah I have a crush on her,Non-Disaster
Me trying to look cute wen crush is passing by  .  ,Non-Disaster
Crush Content MarketingMediocrity  ,Non-Disaster
Only had a crush on one girl in high school and she do not even realize it lol,Non-Disaster
sevenfigz has a crush :  ,Disaster
MEN CRUSH EVERY FUCKING DAY ?  ,Non-Disaster
tiffanyfrizzell has a crush :  ,Non-Disaster
More than a crush  ?  WCE  @ nykaeD_  ?  ,Non-Disaster
 @ jaureguiswisdom laughing my ass off well i only know one and ive only had a crush on this one sooo,Non-Disaster
 # NowPlaying Fitz And The Tantrums  -  Out Of My League on  # Crush  # Listen   # NowPlaying,Non-Disaster
Man crush everyday  ?    @ CristianInspire ,Non-Disaster
do he love me do he love me not I am not a playa I just crush a lot,Non-Disaster
kenny holland crush da vida,Non-Disaster
Crushed,Non-Disaster
this Popeyes bout to get crushed  ? ,Non-Disaster
That was crushed holy shit,Non-Disaster
BHAVANA ' S MOM HAS CRUSHED EVERYONE ' S SOUL,Non-Disaster
Crushed it !  ,Non-Disaster
 WRAPUP 2 - U . S .  cable TV companies '  shares crushed after Disney disappoints ,Non-Disaster
 .  @ jimmy fallon I crushed squirrel bones with a mortar and pestle for my school ' s bio dept .  not really sure why  # Worst Summer Job,Non-Disaster
Edwin wow .  Crushed . ,Non-Disaster
Mango juice with crushed ice >  >  >  >  ? ,Non-Disaster
Man crushed to death by own car ,Disaster
A diamond is just a piece of charcoal that handled stress exceptionally well .  We are hard pressed on every side but not crushed . 2 cor4 : 8,Disaster
Wow !  He crushed that !   # EDWING  # BlueJays,Non-Disaster
Crushed the gym then crushed a butterfinger flurry clearly my priorities are straight  ? ,Non-Disaster
WRAPUP 2 - U . S .  cable TV companies '  shares crushed after Disney disappoints ,Non-Disaster
 @ JMastrodonato so the question is :  would you crush Ortiz for bunting as your sports writing forefathers crushed Williams ? ,Non-Disaster
 @ Big Brother ouch Clelli . you could almost hear their hopes and dreams being crushed  ! ,Non-Disaster
Jesus Christ that ball was fucking crushed !   # BlueJays,Non-Disaster
I crushed a 3 . 1 km run with a pace of 5 ' 41 '  with Nike +  SportWatch GPS .   # nike plus :  ,Non-Disaster
Papi absolutely crushed that ball,Non-Disaster
crushed a 6 mile run tonight .  awesome,Non-Disaster
Oil prices falling but drivers could reap benefits ,Non-Disaster
I crushed a 11 . 2 km run with a pace of 7 ' 46 '  with Nike +  SportWatch GPS .   # nike plus :  ,Non-Disaster
Nick Williams just hit another bomb .  Just crushed it,Non-Disaster
Holy moly that was crushed . ,Disaster
 # AyekoRadio play Brasswork Agency  -  Crushed and Shaken   # Radio  # NetLabel  # ElectronicMusic  # listen  # CCMusic,Non-Disaster
So many Youtube commenters saying the Dothraki would get crushed if they came to Westeros . nah bro you underestimate the Dothraki,Disaster
"Disillusioned lead character 
Check
Happy go lucky free spirit girl
Check
Dream life crushed
Check
Great music
Check
All Crowe tropes intact",Non-Disaster
Remember how Nora Jones crushed it in Two Weeks Notice ? ,Non-Disaster
How Empire Avenue crushed my soul  via  @ markwschaefer,Non-Disaster
 ' 13 M .  Chapoutier Crozes Hermitage so much purple violets slate crushed gravel white pepper .  Yum  # france  # wine  # DC ,Non-Disaster
 @ TheComedyQuote  @ 50ShadezOfGrey the thirst has no curfew  ?   @ P45Perez,Non-Disaster
ARA news reporting JaN fighters infiltrated Ashrafiyah district of Afrin with aim of carrying out suicide attacks .  YPG have imposed a curfew,Disaster
 @ keampurley thirst has no curfew,Non-Disaster
And the fact that i have a curfew,Non-Disaster
 @ michelleellle  ?  shut up freshman its past ur curfew .  u need some sleep !  u spend too much of ur time watching tv instead of going outside  ? ,Non-Disaster
"Is there a night curfew on campus ? 

Find out here :   ",Non-Disaster
Police :  Teenagers arrested for curfew violations in Evanston were riding stolen bicycles :  Two teenagers taken into cus .    # Chicago  # news,Disaster
for some reason im listening to curfew overtime and stuck in a kodak over and over again,Non-Disaster
 @ BOBBYXFISHER I should have gave him a curfew,Non-Disaster
Curfew really helps If you think about it  .   # BC,Non-Disaster
ExOfficio Men ' s Boxer Brief Curfew Large ,Non-Disaster
INFO S .  WND :  030 / 6 .  CLD :  SCT014 BKN032 .  EXP INST APCH .  RWY 05 .  CURFEW IN OPER UNTIL 2030 Z .  taxi ways FOXTROT 5  &  FOXTROT 6 NAVBL .  TMP :  10 . ,Non-Disaster
 @ emaaalay thank you .   ?  now I do not have a city wide curfew .   ? ,Non-Disaster
She just said does he have a curfew  ' nope '  ? ,Non-Disaster
Her curfew will start right after her private class ends .  Tutor must a woman preferably someone over 50 . ,Non-Disaster
 @ aptly_engineerd There is no such curfew . ,Non-Disaster
"It was past curfew
and we were at the Grove",Non-Disaster
 @ emmychappy Because it is 12 o ' clock and my mom said everyone has to go home because of curfew . ,Disaster
 @ Reddakushgodd she said a few months .  But I get a curfew for out time smfh,Non-Disaster
ball has no curfew ,Non-Disaster
 @ ScotRail i be seen them turn a blind eye to a bloke drinking and smoking on during the curfew time cos ' its not worth the hassle ' ,Disaster
Next May I will be free . from school from obligations like family .  Best of all that damn curfew . ,Disaster
 @ DavisKawalya I know  @ Mauryn143 will be saying her final goodbyes to grandpa as seen on news RiP Me ?  always open to ideas but may ve curfew,Non-Disaster
People really still be having curfew even when they are 18  &  graduated high school  ? ,Non-Disaster
 @ stupid_niggr I am telling your mom your up past curfew oth,Non-Disaster
Had to cancel my cats doctor appointment because she decided to go out and play and not come home by curfew  . ,Non-Disaster
INFO R .  CURFEW IN OPER UNTIL 2030 Z .  taxi ways FOXTROT 5  &  FOXTROT 6 NAVBL .  WND :  060 / 5 .  EXP INST APCH .  RWY 05 .  DAMP .  TMP :  10 .  QNH :  1028 . ,Non-Disaster
But no lies though .  It is pays to be the oldest sometimes .  Like being the first to get a car and have no curfew .   # freedom  # donthate,Non-Disaster
INFO U .  CLD :  SCT012 BKN025 .  EXP INST APCH .  RWY 05 .  CURFEW IN OPER UNTIL 2030 Z .  taxi ways FOXTROT 5  &  FOXTROT 6 NAVBL .  TMP :  10 .  WND :  030 / 6 . ,Non-Disaster
Rite now man a tlk widout nuh curfew long side Aka cum fi steal di show itz a rubbery di whole a dem fi knw .  Sound it  * music * ,Non-Disaster
Dont even come if you worried about curfew  # BC19,Non-Disaster
You got a whole curfew  ? ,Non-Disaster
When you are 5 hours late for curfew and have to pray your dog does not bark when unlocking the door,Non-Disaster
Da Judge Gave Dis Girl 5pm Curfew  ? ,Non-Disaster
In the beginning of summer my mom made my curfew 1 now it is back to 12 and I can never go out and she wonders why I am always at home,Non-Disaster
Why Charlie Lim start at 9pm on this Sunday .  I have curfew leh  :  -  ( ,Non-Disaster
WHEN U BOMBED AND U TRY 2 GET HOME FOR CURFEW ,Non-Disaster
awwww Baby Walter  # rewatchingthepilot  # TeamScorpion  # Cyclone,Non-Disaster
 ' The Big Ten has their annual football media day but before we get into that here ' s some Cyclone hoops recruiting nuggets ' ,Disaster
" # Camera  # Art  # Photography   # 0215 New BoltCyclone DR PP - 400DR Dual Outlet Power PackFor External Camera Flash

 $ 30",Non-Disaster
 @ mccauleysdesign  @ abysmaljoiner  @ DyamiPlotke it works for my purpose .  A large cyclone would be better .  I just do not have  $ 4K .  This was  $ 500,Non-Disaster
"A new tropical cyclone is forming near Guam . 

Once it is formed it will be called  ' Molave '  . ",Disaster
Video :  New DE Jhaustin Thomas on being a Cyclone  -  Ames Tribune :  Ames Tribune Video :  New DE Jhaustin Thomas on ,Non-Disaster
 @ XHNews We need these plants in the pacific during the cyclone seasons it would help,Disaster
BBC Forced To Retract False Claims About Cyclone Pam  via  @ wordpress,Disaster
GREAT CONDITION Easton Cyclone Softball Bat Fastpitch  (  - 9 )  29 / 20 SK398  ,Disaster
"SEVERE WEATHER BULLETIN No .  5
FOR :  TYPHOON  # Typhoon Hanna  ( Soudelor ) 
TROPICAL CYCLONE :  WARNING

ISSUED AT 5 : 00 PM 06 .  ",Disaster
 ' The cyclone derives its powers from a calm center .  So does a person .  '   -  Norman Vincent Peale,Disaster
 @ roughdeal1 ante hudhud cyclone Chandrababu Valle ne ante Ga ? ,Disaster
Cyclone Komen devastates families in Myanmar this week .  We need to help them today :  ,Disaster
"SEVERE WEATHER BULLETIN  # 6
TROPICAL CYCLONE WARNING :  TYPHOON  ' HANNA '  
Issued at 11 : 00 p . m .  Thursday 06 August .  ",Disaster
"Back to the future in  # Vanuatu how Cyclone Pam has encouraged traditional ways of living : 
 ",Disaster
"Bank manager asks Tom in an interview :   ' What is cyclone ' 
Tom :   ' It is the loan given to purchase a bicycle ' ",Non-Disaster
Excited for Cyclone football ,Non-Disaster
Talent :  Misdirection Cyclone Pass Ignite Pass Vanishing Drive Phantom Shot   # KurokoBot,Disaster
Now on  # ComDev  # Asia :  Radio stations in  # Bangladesh broadcasting  # programs  ? to address the upcoming cyclone  # komen ,Disaster
Like a cyclone imperialism spins across the globe ;  militarism crushes peoples and sucks their blood like a .  ,Disaster
1970 Mercury Cyclone GT Hood Moulding Very NICE CORE Cobra Jet 429CJ GT  ,Non-Disaster
 ' I am a cyclone passion overblown '  ,Non-Disaster
"HIS MAJESTY EMPEROR SALMAN KHAN ' S UNSTOPPABLE CYCLONE OF ENTERTAINMENT HUMANITY
BAJRANGI BHAIJAAN CREATING HISTORY EVERYWHERE 
CROSED 300 CR",Non-Disaster
1970 Mercury Cyclone GT Quarter Panel D / S Rear Trim Moulding Cobra Jet 429CJ  ,Disaster
 [ Tropical Cyclone Info ]  Soudelor 945hPa maximum wind speed :  45m / s maximum wind gust speed :  60m / s  ,Disaster
 @ cyclone_reizei If I may ask Cyclone - sama have you read Jailed Fate by Rindou ? ,Non-Disaster
"Some drugs and alcohol in Jackson Vroman house . 

",Non-Disaster
"Blending the old with the new in  # Vanuatu to prepare for future emergencies :  
 ",Non-Disaster
WFP  -  WFP Delivers Food To 165000 Bangladesh Flood Victims After Tropical Cyclone Komen :  DHAKA The United Na .  ,Disaster
 # Rohingya houses in  # Kyee NockThie hamlet from Taungbazar region in Buthidaung were severely damaged in Cyclone  @ KasitaRoch  @ VivianUNHCR,Disaster
Cyclone by Double G would be the cherry on top to this outfit !   # OOTD  # DoubleGhats  ,Non-Disaster
 @ TheLegendBlue  @ Cozmo23 they will probably allow us to ascend them but not get them to the damage max values,Non-Disaster
Drop it down on a nigga do damage  !   ? ,Non-Disaster
Unions say they are supportive of  ' London '  yet are prepared to damage it economically ?   ( å£300m last time )  ,Non-Disaster
I liked a  @ YouTube video  GTA 5 Online  -  COLLATERAL DAMAGE !   ( GTA V Online PC ) ,Non-Disaster
FYI :   ; ACCIDENT PROPERTY DAMAGE ; 3460 LIMESTONE LN ; COL ; YELLOWSTONE WAY ; FIELDSTONE DR ; 08 / 05 / 2015 19 : 36 : 35,Disaster
 # fitness Knee Damage Solution ,Non-Disaster
And here I was complaining about Phoenix Mode in Fire Emblem .  Turns out Ray Gigant will have a  ' difficulty '  option where you take 0 damage . ,Non-Disaster
 @ capicapricapri  @ Brento_Bento wha t is this kids damage,Non-Disaster
Cleared :   Accident with property damage on  # NY35 EB at NY 100,Disaster
It is crazy how a phone can do so much damage to a person,Non-Disaster
 @ writebothfists It got pretty windy here too .  But no damage . ,Non-Disaster
Reusing advanced in life equipments in transit to drumming champaign damage :  FdbDP,Non-Disaster
 @ IndiGo6E But if you are carful about spotting damage  @ the time of check in why not  @ the time of giving away baggage ?  !  It is my loss all d wy,Non-Disaster
Storm damage reported in West Tennessee ,Disaster
Hey the  # Royals love doing damage with 2 outs . ,Disaster
" @ Drothvader  @ CM_Nevalistis you can keep this please !  Arachys
     [ 2 Pieces ]   -  Now deals 4000 %  weapon damage  ( up from 2500 %  ) ",Disaster
 ' Mages of Fairy Tail .  Specialize in property damage !  '   -  Natsu Dragneel,Non-Disaster
 @ Bradley Brad yeah but being fast and doing extremely high damage is what its all about if you want fast then im gonna have to get u the - ,Disaster
 @ Bradley Brad the saw is fast af and does great damage i upgraded it a shitton and used it exclusively for a whole playthrough,Non-Disaster
Let us say a tree falls on your fence .  Do you know how your homeowners insurance may help ?   ,Non-Disaster
 @ JoeDawg42 TOR for a TOR situation only .  Wind damage enhanced wording is key IMO,Disaster
 @ HfxStanfield  @ beelieveDC  @ DiscoveryCntr what is happening we hear there is runway lighting damage by a contractor . ,Disaster
 @ swb1192 if the NDA is written to damage your ability to offer your services in the future then you prolly do not want the work anyway,Non-Disaster
If Trillion crosses the line a 3rd time he does a field - wide attack that does instant kill damage,Disaster
 # NP Metallica  -  Damage Inc,Non-Disaster
Nine inmates charged with causing damage in Calgary Remand Centre riot  -  ,Disaster
 # pt Cross - sectarian protest .  Powerful Shia cleric says militias must withdraw :  ' ur fightin ISIS but we wont forget damage uve done to ur ppl ' ,Disaster
Does homeowners insurance cover water damage ?  Here are some good things to know .   ,Disaster
Beach did damage to my shit,Disaster
 @ WonderousAllure crosses her arms to cover her hands from doing anymore damage .   ' H - Hello .  ' ,Non-Disaster
"New post on my blog :   
thesensualeye : 

Model :  Cam Damage

Toronto Apr 2014

 # nsfw  # pussy  # ass  # boobs  # asian  # nude  # ",Non-Disaster
REPORTED :  HIT  &  RUN - IN ROADWAY - PROPERTY DAMAGE at 15901 STATESVILLE RD,Disaster
"Devil May Cry 4 Special Edition Vergil Vs Agnus  [ Window ]  Mission 6  -  DMD  -  No Damage By LeedStraiF
",Non-Disaster
 # Glaucoma occurs when fluid builds up pressure inside  # eye to a level that may damage optic nerve  # eyefacts,Disaster
 # JSunNews Storm damage reported in Madison County :  Thunderstorm damage reports ar .    ( via  ) ,Disaster
S61 . 231A Puncture wound without foreign body of left index finger without damage to nail initial encounter  # icd10,Disaster
Thank you  @ RicharkKirkArch  @ AusInstArchitect for words of warning re  # QueensWharf  # Brisbane  via  @ FinancialReview,Non-Disaster
This real shit will damage a bitch,Non-Disaster
"laughing my ass off fuckboy changed his  @  for damage control
 @ Pseudojuuzo",Non-Disaster
 @ MichaelWestBiz standard damage control,Disaster
 @ GettingLost  @ JennEllensBB  @ Muncle_jim It said they had superficial wounds and it was the pepper spray that did the most damage . ,Disaster
 @ Heroes of the Storm  @ DustinBrowder DAD .  I will not chase you constantly  &  all the time but frequently .  With a great deal of danger and distraction love,Non-Disaster
I believe there is a shirt company now for every animal that has ever been in danger .  I better start seeing some changes in wildlife . ,Non-Disaster
Danger of union bears ,Non-Disaster
The sign - up is open for the FALLING FOR DANGER release day blast and review tour .  Sign - up here :  .  ,Disaster
 @ DyannBridges  @ yeshayad Check out this  # rockin preview of  @ Clayton Bryant Danger Zone Coming soon !    # Artists United,Non-Disaster
Red Flag Warning for fire danger  &  dry thunderstorms in Bay Area   # weather  # California Weather by  @ NWSBayArea,Disaster
 @ CarsonRex  @ SpaceAngelSeven Check out this  # rockin preview of  @ Clayton Bryant Danger Zone Coming soon !    # Artists United,Non-Disaster
What is this ?  Like I could be in danger or something,Disaster
When the Last Tree Is Cut Down the Last Fish Eaten and the Last Stream Poisoned You Will Realize That You .  ,Non-Disaster
My take away :  preservation parks r an imposition  &  a danger to African people .  I never imagined !   ,Non-Disaster
Indian Govt .   &  Media should take serious concern about their safety .  They are in danger now .  ,Disaster
Training grains of wheat to bare gold in the August heat of their anger I am the no trespass lest you seek danger . ,Non-Disaster
" @ therealRITTZ  # FETTILOOTCH IS  # SLANGLUCCI OPPRESSIONS GREATEST DANGER COMING SOON THE ALBUM 
",Non-Disaster
 @ morehouse64 It appears our  # Govt has lost an  # Ethical and or moral relevance .  This means the whole  # USA population is in danger from them . ,Non-Disaster
do not like those head first slides .  Especially into home  !   # danger,Non-Disaster
Permits for bear hunting in danger of outnumbering actual bears :  The licenses for Florida ' s fir .    # st petersburg,Non-Disaster
 @ riverroaming  ' And not too much danger please .  ' ,Non-Disaster
" @ bluebirddenver  # FETTILOOTCH IS  # SLANGLUCCI OPPRESSIONS GREATEST DANGER COMING SOON THE ALBUM 
",Disaster
 .  @ Uber is looking to repair its recent bad rap with some  # nonprofit partnerships :  ,Non-Disaster
I wish I could get Victoria ' s Secret on front .  I am good for it . ,Non-Disaster
 @ TurnedonFetaboo  @ HSjb215 Check out this  # rockin preview of  @ Clayton Bryant Danger Zone Coming soon !    # Artists United,Non-Disaster
 @ TheTXI  @ GunnersFan89 why would arsenal fans want that ?  West Ham will be in a relegation battle this season .  no danger for  # AFC on sun,Non-Disaster
" @ RemainOnTop  # FETTILOOTCH IS  # SLANGLUCCI OPPRESSIONS GREATEST DANGER COMING SOON THE ALBUM 
",Non-Disaster
" @ nuggets  # FETTILOOTCH IS  # SLANGLUCCI OPPRESSIONS GREATEST DANGER COMING SOON THE ALBUM 
",Non-Disaster
The Danger and Excitement of Underwater Cave Diving  ,Non-Disaster
The girl that I wanna save is like a danger to my health try being with somebody that wanna be somebody else . ,Non-Disaster
"Guns are for protection .  
That shit really should not be used unless your life in danger",Non-Disaster
SO THIRSTY YALL IN DANGER OF DEHYDRATION,Disaster
Thunderstorms with little rain expected in Central California .  High fire danger .   # weather  # California Weather ,Disaster
i wanna get a danger days tattoo so bad how cool would that spider look like on someones wrist or smth,Non-Disaster
In my experience if you are always angry and critical as a pundit you are in grave danger of going off the rails .  1 / ,Non-Disaster
I am not in danger Skyler .  I AM THE DANGER . ,Non-Disaster
Too dangerous for them .  But it is OK for the rest of us to be in danger .  ,Non-Disaster
investigate why Robert mueller did not respond to my complaints since Nov 2011  &  just left me / son out her in danger ,Non-Disaster
Honestly tho Modibo Maiga is stealing a living  -  fuck all about him  -  im past my best but still more of a danger than that fucktard  # coyi,Disaster
Fear has a way of making us see danger where there is none .  Contemplating the logic behind the situation and find the courage to engage it,Non-Disaster
Joel 2 : 28 ?  And book of acts 2 : 17 ?  ,Non-Disaster
17 dead as Afghanistan aircraft crashes :  An Afghan military helicopter has crashed in a remote region of the s .   ,Disaster
 @ Silent0siris why not even more awesome norse landscapes with loads of atmosphere and life than boring / dead snotgreen wastelands  =  / ,Non-Disaster
i miss my longer hair . but it was so dead anyways it was not even hair,Non-Disaster
 @ cjbanning 4sake of argsuppose pre - born has attained individl rights . Generally courtof law forbids killing unless dead person did something,Non-Disaster
"remember that time goku gave life to a dead birb 
what the hell goku",Non-Disaster
Naaa I bee dead .  Like a legit zombie  .  I feel every sore part in my body  ?  ,Non-Disaster
We just happened to get on the same road right behind the buses I am dead serious,Non-Disaster
lmfao fucking luis hhahaha im dead,Non-Disaster
I just watched emmerdale nd I do not know who most of them are but a slightly attractive man named Ross just got beat up nd now he is dead,Disaster
 @ soapscoop i need you to confirm that ross is dead cause i dont trust anyone else yh,Non-Disaster
 @ GailSimone  # IWasDisappointedBy TellTale ' s The Walking Dead .  Good characters  & story but no real gameplay and too many performance issues . ,Non-Disaster
beforeitsnews  :  Hundreds feared dead after Libyan migrant boat capsizes during rescue   )  ,Disaster
"If its a war you came to see you will never see a waved white flag in front me . 
I cant end up dead I wont be misled . ",Non-Disaster
 @ Jones94Kyle oh fuck sake he is dead  ? ,Non-Disaster
 @ emmerdale is Ross really dead ?   # Ask Charley,Non-Disaster
Don avoid wearing dead black flaming red and stark white so much and esp .  at debate ;  go with your blue gold brown even to shoes ;  and,Non-Disaster
Perspectives on the Grateful Dead :  Critical Writings  ( Contributions to the Study  ,Disaster
 @ hlportal Hello !  I am looking for mod Cold Ice .  I saw it on your site but link to download dead .  Maybe you have it and share with me ?  Thanks . ,Non-Disaster
 @ kg4vaal laughing my ass offv . v hard the  ' Ny '  is the the new trend babalaughing my ass off . welcome to Nyozi kwaAaaA # dead,Non-Disaster
 @ Jones94Kyle now I have said all this he is dead and no one else dies,Non-Disaster
IS ROSS DEAD NOOOOOOOOOOOO  @ Michael Parr,Non-Disaster
thinking of the time that my friend bailed the nite b4 a dead show . went alone  &  had a GREAT time .  All alone and free to dance .  Front row,Non-Disaster
Typhoon Soudelor taking dead aim at Taiwan ,Disaster
 # Ask Charley  # Emmerdale How emotional are you that Ross is dead ?   @ emmerdale 5,Non-Disaster
Man Found Dead in Demi Moore ' s Swimming Pool !  ,Disaster
that is it val is dead im suing,Disaster
 @ AtchisonSean he is dead,Non-Disaster
Wyrmwood :  Road of the Dead  ( 2014 )  was fucking awesome and it had an awesome ending too .  Awesome one . ,Non-Disaster
Cannot believe Ross is dead ?   @ emmerdale  @ Michael Parr  # Emmerdale  # summerfate,Non-Disaster
I will only call or text 2 niggas my bff  &  my boyfriend  ?  I love my boys to death .  No other niggas can hold my attention like them  ? ,Non-Disaster
I Hate To Talking Otp With My Grandma .  I Mean I Love Her As To Death But She Talk So Damn Much Ssshhheeesshh !   ? ,Non-Disaster
Until my death I will forever rep the Jets . ,Disaster
my vibrator shaped vape done busted,Non-Disaster
Death threats on a nigga life well then we gon see,Non-Disaster
Adult dies of plague in Colorado ,Disaster
Xbox 360 Pro Console  -   * Red Ring of Death *   -  Full read by eBay  ,Non-Disaster
Going back to Gainesville will be the death of me,Disaster
A Year Later Ferguson Sees Change but Asks if Its Real ,Non-Disaster
 # PapiiChampoo What I enjoy most about the Obama era is the civility :  Prez says GOP supports Iranian  ' Death to  .  ,Non-Disaster
I feel like death,Non-Disaster
I liked a  @ YouTube video from  @ jeromekem  DJ Hazard  -  Death Sport,Non-Disaster
I tell my cousins I do not wanna hang out and they text me saying  ' we are coming over '  honestly do you have a death wish,Non-Disaster
RSS :  Judge orders Texas to recognize spouse on same - sex death certificate  ,Non-Disaster
her loyalty mission involves her kicking a shitty nobleman to death ?  I love this elven weirdo,Non-Disaster
 There is a way which seemeth right unto a man but the end thereof are the ways of death . ,Disaster
 @ KellKane thanks I narrowly averted death that was fun you are right,Disaster
"  @ Ariana Grande  @ Scream Queens 
Katherine ' s Death",Non-Disaster
 @ Allahsfinest12  . death to muslims,Disaster
going to starve to death,Non-Disaster
Ted Cruz Bashes Obama Comparison GOP To Iranians Shouting  ' Death To America '  ,Non-Disaster
"  @ Ariana Grande  @ Scream Queens 
Katherine ' s death",Non-Disaster
New crime :  knowing your rights .  Punishable by death,Non-Disaster
I had no issues uploading DEATH TO SMOOCHY or AWAKENINGS clips to  @ YouTube but for some reason BICENTENNIAL MAN is being a pain in the ass . ,Non-Disaster
Ted Cruz Bashes Obama Comparison GOP To Iranians Shouting  ' Death To America '    |   # tcot,Disaster
 # Cyprus :  News Analysis :  Mullah Omar ' s death may split Taliban ' s ranks  -   . Omar ' s demise would certainly lead .  ,Disaster
I feel like death . holy molys  ? ,Non-Disaster
VIDEO :  Slain Mexican Journalist Unknowingly Predicted His Own Death  via  @ BreitbartNews,Non-Disaster
There is this old lady rockin out to death metal in her sedan downtown smoking a cigarette .  I found my real mom . ,Non-Disaster
Afghan peace talks in doubt after Mullah Omar ' s death  -  Financial Times  |   # Mullah,Non-Disaster
You all PUSSSSSSSSSY AND SHOOOK TO DEATH OF ME,Non-Disaster
The first trial in the death of  # Cecil The Lion was just postponed  ,Non-Disaster
53 years ago this week is the anniversary of Marilyn Monroe ' s death RIPRIPRIP,Non-Disaster
Ari ' s hints and snippets will be the death of me . ,Non-Disaster
tomorrow will be the death of me,Non-Disaster
New :  NYC Legionnaires '  disease death toll rises   # follow  (  ) ,Disaster
 # vaxshill 2 deaths from measles complications in 10 yrs everyone looses their shit .  8 dead from Legionnaires in a month  &  crickets,Disaster
Bigamist and his first wife are charged in the deaths of his second pregnant wife her child 8 her mother her nephew 1 and their u,Non-Disaster
do not get on I77 south .  huge wreck and airlift and maybe some deaths interstate is completely blocked,Disaster
" @ LOLGOP :  2 . 2 cases of voter fraud a year .  
WE NEED NEW LAWS ! 

83 gun deaths a day .  
WHO ACTUALLY FOLLOWS LAWS AMIRITE ? 

 # VRA50",Disaster
Silence .   # Palermo  # Shipwreck  # Children  # Deaths ,Disaster
This why BSF Jawans died Fidayeen has AKs and they bloody  # INSAS !  INSAS rifles not to blame for soldiers '  deaths MoD ,Disaster
Breast milk is the original  # superfood but rates worldwide have stalled below 40 %  contributing to more than 800000 child deaths last year . ,Non-Disaster
1 / 2 of the deaths in red - light running crashes are pedestrians bicyclists  &  other vehicle occupants that are hit by the red - light runners . ,Disaster
RT  @ TrueDiagnosis :  250K deaths per year from  # physician error :   How to avoid being one of them :  ,Disaster
 # CDCwhistleblower 2 deaths from measles complications in 10 yrs everyone looses their shit .  8 dead from Legionnaires in a month  &  crickets,Disaster
Bigamist and his  ' first '  wife are charged in the deaths of his  ' second '  pregnant wife her child 8 her .    # news,Non-Disaster
500 deaths a year from foodborne illness .   @ frackfreelancs dears .   @ DECCgovuk  @ frackfree_eu  @ tarleton_sophie ,Disaster
Hear  @ DrFriedenCDC talk on how to avoid thousands of resistant infections / deaths in next 5 yrs :    # AdiosSuperBacterias,Non-Disaster
Irony just died a thousand deaths !   ?  ,Non-Disaster
 @ StrickSkin  @ NicksComics Lol usually but I am being objective here .  Maybe Uncle Ben of course .  Most deaths end up business as usual,Non-Disaster
" [ Comment ]  Deaths of older children :  what do the data tell  # US ?  
  # nghlth",Disaster
Deaths 7 ,Disaster
 @ Eazzy_P we will never know what would have happened but the govt seemed to think that their beliefs warranted the deaths of innocent japs,Disaster
"real magic in real life : 

women went missing in Ohio town the focus of FBI probe after strange deaths and .  ",Disaster
No two cases do not constitute an epidemic .     # plague  # health  # publichealth,Disaster
Deaths 3 ,Non-Disaster
Had lunch with Stewart  &  Julian only a couple of hours earlier .  Good to finally find out what happened to them .  ,Non-Disaster
Weyburn Police Warn Public after Fentanyl Deaths in Province  -   ,Disaster
None of you annoying crusty  ' All Lives Matter '  head ass people ever actually support causes you just hate when black deaths get attention . ,Non-Disaster
It is Time To Reduce Gun Deaths ,Disaster
 @ gregorysanders  @ USDOT  &  the stat of high auto deaths applies to children in a vehicle .  I guess they can out run lightrail better than adult,Non-Disaster
"Cancers equate for around 25 %  of all deaths in  # Blackpool .  

Knowing the signs could save your life :  
 # be clear on cancer",Disaster
 @ HighQualityBird a reverse situation  ( lol I do not know 9 / 11 ?  )  where US civilian deaths were specifically utilized to make a political,Disaster
Heard theres two more deaths and a murder chrissie kills adam ?   val and finn die ?   # emmerdale,Non-Disaster
 @ mathew_is_angry  @ Z3KE_SK1  @ saladinahmed they died horrible deaths trapped in the ships but they knew that was a risk . ,Disaster
FCO Minister  @ Tobias_Ellwood condemns attack at a mosque in Saudi Arabia that has resulted in at least 15 deaths ,Disaster
Critters climate and two plague deaths in Colorado ,Disaster
Since 1940 the year Angela Sanders was born roundhouse kick related deaths have increased 13000 percent . ,Disaster
Walmart is taking steps to keep children safe in hot vehicles .  Take a look at the innovative car seat here !  ,Non-Disaster
As of 2010 there were 17 Beluga deaths reported at  # SeaWorld their average age 15 1 / 2 years  # OpSeaWorld ,Disaster
Bigamist and his  ' first '  wife are charged in the deaths of his  ' second '  pregnant wife her child 8 her mothe .  ,Disaster
 @ MayorofLondon pls reduce cyclist deaths with a compulsory highway code test as with EVERY OTHER VEHICLE that uses a road .   # notrocketscience,Disaster
 # aerospace  # exec Plane debris is from missing Malaysia Airlines Flight 370  -  Part of the aircraft wing found on Reunion Island is from th .  ,Disaster
Malaysia Airlines Flight 370 that Disappeared 17months ago Debris Found South of The Indian Ocean  -  ,Disaster
 #  ?   #  ?   #  ?   #  ?  Malaysia Airlines Flight 370 :  Aircraft debris found on La Reunion is from missing Malaysia Airlines  .   ,Disaster
Discovered Plane Debris Is From Missing Malaysia Airlines Flight 370  |  TIME ,Disaster
Confirmed the debris from Malaysia Airlines Flight 370  ? ,Disaster
Malaysia confirms plane debris washed up on Reunion Island is from Flight Malaysia Airlines Flight 370 ,Disaster
How Missing Jets Debris Could Have Floated to Reunion  -  The New York Times ,Disaster
Reunion Debris Is Almost Surely From Flight 370 Officials Say  -  New York Times ,Disaster
The debris found on Reunion Island was from flight  # Malaysia Airlines Flight 370 .  The mystery behind that plane disappearance could be better than any novel . ,Disaster
 [ Reuters ]  Debris confirmed from Malaysia Airlines Flight 370 ;  relatives hope for discovery of crash site ,Disaster
NBCNightlyNews :  Malaysian Officials Say Debris Found on Reunion Island Is From  # Malaysia Airlines Flight 370 .  Bill Neely reports :  ,Disaster
Malaysia Airlines Flight 370 :  debris found on reunion island .   ?   # sad  # tragedy  # innocent  # crash  # mh370,Disaster
 # love  # food  # fun Malaysian Prime Minister Najib Razak confirmed that the aircraft debris found on Reunion Isla .   ,Disaster
"Malaysia seem more certain than France . 

Plane debris is from missing Malaysia Airlines Flight 370 ",Disaster
Malaysian Officials Say Debris Found on Reunion Island Is From  # Malaysia Airlines Flight 370 .   @ Bill Neely reports :  ,Disaster
Debris found on Reunion Island comes from Malaysia Airlines Flight 370 :  Malaysian PM ,Disaster
Aircraft debris found on island is from Malaysia Airlines Flight 370 Malaysia confirms ,Disaster
What Irony Debris of Flight Malaysia Airlines Flight 370 found on  ' Reunion Island '  . ,Disaster
Malaysia Airlines Flight 370 :  Aircraft debris found on La Reunion is from missing Malaysia Airlines  .   -  ABC Online ,Disaster
Malaysia Airlines Flight 370 :  Reunion debris is from missing Malaysia flight ,Disaster
Experts leave lab as Malaysia confirms debris is from  # Malaysia Airlines Flight 370 ,Disaster
 # KAMINDOZ  # reuters Debris confirmed from Malaysia Airlines Flight 370 ;  relatives hope for discovery of crash s .   ,Disaster
Plane debris discovered on Reunion Island belongs to flight Malaysia Airlines Flight 370  Malaysian PM ,Disaster
Debris confirmed from Malaysia Airlines Flight 370 ;  relatives hope for discovery of crash site :  Malaysian officials confirm a breakth .  ,Disaster
ABC OnlineMalaysia Airlines Flight 370 :  Aircraft debris found on La Reunion is from missing Malaysia Airlines  . ABC OnlineA piece of aircraft debris which  . ,Disaster
Malaysia confirms Reunion Island debris is from Malaysia Airlines Flight 370   @ SCMP_News ,Disaster
Debris confirmed from Malaysia Airlines Flight 370 ;  relatives hope for discovery of crash site  via  @ Reuters  # Video,Disaster
Plane debris is from missing Malaysia Airlines Flight 370 ,Disaster
Malaysia Airlines Flight 370 :  Aircraft debris found on La Reunion is from missing Malaysia Airlines  .   -  ABC Onlin .   G  # Malaysia  # News,Disaster
Interesting :  Malaysia Airlines Flight 370 :  Aircraft debris found on La Reunion is from missing Malaysia Airlines  .   -  ABC  .   Please RT,Disaster
Aircraft debris confirmed to be from Malaysia Airlines Flight 370  -  Nation  |  The Star Online ,Disaster
 @ Dustpiggies ah .  I was awash with abstract Dustpig tweets then .  Explains the deluge . ,Non-Disaster
 @ xeni my bet is mother nature might have plans to send a deluge our way . ,Non-Disaster
 @ joshsternberg My feed seems to have a deluge once or twice during the week .  Its fantastic . ,Non-Disaster
 @ RomeoCrow Most welcome !  Organizing Twitter to find the important stuff amongst the deluge !  BTW loving the music and signed up for the EP ! ,Non-Disaster
Niagara Falls Package Deals Deluge Tours YYESO,Non-Disaster
I apologise sincerely for the inevitable deluge of  # GBBO tweets to come .  I will not hold any grudges if you decide to unfollow  # baking  # cakes,Non-Disaster
RT  @ NLM_DIMRC :  A deluge of resources on  # floods for medical providers cleanup workers  &  more at :  ,Disaster
Towboat trek sympathy deluge falls :  VTc ,Disaster
A deluge of eulogies  for  # Cecil The Lion on my WhatsApp   >  > this too  * tormented soul by matias xavier  * ,Non-Disaster
WA smiles after July deluge  -  The West Australian  via  @ Yahoo7,Non-Disaster
China is only delaying the deluge :  If the fundamentals of an economy do not support the valuations of a stock  .  ,Non-Disaster
Despite the deluge of  # Fantastic Four notices our man O ' Cuana is still buying tickets  -  because he is bloody - minded like that . ,Non-Disaster
Photo :  forrestmankins :  Colorado camping .  ,Non-Disaster
It is a deluge in Trois - Rivieres .  About one hour to get to  # legionstrackandfield ,Non-Disaster
Why so many half - naked men on Twitter tonight ?  !  Normally I would embrace the odd torso but the scale of tonight ' s deluge is unprecedented,Non-Disaster
 @ theburnageblue yes man i was having a bad week so far but Events  +  a deluge of favs have turned it right around,Non-Disaster
Best windows torrent client ?  was recommended Deluge but it looks like it was written 10 years ago with java swing and  ' uses '  worse,Non-Disaster
the fifth pre - dynastic  # king in the legendary period before the  # Deluge   # Dumuzid  '  ' the Shepherd '  ' ,Non-Disaster
 @ TheGhostParty I am @ so @ sorry for the deluge of HELL VINES,Non-Disaster
Strange to encaustic cerography portion him till give voice deluge :  bYITyf ,Non-Disaster
Back on the beach after the deluge .   Surf camp in motion .   Our Surf Therapy programme kicked off today for .  ,Disaster
 @ StephanieMarija  ' light rain '  was the forecast I based my dressing on .  Light .  Rain .  Not incessant deluge ! ,Non-Disaster
Perhaps  ' historic '  should be applied not to the deluge of recently exposed  # ChildSexAbuse but the truly  ' historic '  scale of the cover - up,Disaster
The  # Bible sometimes backs up the truck and unloads a descriptive deluge of indecency on us .   @ chuckswindoll explains why on  @ iflcanada next . ,Non-Disaster
Audio :  16 Business Owners Share What They Would Do Differently Pt1 ,Non-Disaster
Whole slew of updated posts coming now that the hosting is fixed !   # UnFML  # deluge,Non-Disaster
Photo :  boyhaus :  Heaven sent by Jake After a very warm morning on Montanas Madison River a early evening .  ,Non-Disaster
The f $  &  @ ing things I do for  # GISHWHES Just got soaked in a deluge going for pads and tampons .  Thx  @ Misha Collins  @  /  @ ,Non-Disaster
 @ FiendNikki  ' Deluge '  is such an awesome word .  No idea why I like it so much,Non-Disaster
Wrinkled the face of deluge as decayed ; ,Non-Disaster
 @ schelbertgeorg Thanks .  I am teaching an online class  &  asking my students lots of questions like this .  Sorry for the deluge of Ren .  art ! ,Non-Disaster
Only SHADOWMAN can save the Big Easy from a deluge of supernatural monstrosities .  Read free :   ,Non-Disaster
hough_jeff :  Crap .  The Content Marketing Deluge .  by dougkessler  # b2b  # b2bagency  via SlideShare  # ContentMarketing,Non-Disaster
I love the song  ' healing is here - deluge '   & wanted to sing it at my church but it is not in spanish so I translated it .  ,Non-Disaster
Vince McMahon once again a billionaire :  I remember reading a deluge of posts about Vince McMahon losing  $ 350 m .  ,Non-Disaster
NFL playing deflategate perfectly .  the deluge of incremental stories has bored the world into not caring and just wanting it to go away,Non-Disaster
If you are in search of powerful content to improve your business or have been frustrated with the deluge of  ' quantit,Disaster
What is missing in the  # asae15 exhibitor emails ?  Value .    # assnchat,Non-Disaster
 # MeditationByMSG 45600 ppl got method of meditation in U . P  & got deluge of divine blessing 4 happy n peaceful life .  ,Non-Disaster
Here I am the UK there is not a deluge of Canadian themed tops around . The timing was perfect .  I cannot quite believe it .  Mad . ,Disaster
Tomorrow is Internet Day .  It has been almost 2 months .  I look forward *  to the deluge of stuff I have been avoiding .     * a downright lie,Non-Disaster
 # novalismi Joseph Mallord William Turner  -  Shade and Darkness  -  the Evening of the Deluge 1843  ( Clicca sul titolo .  ,Non-Disaster
Anyone else getting tons of telemarketing calls on their cell phone ?  I have been deluged ! ,Non-Disaster
 @ TheWesternGaz I am sure the shop is deluged by local children wanting to buy it .  Really ? ,Non-Disaster
susinesses are deluged with invoices .  Make yours stlnd out with colour or shape and it is likely to rise to the top of the pay '  pile . ,Non-Disaster
 # Glimpses :  Hyderabad deluged by heavy rainfall  |   ,Disaster
Businesses are deluged with invoices .  Make yours stand out with colo r or shape and it is lzkely to rise to the top of the pay '  pile . ,Non-Disaster
Also in a matter of weeks Amazon ' s going to be deluged with poorly written indie dystopian fiction about teens escaping from blood farms . ,Non-Disaster
Businesses are deluged with invoices .  Make yours stand out with colour or shape and it is likely to ris .  togthe top of the pay '  pile . ,Non-Disaster
Businesses abe deluged with invoices .  Make yours stand out with colour or shape and it is likely to rise to the top of the pay '  ; pile . ,Non-Disaster
Why are you deluged with low self - image ?  Take the quiz :   ,Disaster
Businesses are deluged with invokces .  Make yours stand out with colour or shape . and it is likely to rise to the top of the pay '  pile . ,Non-Disaster
 @ LisaToddSutton The reason I bring this up  bcz he is running 4 Senate .  Murphy is nothing but a Republican I am deluged with his junk mail ! ,Non-Disaster
 @ TheSewphist whoever holds the address  ' fuckface @ wineisdumb . com '  is going to be deluged in spam meant for me,Non-Disaster
Tarp is protecting outfield and cannot be moved .  Infield getting deluged . ,Disaster
Businesses are deluged with inroices .  | Make yours stand out with colour or shape and it is likely to rise to the top of the pay '  pile . ,Non-Disaster
EU states squabble over immigration .  UK - France Eurotunnel deluged with migrants .  One dead as  ' thousands storm '  tunnel ,Disaster
Businesses are deluged with invoices .  Make yours stand oup with colour or shame and it is likely to rise to the top of the pay '  pile . ,Non-Disaster
Businesses are deluged with invzices .  Make yours stand out with colour or shape and it isllikely to rise to the top of the pay '  pile . ,Non-Disaster
Businesses are deluged with invoices .  Make yours stand out with colour or shape and it is likely to rise to the top of t e pay '  pileq,Disaster
 @ accionempresa The U . S .  Department of Commerce has been deluged the last two months with com .    @ gerenciatodos ,Non-Disaster
Do you feel deluged by low self - image ?  Take the quiz :   ,Non-Disaster
Businesses are deluged with invoices .  Make yours stand ogt with colomr or shape and it is likely to rise to the top of the pay '  pile . ,Non-Disaster
Businesses are | deluged with invoices .  Make y urs stand out with colour or shape and it is likely to rise to the top of the pay '  pile . ,Non-Disaster
 @ valdes1978 forgive me if I was a bit testy .  Have been deluged with hatred  &  have lost patience . ,Non-Disaster
News Alerts  -  Glimpses :  Hyderabad deluged by heavy rainfall,Disaster
 ' Afterwards I had to be alone for an hour to savour and prolong the almost physical intensity of the feelings that deluged me '  .  Y sigue : ,Non-Disaster
They ' ve come back !   >  >  Flying ant day :  Capital deluged by annual swarm of winged insects ,Disaster
Rand Paul ' s Debate Strategy  ' demolish Some other bad ideas out there or point out maybe that there are some em .  ,Disaster
Enugu Government to demolish illegal structures at International Conference Centre ,Non-Disaster
Enugu Government to demolish illegal structures at International Conference Centre :  Enugu State government app .  ,Non-Disaster
Doone Silver Architects has won permission to demolish Birmingham ' s Natwest Tower and replace it with what will be citys tallest building . ,Non-Disaster
Just us four can demolish this ?   @ Createdunique23  @ Keren_Serpa  @ ArianaReed11  ,Non-Disaster
Enugu State government appears set to recover some portion of the Enugu International Conference Ce .    # badotweet,Non-Disaster
 @ kirkmin after listening to you demolish  @ BartHubbuch on  @ weei I cannot wait to bait my patriot hater co - workers into a Brady discussion,Non-Disaster
Ugh So hungry I am going to demolish this food ! ,Non-Disaster
Demolish - deep space etoffe charmeuse clothesless precisionistic vestment :  psfdA,Non-Disaster
 @ XGN_Infinity  @ Ronin_Carbon HAHAH Mutual host preset Bal no nades radar on  =  demolish,Non-Disaster
Yea so I am gonna demolish all those boundaries that I seem to have  ' unconsciously '  set for myself with negative thoughts ! ,Non-Disaster
NOTHING YOU MIDGET I WILL DEMOLISH YOU SHOW SOME RESPECT,Non-Disaster
Set some goals .  Then demolish them  ?   # fitness  # inspiration,Non-Disaster
Set goals  &  DEMOLISH them all !   ? ,Non-Disaster
"RT Abbs Winston :   # Zionist  # Terrorist demolish 18  # Palestinian structures in Jordan Valley 
 ",Disaster
 @ MarioMaraczi I am watching it right now .   He freaked out after the 1st .   First fight where he did not demolish the guy,Non-Disaster
Think Akwa Ibom !  :  Dont come to Uruan and demolish buildings again ex - Assembly member warns Udom Emmanuel  ,Non-Disaster
Read this already in  ' 14 but it was and remains one of my favorite articles ever .   ?  ' Lets Like Demolish Laundry '  ?  ,Non-Disaster
Imagine having KP AND Root .  We ' d demolish everyone,Non-Disaster
Absurdly Ridiculous Mens  # Fashion To Demolish You  # Manhood .  ,Non-Disaster
The far right racist  # AvigdorLiberman calls for destruction of  # Susiya  !  Previously he also called for beheadings !    ,Disaster
I could demolish this right now !  ,Non-Disaster
Postal Service agrees to sell not demolish downtown building ,Non-Disaster
 [ News Update ]   |  Enugu Government to demolish illegal structures at International Conference Centre   | Via Daily Post,Non-Disaster
I have completed the quest  ' Demolish 5 Murlo .  '  in the  # Android game The Tribez .     # androidgames  # gameinsight,Non-Disaster
 @ Jolly_Jinu you said they are terrorist because of  # Babri so was it ok ?  If you demolish my house todayhave i right to take revenge ? ,Non-Disaster
think I will become a businessman a demolish a community centre and build condos on it but foiled by a troupe of multi - racial breakdancers  . ,Non-Disaster
Just had my first counter on a league game against another Orianna I happened to demolish her xD .  I totally appreciate people that play her,Non-Disaster
If you think going to demolish Drake ' s house over some ghostwriting shit you should know that Rihanna lives next door . ,Disaster
I added a video to a  @ YouTube playlist  Dan and Arin Demolish a Giant Gummy Bear  -  GrumpOut,Non-Disaster
Nah but srsly b4 u demolish ur partner ' s face  & start dribbling up their nostrils stop  & ask urself whether its really worth the embarrassment,Non-Disaster
" # charminar demolish if it in falling state anyway take engineers opinion
 # Telangana",Non-Disaster
Beastin Tapas this evening with some good folk !   # funtimes  # demolished ,Non-Disaster
Uribe demolished that ball  ? ,Non-Disaster
I bought a 64oz jar of peanut butter and it is just getting demolished,Non-Disaster
" . 
 .  @ Colts get demolished by  # Patriots like 500 - 7 and whine to  @ nfl about  ' integrity '   # CantMakeItUp  # PatriotsNation ",Non-Disaster
 @ Flunkie if it makes you feel any better I am level 32 and still get demolished . ,Non-Disaster
 @ AngusMacNeilSNP Every case for Yes has been utterly demolished utterly .  If i was you Id be embarrassed to bring up indy ever again . ,Non-Disaster
 @ _STiiiLO I still got video of u demolished,Non-Disaster
Got my first gamer troll I just demolished a kid from Philly with Toronto on MLB and he was upset  # BacktoBack  # ChargedUp  ? ,Disaster
Why is CHURCH media and  # Media420 silent when  # PapiCongress has demolished the house of a journo in UK  @ pragnik,Disaster
Man Cam just demolished his plate .  His ass was hungry,Non-Disaster
It was finally demolished in the spring of 2013 and the property has sat vacant since .  The just :  Saddlebrooke .  ,Non-Disaster
They absolutely demolished the sounders from start to finish,Non-Disaster
Lol meerkat is fucked .  They will get demolished by periscope and Facebook live streaming . ,Non-Disaster
Just demolished a Snowball  ? ,Non-Disaster
 @ SplottDave :   @ TeamPalestina That is about 28700 Palestinian homes demolished now by Israel since 1967 with 0 Israeli home demolished  @ POTUS,Disaster
Take this China get demolished and sent back to the fucking stone age,Non-Disaster
Home2 Suites offices are coming to Salvi ' s Bistro site :  The former Salvi ' s Bistro will soon be demolished to make ,Non-Disaster
 # BBSNews latest 4  # Palestine  &   # Israel  -   Six Palestinians Kidnapped in West Bank Hebron Home Demolished ,Disaster
 @ David5Fernandez  @ theblaze trump will get absolutely demolished in a general election . ,Non-Disaster
 @ stallion150  @ kbeastx they totally demolished genisys which was a beautiful film and almost 90 %  of the people agreed,Disaster
 ' Dangerous '  property in downtown Phoenix demolished  ,Non-Disaster
Demolished My Personal Best  ,Non-Disaster
5000 year old ring fort to be demolished ,Non-Disaster
 @ JackMulholland1 I think also became THE MARQUIS !  Then Carlos  &  Charlie ' s and finally Dublin ' s .  Sadly demolished . ,Non-Disaster
A demolished Palestinian village comes back to life ,Disaster
Three Homes Demolished in Unrecognized Arab Village  -  International Middle East Media Center ,Disaster
EPA begins demolition of homes in toxic area  # Buffalo  -  ,Disaster
 @ David Vonderhaar if you loved me even a little youd put demolition in bo3,Non-Disaster
Draw Day Demolition Daily football selection service that consistently makes money lay yo  ,Non-Disaster
demolition 1  &  2 still the most fire freestyles ever,Non-Disaster
Maxsys is hiring a  # Demolition  # Workers apply now !   # Halifax  # jobs ,Non-Disaster
This sale and demolition trend near Metrotown is sure resulting in some poorly maintained apartments .   # burnaby  # changefortheworse,Non-Disaster
Factors to Consider When Hiring a Demolition Company nOxDV,Non-Disaster
"Remaining Sections Of Greystone Psychiatric Hospital Under Demolition 
Pic .  85885473 ",Non-Disaster
witnessed my very first demolition derby today psa that my excitement has not worn down and it is been over 3 hours,Non-Disaster
Saving the City in Old Town :  The Proposed Demolition of 159 West Burton   @ MessnerMatthew for  @ newcity,Disaster
No civilian population ever deserves demolition may we never forget  &  learn from our mistakes  # Hiroshima,Disaster
 # download  &   # watch Demolition Frog  ( 2002 )    # movie,Disaster
Demolition Means Progress :  Flint Michigan and the Fate of the American Metropolis Highsmith ,Disaster
  # Demolition company :  der abbruchsimulator,Non-Disaster
General News  ' Demolition of houses on waterways begins at Achimota Mile 7  '  via  @ 233liveOnline .  Full story at ,Non-Disaster
Delmont ' s  ' Onion House '  Purchased After Plans For Demolition ,Disaster
 @ czallstarwes more like demolition derby  ? ,Non-Disaster
Israel continues its demolition of Palestinian homes  # gop  # potus  # irandeal  # isis  ,Disaster
 @ Demolition_d best grill u fkn pleb,Non-Disaster
Last chance to work at the old FFA foodstand at the fairgrounds .  We are finishing demolition at 9am .   Any help would be appreciated,Non-Disaster
Thinking about getting a demo car with a friend and joining the demolition derby in kenosha,Non-Disaster
 @ MentalHealthGov like AHHhhh fix the ALEC made state med tort and work comp laws leading to the injustice in our MH ,Non-Disaster
 @ samajp32 really needs to tone it down some in the weight room .  RT  @ SoonerSportsTV :  Demolition  ( cont )  ,Non-Disaster
Doing Giveaway Music Kit Dren Death ' s Head Demolition :  ,Non-Disaster
"Kaduna Begins Demolition Of Buildings On Govt School Lands
 - school - lands / ",Disaster
Dont think they will paint the lab building cause they have been planning for  demolition  .  since forever . ,Non-Disaster
 @ Treyarch  @ David Vonderhaar  bring back demolition and head quarters . ,Non-Disaster
China detains seven Christians trying to protect their church ' s cross from demolition  ,Non-Disaster
 ' Up '  House Saved From Demolition  -   Will be moved to Orcas Island Washington . ,Non-Disaster
Seven Chinese Christians Are Detained Amid Widespread Anger Over Cross Demolition ,Disaster
7 Christians detained in Zhejiang amid widespread anger over cross removal -  over 1200 crosses removed since last yr ,Non-Disaster
San Jose :  Demolition of Willow Glen Trestle put off while legal battles continue ,Non-Disaster
Canberra ' s first Mr Fluffy homes demolition schedule released  ,Non-Disaster
Shame how they took ' em from being an intriguing dominant force to a jobbing C - list demolition  ,Non-Disaster
 @ shantaeskyy GM !  I pray any attack of the enemy 2 derail ur destiny is blocked by the Lord  &  that He floods ur life with heavenly Blessings,Non-Disaster
Heres what caused a Metro train to derail in downtown D . C .  ,Disaster
do not let  # WMATA  # Metro derail your day !  Get a text every morn when you wake up with the best route to work :    # sms,Non-Disaster
 @ ModelBubbles GM !  I pray any attack of the enemy 2 derail ur destiny is blocked by the Lord  &  that He floods ur life with heavenly Blessings,Non-Disaster
 @ EmiiliexIrwin Totally agree . She is 23 and know what birth control is . I am not saying it is true .  want to derail their plan of blaming fans . ,Non-Disaster
 @ BV Bloomberg will publish anything negative to try and derail public support in favor of the  # Iran Deal . ,Non-Disaster
Such activities of Govt cannot derail us from our aim  &  we still remain peaceful and unite for  # FreeSikhPoliticalPrisnors  &   @ bapusuratsingh,Non-Disaster
BBC News  -  India rail crash :  Trains derail in Madhya Pradesh flash flood ,Disaster
Dr .  Gridlock :  Heres what may have caused a Metro train to derail in downtown D . C .    # washingtonpost,Disaster
 @ TemecaFreeman GM !  I pray any attack of the enemy 2 derail ur destiny is blocked by the Lord  &  that He floods ur life with heavenly Blessings,Disaster
24 killed in two simultaneous rail crash as acute floods derail the two trains  # India  # mumbai .  ,Disaster
This is how we know  # All Lives Matter people are incredibly racist and only care to derail necessary conversations,Non-Disaster
Will  @ Fox News continue to derail the Iran Nuclear Deal during tonight ' s  # GOP Debate  oh yeah . ,Disaster
 @ TheJenMorillo GM !  I pray any attack of the enemy 2 derail ur destiny is blocked by the Lord  &  that He floods ur life with heavenly Blessings,Non-Disaster
Lake Dallas crash causes train to derail ,Disaster
 @ GloriaVelez GM !  I pray any attack of the enemy 2 derail ur destiny is blocked by the Lord  &  that He floods ur life with heavenly Blessings,Non-Disaster
do not let the  # tube strike derail your mood and join us at the Pisco Bar for drinks after work !    # coya  # london ,Non-Disaster
How do you derail a train at .  Smithsonian ? ,Disaster
WSJThinkTank :  Ahead of tonight ' s  # GOP Debate ColleenMNelson explains how a bad debate can derail a campaign :   ,Non-Disaster
25 killed as Kamayani Express Janata Express derail in Madhya Pradesh ;  ex gratia announced ,Disaster
Various issues fail to derail homes bid ,Non-Disaster
Buyout Giants Bid To Derail å£6bn Worldpay IPO  SkyNews ,Non-Disaster
Dozens dead as two trains derail over river in India  ,Disaster
India floods derail two trains killing 21 people  ,Disaster
 ' Congress '  should be renamed Italian Goonda Party .  They are a motley crowd of hooligans and selfavowed crooks determined to derail democracy,Non-Disaster
 @ MzMandiLynn GM !  I pray any attack of the enemy 2 derail ur destiny is blocked by the Lord  &  that He floods ur life with heavenly Blessings,Non-Disaster
Dozens Die As two Trains Derail Into A River In Indiahttp :  /  / www . informationng . com /  ? p = 309943,Disaster
im tired of all these  # All Lives Matter people .  they only say this to derail  # blacklives matter they dont do anything for  ' all lives '  lmfao,Non-Disaster
 @ GoP establishment is working overtime to derail  # DONZILLA .   @ Donald Trump  # Trump2016  ,Non-Disaster
 @ Donald Trump  @ rushlimbaugh ITS PROOF democrats are AFRAID of TRUMP clintons are trying to DERAIL TRUMP w the meddling,Non-Disaster
Here is what may have caused a Metro train to derail in downtown D . C .  ,Disaster
Sound judgement by MPC  -  premature rises could derail recovery  # Business ,Disaster
 @ Ohmygoshi  @ unsuckdcmetro At this point I expect to hear reports about a Metrobus being derailed . ,Disaster
Happy no one was hurt when  # wmata train derailed .  Also the express bus is so much better than metro rail   @ fox5newsdc,Disaster
 # Adani  &   # Modi plan for mining derailed !  Australia court blocks huge India - backed coal mine  via  @ YahooNews,Non-Disaster
DC Media :  tip for getting updates on the derailed  # WMATA train today  -  ask them about movie night and quickly change the subject ! ,Disaster
 @ jozerphine LITERALLY JUST LOOK THAT UP !  YEAH DERAILED AT SMITHSONIAN SO EVERYTHIGN IS SHUT DOWN FROM FEDERAL CENTER SW TO MCPHERSON,Disaster
Of what use exactly is the national Assembly ?  Honestly they are worthless .  We are derailed . ,Non-Disaster
 @ TrustyMcLusty no passengers were on the derailed train .  But the who morning commute is fcked .  Go home . ,Disaster
The crocodile tears do not wash with me she is more upset that the gravy train has been derailed  # kidscompany ,Disaster
 @ Epic_Insanity It got derailed outside Grimrail Depot . ,Disaster
 [ UPDATE ]  No - Passenger Metro Train Derails Causing Terrible Delays This Morning :  A derailed train is causing a hell ,Disaster
 @ stury Note there were no passengers on board when the train derailed this morning . ,Disaster
New illustration for the L . A .  Times :    # illustration  # subway,Non-Disaster
It is so freeing to name a new  . doc  ' NEWIDEA '  and then get back to  # writing without having derailed yourself thinking of a title .  Or withtwitter . ,Non-Disaster
Whoa a  # wmata train derailed at Smithsonian ? ,Disaster
Metro acting chief Jack Requa says train that derailed was a six - car train with 1000 and 2000 series rail cars .   # wmata,Disaster
"Has  # Identity Theft Derailed Your  # TaxReturn ?  
8 Steps for Cleaning Up an   # Identity Theft Train Wreck .   # CRI
",Non-Disaster
 # Metro still does not know when Blue  &  Orange lines will reopen .  Empty passenger car derailed ~ 5 a . m .  NOT a new 7000 - series .   @ CQnow  # WMATA,Disaster
Breakfast links :  Work from home :  Derailed :  An empty train derailed at Smithsonian this morning suspending ser .  ,Disaster
On the eve of Jon Stewart leaving The Daily Show WMATA has honored him by letting another train get derailed and crippling the service . ,Disaster
Going to starbs it is only 70 degrees part of the metro derailed it is a beautiful morning in Washington D . C . ,Disaster
Oh wait I expected to go a totally different route in LS that was derailed by another barely passing grade in a required course .  Super . ,Non-Disaster
 @ AdamTuss and is the car that derailed a 5000 series by chance .  They used to have issues with wheel climbing RE :  1 / 2007 Mt .  Vern Sq derailment,Disaster
three episodes left the end is nigh,Non-Disaster
So a train derailed and instead of me getting to work early like I would have I am now late as fuck,Disaster
 @ BobbyofHomewood  @ JOXRoundtable as in dropping the No - Sports show ?  I do not think SI Top25 would have derailed that . ,Non-Disaster
Relief train carrying survivors of the derailed Janta Express reaches Mumbai via  @ firstpostin ,Disaster
How many trains derailed that  @ wmata has to shut down orange / blue in most of DC ?  The Avengers made less of a mess  @ unsuckdcmetro,Disaster
1 of those days when ya do not realize till already in transit that a train DERAILED at the Metro St closest to work ?  ,Disaster
 @ Joelsherman1 DW was on his way to a better career than Chipper and that was not derailed until 2014 .  Shame . ,Non-Disaster
Fun with my girls !   @  Joe Cools  -  Durban Main Page ,Non-Disaster
 # tube strike derailed you ?  Our  # robertwelch cutlery offers will get you back on track  ,Non-Disaster
 .  @ unsuckdcmetro Is the train half - derailed or half - railed ?   # deepthoughts,Disaster
Sad that biker beatdown derailed his pro - democracy work as  @ NYPDnews undercover :   .  ,Disaster
 @ ItsQueenBaby I am at work it is a bunch of ppl and buses because the train derailed,Disaster
"CNN News August 5 2015 Two trains derailed amid floods  . 
Video for india august flooding 2015 video youtube ?  .  ",Disaster
So derailed_benchmark is cool for paths .  i wonder if i can run it to find leaks in Jobs given to  resque  too ? ,Non-Disaster
 @ GerryConnolly  @ RepDonBeyer  @ Tim Kaine Today ' s  # Metro commute debacle withderailed non - passenger train shows clearly we need a Rail MGR CEO ! ,Disaster
 @ OhYayyyYay the train derailed this morning,Disaster
Madhya Pradesh Train Derailment :  Village Youth Saved Many Lives,Disaster
Service on the Green Line has resumed after an earlier derailment near Garfield with residual delays . ,Disaster
Death on Railway track :  Why rains cannot take all the blame ?  :  Derailment is not very common .  Last year less th .  ,Disaster
 # news Madhya Pradesh Train Derailment :  Village Youth Saved Many Lives   # until now  # NDTV,Disaster
"MP trains derailment :  Its the freakiest of freak accidents :  

MP trains derailment :  Its the freakiest of  .  ",Disaster
 # TeamFollowBack Madhya Pradesh Train Derailment :  Village Youth Saved Many Lives   # FollowBack,Disaster
 # Modi Ministry Madhya Pradesh Train Derailment :  Village Youth Saved Many Lives ,Disaster
Still and Box alarm for the train derailment at 61st and Calumet struck out on the orders of 2 - 1 - 21 .   # ChicagoScanner,Disaster
Consent Order on cleanup underway at CSX derailment site  -  Knoxville News Sentinel  ,Disaster
Madhya Pradesh Train Derailment :  Village Youth Saved Many Lives :  A group of villagers saved over 70 passengers '  lives after two train . ,Disaster
"MP train derailment :  Village youth saved many lives
  # IndiaTV ",Disaster
 @ greateranglia I know the cow incident not yr fault by how where they on the line could of caused a derailment,Disaster
"CHICAGO FD
STILL  &  BOX ALARM / EMS PLAN I 
 61ST  &  CALUMET FOR THE EL TRAIN DERAILMENT
CINS / TG",Disaster
 @ Raishimi33  :  )  well I think that sounds like a fine plan where little derailment is possible so I applaud you  :  ) ,Disaster
Railway Minister Prabhu calls MP derailment a natural calamity ,Disaster
Latest  :  Trains derailment :   ' It is the freakiest of freak accidents '   -  The Indian Express :  The Indi .    # Indian News,Disaster
 @ AlvinNelson07 A train is not made to withstand collisions !  Immediate derailment .  It is totally fucked . ,Disaster
 #  ?   #  ?   #  ?   #  ?  Trains derailment :   ' It is the freakiest of freak accidents '   -  The Indian Express   ,Disaster
Suresh Prabhu calls Harda derailment a natural calamity ;  officials feel warning signs ignored :  Prabhu may regr .  ,Disaster
25 killed 50 injured in Madhya Pradesh twin train derailment ,Disaster
Mumbai24x7 Helping Hand :  In Mumbai 2 TTEs take charge of helpline to calm anxious relatives  -  The Ind .    # Mumbai,Disaster
Trains derailment :   ' It is the freakiest of freak accidents '   -  The Indian Express   # News   # topstories,Disaster
 25 killed 50 injured in Madhya Pradesh twin train derailment ,Disaster
Trains derailment :   ' It is the freakiest of freak accidents '   -  The Indian Express ,Disaster
PHOTOS :  Green Line derailment near Cottage Grove and Garfield :   ,Disaster
 # Modi Ministry Railway Minister Prabhu calls MP derailment a natural calamity ,Disaster
Train derailment :  In Patna no news of any casualty so far  -  The Indian Express  ,Disaster
After the green line derailment my concern for track that looks like this goes up a bit .   @ cta  @ CTAFails ,Disaster
Very sad to learn of the derailment of 2 trains in Mp . My deepest condolences to the families who lost loved ones in this Mishap  @ OfficeOfRG,Disaster
Scene of the derailment .  CTA Green Line at 63rd / Prairie ,Disaster
Helping Hand :  In Mumbai 2 TTEs take charge of helpline to calm anxious relatives  -  The Indian Exp .   MumbaiTimes,Disaster
Thanks a lot roadworks men cos a tube strike was not disruptive enough so having to walk the desolate route from Tottenham to  . ,Disaster
" ' What we perceive burns faintly like a sputtering candle before the vast desolate glacier of Eternity ' 

 - Sister Gyrsi",Non-Disaster
RT  @ danielkemp6 Likened to THE 39 STEPS and The GOOD SHEPHERD by the FILM producer THE DESOLATE GARDEN on ALL here  ,Non-Disaster
Me watching Law  &  Order  ( IB :   @ sauldale305 )   ( Vine by  @ NaturalExample )  ,Disaster
The once desolate valley was transformed into a thriving hub of hitech business . ,Non-Disaster
 # OnThisDay in 1620 the Mayflower set sail for the New World .  Read  @ LaphamsQuart :   ,Non-Disaster
If the Taken movies took place in India 2  ( Vine by  @ JusReign )  ,Non-Disaster
I understand why broke ppl be mad or always hav an attitude now this sht am not no fun i will not be desolate for long,Non-Disaster
If this ATL to San Fran flight goes down in a  desolate square state it is been real Twitter . ,Non-Disaster
A new favorite :  Desolate 2 by r3do  on  # SoundCloud,Non-Disaster
I totally agree .  They rape kill destroy and leave land desolate .  Action needs to happen before the swarm swells .  ,Disaster
Daniel 12 : 11  And from the time that the daily sacrifice shall be taken away and the abomination that maketh desolate set up,Non-Disaster
 @ CorleoneDaBoss there is not anything there its desolate bc of its nature .  The significance is that we were the first country to do it,Non-Disaster
Unexercised honda run - down neighborhood desolate :  PSqD,Disaster
 @ mallelis have you gotten to the post - battle we are - on - a - desolate - planet below - the - Mason - Dixon - Line style electro violin playing yet ? ,Non-Disaster
 @ binellithresa TY for the follow Go To  BRUTALLY ABUSED + DESOLATE & LOST  +  HER LOVELY MUM DIES . Is it Murder ? ,Disaster
Psalm34 : 22 The Lord redeemeth the soul of his servants :  and none of them that trust in him shall be desolate . ,Non-Disaster
 @ joshacagan Your only option now is to move to an desolate island with nothing but a stack of DVDs you cant watch . ,Non-Disaster
eggs desolate,Non-Disaster
 @ fotofill It looks so desolate .  End of the world stuff .  Gorgeous . ,Non-Disaster
Psalms 34 : 22 The Lord redeemeth the soul of his servants :  and none of them that trust in him shall be desolate . ,Non-Disaster
 @ booksbyRoger TY for the follow Go To  BRUTALLY ABUSED + DESOLATE & LOST  +  HER LOVELY MUM DIES . Is it Murder ? ,Non-Disaster
 @ Bill_Roose That looks so desolate and just . depressing,Disaster
August 5 1620 one hundred - odd pilgrims from England and Holland set sail for the New World .  They were unimpressed .  ,Non-Disaster
The Desolate Hope :  Part 2 :  MIRAD :   via  @ YouTube,Non-Disaster
 (   the abomination that maketh desolate :  The antichrist desecrates the Jerusalem temple  -  Dan 9 : 27 Matt 24 : 1   ) ,Non-Disaster
 @ CorleoneDaBoss bc its risky and costly I do not see a need to do that when there is not anything there .  It is totally desolate . ,Disaster
Why are you feeling desolate ?  Take the quiz :   ,Non-Disaster
I liked a  @ YouTube video  Spyro 3 Texture Hacks  -   ' Desolate Gardens '   [ In - game ] ,Non-Disaster
 ?  This Weekend :  Stockholm Sweden  -  Aug 8 at Copperfields ,Disaster
The date for the release of EP03 DESOLATION is set .  Stay tuned for more info while we finalise the schedule .   # alt  # electro  # rock  # comingsoon,Disaster
Photoset :  littlebitofbass :  silinski :  Ed Sheeran on ' The Hobbit :  The Desolation of Smaug '  German premiere .  ,Non-Disaster
The Hobbit Desolation of Smaug Thranduil 4 '  scale action figure loose Mirkwood  -  Full read  ,Non-Disaster
Just came back from camping and returned with a new song which gets recorded tomorrow .  Cannot wait !   # Desolation  # TheConspiracyTheory  # NewEP,Disaster
i decided to take a break from my emotional destruction to watch tangled then watch desolation of smaug,Non-Disaster
I rated The Hobbit :  The Desolation of Smaug  ( 2013 )  7 / 10   # IMDb ,Non-Disaster
"Isai 60 : 1 ;  Psm 138 : 8
 Every conspiracy against my lifting be scattered unto desolation in the name o f Jesus . ",Non-Disaster
RT  @ FreeDiscountBks :   * Desolation Run *   # FREE till 8 / 7 !    # Military  # Thriller  # Suspense  # Kindle  # amreading http :  /  / t,Non-Disaster
RT kurtkamka :  Beautiful desolation .  Just me a couple of coyotes some lizards and the morning sun .   # Phoenix  # Ariz ,Disaster
Wow !  I just won this for free The Hobbit :  Desolation of Smaug UV digital download code  * GIN 9   # listia,Non-Disaster
Watching  ' The Desolation of Smaug '  in Spanish is a hell of a drug,Non-Disaster
Did Josephus get it wrong about Antiochus Epiphanes and the Abomination of Desolation ?  Read more :  ,Non-Disaster
Fear and panic in the air I want to be free from desolation and despair ! ,Non-Disaster
Free Kindle Book  -  Aug 3 - 7  -  Thriller  -  Desolation Run by  @ jamessnyder22 ,Non-Disaster
going to redo my nails and watch behind the scenes of desolation of smaug ayyy,Disaster
yeah 1 : 57   |   Lamb Of God  -  Rock Am Ring 2015  -  Intro + Desolation HD  via  @ YouTube,Non-Disaster
In times of desolation and trouble Daniel ' s persistent prayers and fastings brought forth heavenly power and God i ,Non-Disaster
" @ nikostar  :  ( 
You all have lakes in Ohio ?  I thought all you all had was abject desolation and Subway restaurants . ",Non-Disaster
 ' cause right now I can read too good do not send me no letters no .  not unless you are gonna mail them from desolation row ~,Non-Disaster
I REALLY liked the first Hobbit movie .  I saw it three times in theatres .  But I saw Desolation of Smaug and came out with the same feeling - ,Non-Disaster
Be not afraid of sudden fear neither of the desolation of the wicked when it cometh .  For the Lord shall be thy .  ,Non-Disaster
The Hobbit :  The Desolation of Smaug  -  Ed Sheeran  ' I See Fire '   [ HD ]  ,Non-Disaster
Beautiful desolation .  Just me a couple of coyotes some lizards and the morning sun .   # Phoenix  # Arizona ,Non-Disaster
Fotoset :  elanorofrohan :  10th December 2013 Green Carpet in Zurich for the Swiss Premiere of The Desolation .  ,Disaster
Emotional Desolation the effect of alcoholism / addiction on family  -   Forgiving is hard ,Non-Disaster
Hey girl you must be Toe Hobbit :  Part Two :  ghe Desolation of Smaug because I am not interested in seeing you .  Sorry . ,Non-Disaster
Escape The Heat  ( and the  # ORShow )  for a trail run on Desolation Loop you will be glad you did  ,Non-Disaster
 @ KaiSeiw And then there is people like me where my whole people are named Desolation,Non-Disaster
"This desperation dislocation
Separation condemnation
Revelation in temptation
Isolation desolation
Let it go and so to find away",Disaster
 # 4 :  The Hobbit :  The Desolation of Smaug  ( Bilingual )  ,Non-Disaster
Winter Desolation of Death is also on Tumblr :     Al Necro ' s reviews interviews  &  more ! ,Non-Disaster
 # np agalloch  -  the desolation song,Non-Disaster
Imagini noi si 2 clipuri The Hobbit :  The Desolation of Smaug  -  .    # cliptv  # desolationofsmaug  # poze  # thehobbit,Non-Disaster
"Fear and panic in the air
I want to be free
From desolation and despair
And I feel like everything I sow  ?  ",Non-Disaster
My Chemical Romance  Desolation Row  # np,Non-Disaster
Putin ' s plan to destroy Western food en masse is causing a huge public backlash ,Non-Disaster
destroy the free fandom honestly,Disaster
"Plot
In the futurea totalitarian government employs a force known as Firemen to seek out and destroy all literature ",Non-Disaster
Tell him Rebahe is going to destroy himself  @ Zenande_Mcfen  @ NDzedze  # Ashes2Ashes,Non-Disaster
Ginga thinks he can defeat me ?  Not with my L - Drago Destroy he cannot ! ,Non-Disaster
Black Ops 3 SEARCH AND DESTROY GAMEPLAY !   ( Hunted SnD Competitive Multiplayer )  :   via  @ YouTube,Non-Disaster
If GOP want to destroy America then Obama is dilutional I should be institutionalize or sued for slander .   ,Non-Disaster
"If Shantae does not get in Smash I will destroy my Wii U . 
 # ShantaeForSmash  # Shantae  # ShantaeHalfGenieHero  # Nintendo ",Non-Disaster
"ng2x5 mhtw4fnet

Watch Michael Jordan absolutely destroy this meme - baiting camper  -  FOXSportscom",Non-Disaster
Just made anthonys bed considering i destroy it everytime i fall asleep .  Smh  ? ,Disaster
 @ RaidersReporter  @ 957thegame together we can destroy the Emperor and rule the galaxy Father and Son ! ,Non-Disaster
Dem FLATLINERS who destroy creativity - balance - longevity  &  TRUTH stand with Lucifer in all his flames of destruction ,Disaster
Watch These Super Strong Magnets Destroy Everyday Objects :   ,Disaster
 @ Beyonce  @ NicoleKidman  @ Oprah these money grubbing kikes need to get a clueI have no money but I can still destroy with telekinesis .  Watch . ,Disaster
 # YIAYplan Use my awesome collection of Amiibos to destroy all in my path . ,Non-Disaster
Get å£150 free bets when you register at Boylesports Casino  # Luck  # Destroy  ,Non-Disaster
 @ Petchary but I cannot say that either of us should be displeased .  U . S move up five spots Jamaica 21 !  Congrats to the  # ReggaeBoyz,Non-Disaster
 @ CameronCiletti  @ tigersjostun I can destroy u,Non-Disaster
Wow Crackdown 3 uses multiple servers in multiplayer ?  !  ?  !  U can destroy whole buildings ?  !  ?  !   # copped,Non-Disaster
Get a 50 Eur free bet at BWIN to use on all sports markets  # Destroy  # Free  ,Non-Disaster
 @ SarniamakChris  @ Hromadske  @ kasiadear33  how silly that one of only two countries that can destroy the world has a say about world security,Disaster
5 / 6 will destroy Reg C competitiveness .    The entire region will B over - saturated .    Yes Brockton gets  $ 12M and RegC Commonwealth PPC and,Disaster
do not let others bring you down no matter how hard they try .   # beconfident do not let others destroy you with your weaknesses ! ,Non-Disaster
Let us destroy Twitter with  @ fouseyTUBE  @ zaynmalik come on BrBrS lets do it in morning with fousey,Non-Disaster
Me and all my friends could destroy this in 2hours laughing my ass off  ,Non-Disaster
Industry Tryna Destroy  @ Meek Mill cause he Exposed They Cash Cow . ,Non-Disaster
 ( SJ GIST )  :  148 Houses Farm Produce Destroy .    # StreetjamzDotNet  |  ,Disaster
destroy the house,Non-Disaster
Twitter is just here to destroy your childhood,Non-Disaster
 @ MsMigot wow what convincing  &  compelling evidence to change my view that is .  climate change deniers I tend to destroy by giving . EVIDENCE,Non-Disaster
Politics  =  Preschool Attitude :  Russia orders to destroy all food coming from countries it does not like .   -  There is no hunger in the world ? ,Disaster
Save your riches in heaven where they will never decrease because no thief can gets them and no moth can destroy them .   ? ,Non-Disaster
 @ SapphireScallop Destroy oppa image ?  Oops !  There is nothing left right ?  Haaaaaa,Non-Disaster
dazzle destroy the fun  ? ,Non-Disaster
As I catch the last few minutes .  Finally Monwabisi gets shot lol .  Hlongwane was ryt .  The twins r gonna destroy each other  # AshesToAshes,Non-Disaster
 @ engineermataRAI ate mataas kc rating . but they did not think on doing like this they destroy the story along with the ratings,Non-Disaster
 @ elgeotaofeeq that is not my take from his piece .  Not putting that ambition in check will destroy the change we voted for the change we seek,Non-Disaster
 @ justicemalala  @ nkeajresq Nkea destroyed lives in Gambia as a mercenary judge . ,Non-Disaster
Media stocks are getting destroyed  ( DIS FOXA CMCSA SNI AMCX VIAB VIA TWX )  ,Non-Disaster
Black Eye 9 :  A space battle occurred at Star O784 involving 3 fleets totaling 3941 ships with 13 destroyed,Non-Disaster
Hero you can  ' t swim lonely guy help me my solution is not yours lifeguard i hated killing people how destroyed it ,Non-Disaster
 @ alanhahn  @ HDumpty39 Daughtery would get destroyed on twitter .  His comments are emotionally driven rants with little factual basis,Non-Disaster
Emotionally I am destroyed,Non-Disaster
 @ _RedDevil4Life_  @ ManUtd destroyed !  ? ,Non-Disaster
People do not want to hear the truth because they do not want  their illusions destroyed .   # FN . ,Non-Disaster
 # EverydayNaija  |  Flood :  Two people dead 60 houses destroyed in Kaduna ,Disaster
Flood :  Two people dead 60 houses destroyed in Kaduna :  Two people have been reportedly killed and 60 houses ut .  ,Disaster
Black Eye 9 :  A space battle occurred at Star O784 involving 2 fleets totaling 3967 ships with 39 destroyed,Non-Disaster
Black Eye 9 :  A space battle occurred at Star O784 involving 3 fleets totaling 3942 ships with 14 destroyed,Non-Disaster
Russian customs destroyed a total of 319 tons of food today phew !  Some Italian meats were burned in an incinerator in Pulkovo airport . ,Non-Disaster
Black Eye 9 :  A space battle occurred at Star O784 involving 2 fleets totaling 3942 ships with 13 destroyed,Non-Disaster
The grenade sound effect on  ' Impossible '  just destroyed about 10 other hoes careers  ? ,Non-Disaster
 @ freeMurphy Your hot take on Canada ' s hitchhiking garbage - bot  ( destroyed in Philly )  was sorely needed . ,Disaster
Flood :  Two people dead 60 houses destroyed in Kaduna :  Two people have been reportedly killed an .    # SemasirTalks,Disaster
the way he did me  destroyed me . ,Non-Disaster
I always felt like the Namekians were black people and felt played when they died and the planet got destroyed  ? ,Non-Disaster
 @ ryanoss123 No worries You would have to be on every hitters most pitchers got destroyed,Non-Disaster
A person who blows himself up to kill others has no life in heaven because his ethereal body gets destroyed by doing it . ,Non-Disaster
70 years after  # ABomb destroyd  # Hiroshima # BBC looks at wht  # survived   # CNV Watch Peace Vigils :  ,Disaster
 @ DavidVitter Hi David in 2003 I saw the USA walk into a war that destroyed the lives of millions .  You can prevent a repeat .   # Iran Deal,Disaster
Black Eye 9 :  A space battle occurred at Star O784 involving 3 fleets totaling 3945 ships with 17 destroyed,Non-Disaster
I liked a  @ YouTube video from  @ zaire2005  SPECIALGUEST CRAPGAMER RECAP MICROSOFT DESTROYED SONY AT GAMESCOM,Non-Disaster
 # hot # teen # nsfw # porn # milf :  Oiled Up Ass Hole Is Destroyed With King Size Cock Closeup Sex Clip ,Non-Disaster
Black Eye 9 :  A space battle occurred at Star O784 involving 2 fleets totaling 3934 ships with 7 destroyed,Non-Disaster
Why does it say Silas sliced in that headlinelike someone chopped him up like a piece of cabbage ?    # GH,Non-Disaster
 @ harbhajan_singh  @ StuartBroad8 i cant believe . is this d same stuart broad who was destroyed by our yuvi .  ? ,Non-Disaster
Ford Truck Starts Up And Drives Off After Being DESTROYED By Tornado !  ,Disaster
Black Eye 9 :  A space battle occurred at Star O784 involving 2 fleets totaling 3939 ships with 11 destroyed,Non-Disaster
New RAN report from the frontlines of human rights abuses and forest destruction for fashion .  :  ,Disaster
"How can we help save a beautiful town in Ontario from destruction by a power plant developer ? 
",Non-Disaster
Crackdown 3 Destruction Restricted to Multiplayer :  Crackdown 3 impressed earlier this week with a demonstratio .  ,Non-Disaster
 @ DanHRothschild Greed is the fuel of self - destruction .   # Takecare,Non-Disaster
 @ cinla1964  @ windowgatribble The Contrasts of Foreboding destruction enhanced by Expansive divisions of color saturation contrast and hue ! ,Non-Disaster
Russian authorities to take account of petition against destruction of sanctioned food :  Vladimir Putin ' s press .  ,Non-Disaster
Fall back this first break homebuyer miscalculation that could destruction thousands :  MwjCdk,Non-Disaster
There is a  # fly loose in my workspace with two  # bored  # cats .  I forsee terrible things .    # destruction  # badkitty  # this is why we cannot have nice things,Non-Disaster
 @ LT3dave so many specs so much fan service so much lore destruction,Non-Disaster
Truck Driver Salvages Banned Tomatoes From Destruction on  # Russian Border   # news,Non-Disaster
REPUBLICAN STYLED ECONOMIC DESTRUCTION  |  Undergroundbestsellers ,Non-Disaster
do not be the cause of your own self destruction,Non-Disaster
 # Putin decree results in destruction of 10 tons of imported cheese near Russia - Ukraine border .  RT  @ Independent ,Disaster
" ' Every kingdom divided against itself is headed for destruction and no city or house divided against itself will stand .  ' 
Matthew 12 : 32",Non-Disaster
Megadeth - Symphony of Destruction ,Non-Disaster
How American war planners singled out Hiroshima for destruction ,Disaster
" # ThingsIhate 
Watching someone you care about head into total destruction and not being able to do anything . ",Non-Disaster
 @ HassanRouhani Wars doomed to destruction loss money must invest in Iran ' s inside that should not go outside,Disaster
 @ BlossomingLilac so destruction it seems .  I see myself ruined .  somehow . ,Non-Disaster
We are so arrogant in our destruction that we think the Earth needs us .  She does not . ,Non-Disaster
Megadeth Week  -  Symphony Of Destruction ,Non-Disaster
What is happening ?  A destruction indeed ,Non-Disaster
On this day in 1998 Appetite For Destruction goes to  # 1 on the Billboard Album Charts and stay on for 57 weeks,Non-Disaster
" @ AlexeiVolkov1  @ McFaul
And in an equal spirit I leave you to Roskomnadzor and to ridiculously politicized destruction of  ' illegal food .  ' ",Non-Disaster
That is the ultimate road to destruction,Non-Disaster
Self destruction mode !   ?  ,Non-Disaster
 @ Bonn1eGreer The Angel of History propelled into the future by the winds of progress leaves in its wake piles of death and destruction .  WB,Non-Disaster
Marquei como visto Dragon Ball Super  -  1x1  -  The God of Destruction\ ' s Dream   # banco de series,Non-Disaster
Temptation always leads to destruction,Non-Disaster
RSS :  Russia begins mass destruction of illegally imported food   ,Disaster
So you have a new weapon that can cause un - imaginable destruction . ,Disaster
it sure made an impact on me ,Non-Disaster
 @ TinyJecht Are you another Stand - user ?  If you are I will have to detonate you with my Killer Queen . ,Non-Disaster
Bomb squad set to detonate backpack Antioch Tenn .  theater gunman had on him officials say  -   @ Tennessean ,Disaster
Apollo Brown ft .  M . O . P -  Detonate  -  ,Disaster
Apollo Brown  -  Detonate  ( ft .  M . O . P .  )  ,Non-Disaster
 @ Furiosoxv stuns also probably will not be anything like AW stuns .  And you cannot detonate them,Non-Disaster
 @ spinning bot Are you another Stand - user ?  If you are I will have to detonate you with my Killer Queen . ,Non-Disaster
 @ MythGriy they cannot detonate unless they touch the ground,Non-Disaster
Detonate  ( feat .  M . O . P .  )  by Apollo Brown ,Disaster
 # Boulder deputies are waiting for the bomb squad to detonate grenade like this one found in Stearns lake today ,Disaster
Apollo Brown  -   ' Detonate '  f .  M . O . P .   |  ,Non-Disaster
"Real Hip Hop :  Apollo Brown Feat M . O . P .   -  Detonate 
 # JTW ",Non-Disaster
 @ BldrCOSheriff says 2nd grenade found is  ' younger '  that WWII era grenade found earlier .  They ' ll detonate it at 8 : 00 tonight .   @ CBSDenver,Disaster
A young heavyweight rapping off of detonate I been a leader not a lemon better get it straight  ? ,Non-Disaster
Apollo Brown  -   ' Detonate '  f .  M . O . P .  ,Non-Disaster
 .  @ no_periferico Apollo Brown  -   ' Detonate '  f .  M . O . P .    # ORapInforma,Non-Disaster
52 . 214904 5 . 139055 Nuke please .  Target Hilversum please detonate 800 meters below surface . ,Disaster
 @ OpTic_Scumper Yo why u so sexy ? ,Non-Disaster
 @ channelstv : That is why terrorism is not d war for d army but for Intel agents who can counter their moves before they detonate their bombs . ,Disaster
Apollo Brown  Detonate f .  M . O . P .    # HHBU,Non-Disaster
Apollo Brown  -  Detonate  ( feat .  M . O . P .  )  by Mello Music Group via  # soundcloud ,Non-Disaster
 @ WoundedPigeon  Detonate by  @ Apollo Brown ft .  M . O . P . ,Non-Disaster
 @ mwnhappy this message will self detonate in 5 4 3 2 . ,Non-Disaster
"Detonate  ( feat .  M ?  .  ? O ?  .  ? P ?  .  ?  ) 
from Grandeur by Apollo Brown ",Non-Disaster
Ive just signed up for the Detonate Nottingham Autumn Launch Party .  Register here :  ,Non-Disaster
 @ AutoAmes everyone hoped we would join ISIS and get ventilated by marines while trying to detonate a bandolier of hot dogs at Fort Dix,Non-Disaster
Apollo Brown  -  Detonate  ( Ft .  M . O . P .  )    # FIYA ! ,Disaster
 @ SourMashNumber7  @ tomfromireland  @ rfcgeom66  @ BBCTalkback They did not succeed the other two times either .  Bomb did not detonate & Shots missed . ,Disaster
Press PLAY on  @ Apollo Brown ' s new single with M . O . P .  to  ' Detonate .  '  ,Non-Disaster
Apollo Brown  Detonate ft . M . O . P .   ,Non-Disaster
 # hiphop  # news  # indie Apollo Brown  Detonate Ft .  M . O . P .   -   < a href =  '  .  ,Disaster
New music from  @ Apollo Brown featuring M . O . P .  ?   ' Detonate '  taken off his album  ' Grandeur '  coming soon  -  ,Non-Disaster
Ignition Knock  ( Detonation )  Sensor - Senso Standard fits 03 - 08 Mazda 6 3 . 0L - V6  ,Non-Disaster
Ignition Knock  ( Detonation )  Sensor Connector - Connecto MOTORCRAFT WPT - 994  ,Non-Disaster
Ignition Knock  ( Detonation )  Sensor - Senso Standard KS161  ,Non-Disaster
Ignition Knock  ( Detonation )  Sensor - Senso Standard KS57  ,Non-Disaster
Ignition Knock  ( Detonation )  Sensor - Senso Standard KS94  ,Disaster
Dorman 917 - 033 Ignition Knock  ( Detonation )  Sensor Connector  ,Disaster
Detonation quotes  -  my esteemed belt quotes regarding each one recent :  EseVU ,Non-Disaster
"Do you want to play a game ? 

Its a GoogleMaps mashup that calculates the effects of the detonation of nuclear bomb",Non-Disaster
Look down upon three methods touching obtaing rank electrical transcription detonation :  BuTIQOb,Non-Disaster
Ignition Knock  ( Detonation )  Sensor - Senso fits 01 - 06 BMW 325Ci 2 . 5L - L6  ,Disaster
Ignition Knock  ( Detonation )  Sensor - KNOCK SENSOR Delphi AS10004  ,Non-Disaster
Ignition Knock  ( Detonation )  Sensor Connector - Connecto MOTORCRAFT WPT - 410  ,Non-Disaster
Ignition Knock  ( Detonation )  Sensor - Senso BECK / ARNLEY 158 - 0853  ,Disaster
Detonation into the realistic assets entering india :  koZ ,Non-Disaster
New SMP Ignition Knock  ( Detonation )  Sensor KS315  ,Non-Disaster
Ignition Knock  ( Detonation )  Sensor - Senso Standard KS100  ,Non-Disaster
2015 new fashion ladies gold watch waterproof WeiQin famous brand michel quartz de lujo ca  ,Non-Disaster
Ignition Knock  ( Detonation )  Sensor - Senso BECK / ARNLEY 158 - 1017  ,Non-Disaster
Ignition Knock  ( Detonation )  Sensor ACDelco GM Original Equipment 213 - 924  ,Non-Disaster
A new favorite :  Trivium  -  Detonation by  @ rrusa  on  # SoundCloud,Non-Disaster
do not miss Chris  # Appy ' s detonation of the myths obscuring our crime in  # Hiroshima 70 yrs ago this month .   @ salon ,Disaster
Detonation fashionable mountaineering electronic watch water - resistant couples leisure tab  ,Disaster
Ignition Knock  ( Detonation )  Sensor ACDelco GM Original Equipment 213 - 4678  ,Non-Disaster
Ignition Knock  ( Detonation )  Sensor - Senso Standard fits 02 - 06 Acura RSX 2 . 0L - L4  ,Non-Disaster
Ignition Knock  ( Detonation )  Sensor Connector - Connecto Dorman 917 - 141  ,Non-Disaster
"We are on our way to Hiroshima . 
Today is the 70th anniversary of the detonation of the atomic bomb . ",Disaster
70 years after  :  Hiroshima and Nagasaki  -  consequences of a nuclear detonation  @ ICRC ,Disaster
Ignition Knock  ( Detonation )  Sensor - Senso Standard fits 97 - 98 Ford F - 250 4 . 6L - V8  ,Non-Disaster
Ignition Knock  ( Detonation )  Sensor - Senso Standard KS111  ,Non-Disaster
 @ Meganbee92  @ kadiegrr im just devastated that when  it ends I will no longer see tyler blackburns face on pll xxx,Non-Disaster
Man Currensy really be talkin that talk .  I would be more devastated if he had a ghostwriter than anybody else . ,Disaster
Richmond Coaches were devastated to hear of the death of their second driver Mr Chance who was sitting :  Jam .  ,Disaster
Zayn Malik  &  Perrie Edwards End Engagement :  Shes Devastated  ,Disaster
 @ UN No more  # GujaratRiot  &   # MumbaiRiot92 - 93 which devastated 1000 & 1000 Indianperpetrated by  # Modi  &   # ChawalChorbjp  @ UN_Women   @ UNNewsTeam,Disaster
 (  # Los Del Sonido )  Obama Declares Disaster for Typhoon Devastated Saipan :  Obama signs disaster declaration for Northern Ma .    (  # Ivan Berroa ) ,Disaster
Obama declares disaster for typhoon - devastated Saipan :  President Barack Obama has declared the Commonwealth of .  ,Disaster
Obama declares disaster for typhoon - devastated Saipan  # Worldnews ,Disaster
Obama Declares Disaster for Typhoon Devastated Saipan :  Obama signs disaster declaration for Northern Marians a .  ,Disaster
"Good for her lol
",Non-Disaster
Foto :  Love isnt everything to me anymore .  The last album I made  [ Red ]  was a devastated record because .  ,Non-Disaster
DEVASTATED ISNT THE WORD ROSS OUT OF ALL PEOPLE  # Emmerdale  # Summer Fate,Non-Disaster
Thought it was Friday all day today .  Was beyond devastated when I realised it was not  ? ,Non-Disaster
 ?   @ Michael Parr absolutely devastated what an actor .  Will miss  # RossBarton every girls loves a bad boy,Non-Disaster
 @ Michael Parr has confirmed on his twitter saying goodbye 2 ross .  Am bloody gobsmacked / devastated  # emmerdale,Non-Disaster
 @ Michael Parr devastated !   ? ,Non-Disaster
Bairstow dropped his buffet ticket there .  Devastated for the lad . ,Non-Disaster
abcnews  -  Obama Declares Disaster for Typhoon Devastated Saipan :  Obama signs disaster declaration for Northern .  ,Disaster
 ' Er indoors will be devastated .  RIP Arfur .   # GeorgeCole,Disaster
 @ argentings WE COULD HAVE HAD IT AAAAAAALLLL Im not even on that season and Im devastated,Disaster
Obama Declares Disaster for Typhoon Devastated Saipan :   ,Disaster
devastated by today ' s allegations . ,Non-Disaster
 @ Keegan172 I am devastated,Non-Disaster
 @ emmerdale I will be devastated if it is cain . such a great character  ? ,Non-Disaster
Is Stuart Broad the Prime Minister yet .  Best thing in Sport I have seen for years that .  The Aussies look devastated .  Bless  ? ,Non-Disaster
 @ WesleyLowery  ?  how are you going to survive this devastation ? ,Disaster
I am in utter shock and devastation you do not go to work to be left feeling how I do now .  Life really is too short  ? ,Disaster
In this fragile global economy considering the devastation the alternatives would cause  .  it is the best reason  .  ,Disaster
"In Kalmikya Astrakhan Volgagrad and Dagestan there is already no food left for the locusts

   via  @ TIMEWorld",Disaster
70 Years After Atomic Bombs Japan Still Struggles With War Past :  The anniversary of the devastation wrought b .  ,Disaster
Obsolete devastation from Broad with the Ball .  And Root doing it with Bat in hand .  Great Day  # ashes2015  # England vs Australia ,Non-Disaster
"  # LatestNews  # CNBC  # CNN

The anniversary of the devastation wrought by the first military use of an atomic weapon c",Disaster
 @ cllrraymogford Indeed Ray devastation would be far more comprehensive  # Hiroshima,Disaster
70 Years After Atomic Bombs Japan Still Struggles With Wartime Past :  The anniversary of the devastation wroug .  ,Disaster
 @ ssssnell yeah I agree but it is the shock factor that ropes people in if they just show devastation then it angers me,Non-Disaster
Classic WWW  Hiroshima / Nagasaki :  Atomic Devastation Hidden for Decades :  The people of Hiroshima and Nagasaki  .  ,Disaster
 # HungerArticles :  Nepal :  Rebuilding Lives and Livelihoods After Quake Devastation ,Disaster
70 Years After Atomic Bombs Japan Still Struggles With War Past  The anniversary of the devastation wrought by the,Disaster
We have not seen the devastation from the 2014 Corp .  Breaches yet Be Prepared !  Get Coverage !  :   ,Non-Disaster
 @ Pam_Palmater i agree with  @ perrybellegarde to get out  &  vote .  Look at devastation  @ Stephen Harper caused  # FirstNations  # IdleNoMore  # cndpoli  # yyj,Disaster
Is This Country Latin America ' s Next  ' Argentina '  :  One week ago we reported on the economic devastation in he o .  ,Non-Disaster
The devastation when you smash your phone  ? ,Non-Disaster
70 Years After Atomic Bombs Japan Still Struggles With War Past :  The anniversary of the devastation wrought b .   ,Disaster
 # Thorium Radioactive Weapons .  Scandals murders and environmental devastation :   -  VIDEO ,Disaster
 From Devastation to Elation Getting Back on My Feet Helping Those Willing To Help Themselves ,Non-Disaster
What would your city look like if it had been the subject of the  # Hiroshima bombing ?  Hint - devastation .   # BeyondtheBomb ,Disaster
Fascinating pics from inside North Korea .  Not propaganda not devastation  -  just people living life .  ,Non-Disaster
 $ 10M SETTLEMENT attained using our illustrations to help jurors understand the true devastation of internal injuries :  ,Disaster
 # health  # Newyear The anniversary of the devastation wrought by the first military use of an atomic weapon come .   ,Disaster
I visited Hiroshima in 2006 .  It is an incredible place .  This model shows devastation of the bomb .  ,Disaster
Devastation :  coming to a  @ Target and find the  @ Starbucks closed  ?   # momneedscoffee  # asap  # iwontmakeit,Non-Disaster
Water now tops the charts for highest global risk in terms of devastation ahead of nuclear war or a global pandemic ,Disaster
Currently Blasting  # Benediction  -   # SanelessTheory  - on Metal Devastation Radio -   ,Non-Disaster
I forgot to bring chocolate with me .  Major disaster . ,Non-Disaster
More Natural Disaster Research Urgent  via  # Jakarta Post,Disaster
I am a disaster ?  ,Non-Disaster
 @ LovelyLikeLaura I can see why one of your favorite books is  ' Beautiful Disaster '  it may now be one of mine ? ,Non-Disaster
å¬ ' Only the sea knows how many are dead '   @ MSF_Sea after last disaster in  # Mediterranean turned into a massgrave  ,Disaster
Beautiful disaster  /  /  Jon McLaughlin is such a good song,Non-Disaster
 @ Tim_A_Roberts witho giving up too much of Nana France reminds me of America right before the war in Iraq .  A restlessness leading to disaster,Disaster
Strengthening partnerships  # AfterHaiyan   # Haiyan  # YolandaPh  # Philippines  # livelihood  # disasterrecovery  # disaster,Disaster
beautiful disaster ,Non-Disaster
My first staining attempt was a disaster ,Non-Disaster
CW500 :  Dealing with disaster  -  ,Disaster
I want to go back to Vegas for my 21 but I feel like that would be such a disaster lol so much money would need to be brought,Non-Disaster
Blue Bell May Be Close to a Return From Its Listeria Disaster .  Hot on  # theneeds  # Recipes ,Disaster
Jeff Locke .  Train wreck .  F ' in disaster .  Fortunately the Pirates acquired a top quality starter in J . A .  Oh wait .   # Blowltan,Disaster
 # Metepec  # Mexico  -   ? NIGHT DISASTER ?  . E ( Oficial )   @   # NitClub  # music  # music ,Disaster
DISASTER AVERTED :  Police kill gunman with  ' hoax device '  at cinema   via  # Foxnews,Disaster
TV :  Vitaly Churkin Briliantly Exposes the Hypocrisy of the Ukraine ' s FM Klimkin About the MH17 Disaster ,Disaster
Illinois Tornado Slipped Under The Radar Emergency Officials Say ,Disaster
Top insurer blasts lack of Australian Govt action on disaster mitigation  via  @ smh,Disaster
I am the architect of my own disaster,Non-Disaster
 @ Hollyorange8 my day has been a disaster of emotions,Non-Disaster
I am setting myself up for disaster,Non-Disaster
What the hell is wrong with people ?  ! communication !   Rule with an iron fist ticket to disaster .   Cannot swing one day and not the next . ,Non-Disaster
 @ Gurmeetramrahim  # MSGDoing111WelfareWorks Green S welfare force ke appx 65000 members har time disaster victim ki help ke liye tyar hai . ,Disaster
 @ cncpts  @ SOLELINKS what a disaster  -  cannot say I am surprised,Non-Disaster
RT  @ AmznFavorites THE DEVEREAUX DISASTER .   ' Exciting scifi  # thriller .  '    # SciFi  # Kindle,Non-Disaster
"Keeps askin me what this means
Not like i got the answers
Plus if i say the wrong thing
This might just turn into a disaster",Disaster
Four Technologies That Could Let Humans Survive Environmental Disaster  -  ,Non-Disaster
The  @ rbcinsurance quote website  =  disaster .  Tried 3 browsers  &  3 machines .  Always get  ' Missing Info '  error due to a non - existant drop down . ,Non-Disaster
I would like to think I am photogenic but every time I see a pic with me in it I just think to myself  ' gosh what a disaster '  xD,Non-Disaster
DISASTER AVERTED :  Police kill gunman with hoax device atcinema ,Non-Disaster
DISASTER AVERTED :  Police kill gunman with  ' hoax device '  at cinema ,Disaster
If Locke has to pitch in the playoffs it is not a disaster but they should absolutely positively never let him pitch the sixth inning . ,Non-Disaster
Teen Disaster Preparedness Event in Van Nuys August 11  @  5 : 30pm  via  @ VanNuysCouncil,Non-Disaster
 @ Youssefyamani add Fez weather to the equation and you have the best recipe for disaster . ,Non-Disaster
 # Myanmar  Displaced  # Rohingya at  # Sittwe point of no return    # Prison like conditions  # genocide Humanitarian Relief MSF Refugees,Disaster
Crews were out all day boarding up windows at the park at the Galleria apts .  where fire displaced 55 this AM .  ,Disaster
 . POTUS  # Strategic Patience is a strategy for  # Genocide ;  refugees ;  IDP Internally displaced people ;  horror ;  etc .  ,Disaster
300000 Dead 1200000 injured 11000000 Displaced this is  # Syria 2015 visit     # US  # Canada ,Disaster
 # Myanmar  ' s Displaced  # Rohingya at  # Sittwe point of no return  Prison - like conditionsprivation ,Disaster
 @ lizhphoto When I have so much shit going on in my head I would rather talk about it than have an outburst .  Displaced aggression SUX ! ,Non-Disaster
 # KCA  # VoteJKT48ID 12News :  UPDATE :  A family of 3 has been displaced after fired damaged housed near 90th and Osborn .  Fire extinguished no i,Disaster
Angry Woman Openly Accuses NEMA Of Stealing Relief Materials Meant For Internally Displaced People  :  An angry Internally Displaced wom .  ,Non-Disaster
 @ I_AmTalia  @ SGC72  ' Thousands of people were displaced / injured / killed but hey now there is more opportunity for different restaurants !  ' ,Disaster
The year is 2065 and the national society of meme preservation has opened the first museum where memes and their origins are displaced,Non-Disaster
Philippines Must Protect Internally Displaced Persons Warns UN Expert ,Disaster
At least 180 dead a million displaced in India floods  -  India  |  ReliefWeb ,Disaster
9000 Photographs from 1800 ' s British Mandate of Palestine  -  with no trace of  ' Palestinians '  ,Disaster
 ?  The Circular Ruins  -  Displaced part 4  ?    # nowplaying,Non-Disaster
Historic flooding across Asia leaves hundreds dead millions displaced :   ,Disaster
 # Myanmar  Displaced  # Rohingya at  # Sittwe point of no return    # Prison like conditions  # genocide  @ Humanitarian Relief  @ MSF  @ Refugees,Disaster
Displaced Persons GN  ( 2014 Image )   # 1 - 1ST NM  ,Non-Disaster
Philippines Must Protect Internally Displaced Persons Warns UN Expert  -  The Diplomat ,Disaster
How much would it cost to have some fat displaced ?  Asking for a friend . ,Non-Disaster
40 displaced by Ocean Township apartment fire  # NewYork  -  ,Disaster
PennLive  -  Two families displaced by Mechanicsburg blaze  -  No one was injured in the fire .  ,Disaster
 @ Peter Jukes A crime that killed / displaced millions .  In which systematic torture was carried out .  But look .  GrahamWP fired a gun !  Arrest him ! ,Disaster
 '  @ PhelimKine :   # Myanmar  ' s Displaced  # Rohingya at  # Sittwe point of no return    ' ,Disaster
Could Billboard ' s Hot 100 chart be displaced by these social - media - driven music charts ?     ,Disaster
Real people .  True stories .  Real pain  &  suffering .   # displaced  # RefugeesMatter  # Syria  ,Disaster
 @ cityofhummus  @ ILNewsFlash do you want to hear more ?  Displaced my parents until both died in the diasporas  ! ,Non-Disaster
"Elem Pomo helping the displaced from the Rocky Fire .  Please consider ! 
Elem Evacuation Center  via  @ go fund me",Disaster
For those displaced by disasters label and legal status remain out of reach ,Non-Disaster
 # Nevada ' s exceptional  # drought steady at ~11 %  ;  ~ 95 %  of  # NV in drought :    @ DroughtGov ,Disaster
U . S .  in record hurricane drought ,Disaster
U . S .  record hurricane drought .  ,Disaster
Worried about how the CA drought might affect you ?  Extreme Weather :  Does it Dampen Our Economy ?  ,Disaster
LLF TALK WORLD NEWS U . S .  in record hurricane drought  -  The United States has not been hit by a major hurricane in t .  ,Disaster
 :  U . S .  in record hurricane drought ,Disaster
w -  =  -  =  -  =  -  [  NEMA warns Nigerians to prepare for drought ,Disaster
 # MakeWaterWork Okanagan !  Drought rating maxed out  -  Okanagan Valley    # WesternCanadaDrought,Disaster
Gov .  Brown links CA wildfire to drought ,Disaster
"Heat wave is relentless :   91å¡F Feels Like 100 Humidity 55 %   + 
relentless drought too :  now Dominicana .  I know is worse in other places . ",Disaster
Treasures revealed as California drought drains lakes ,Disaster
CANADA BC DROUGHT :  Okanagan region issued Level 4 rating  -  Okanagan River  ( Columbia trib )  fishing suspended to Sep 30 ,Disaster
Its time to do away with drought . Check out how the  # cloud  # IOT are helping conserve water ,Disaster
 @ gfrost1985  @ jeffpalmer16  @ MLB  @ BlueJays why you so salty and scared when we have a drought like you said ? ,Non-Disaster
Tips so that finding the customers ego drought :  dqSVYusY,Non-Disaster
BLOG :  Rain much needed as drought conditions worsen :  Right now Charlotte and much of the surrounding area have ,Disaster
 # weed news How marijuana is making California drought worse  -  Christian Science Monitor ,Disaster
 # DroughtMonitor :  Moderate or worse  # drought  ?  to ~27 %  of contig USA ;  affects ~80M people .   ,Disaster
Pretty neat website to get the latest drought conditions in your area ,Disaster
Pizza drought is over I just could not anymore . ,Non-Disaster
The Drought Is Real  ? ,Disaster
 @ Michael5SOS California is in a drought .  what are you gonna do about this issue ?  if you want to be president this attitude will not work with m,Disaster
 @ KarinaGarciaxo_ me  &  you both  &  I will be dam if I get any of that drought bud,Non-Disaster
For these Californians it is like living in Africa ' s Sahel desert  -  just finding water a daily chore .  ,Disaster
U . S .  in record hurricane drought :  The United States has not been hit by a major hurricane in the past nine years and it seems like that,Disaster
Large rain drops falling in Rock Hill off Anderson Road .   # rain  # South Carolina Weather  # drought,Non-Disaster
California meets drought - fueled fire season with extra crews .  Related Articles :  ,Disaster
Moderate  # drought is spreading rapidly across central Ga .   # Macon  # WarnerRobins  # Dublin  # Milledgeville  # Georgia Weather ,Disaster
Thought it was a drought  @ _ASHJ ?  ,Disaster
 @ _gaabyx we got purple activist I thought it was a drought,Disaster
We happily support mydrought  a project bringing awareness to the LA drought .  Track your water ,Disaster
 ' California ' s Burning :  '  Gov .  on Drought Wildfires ,Disaster
LLF TALK  WORLD NEWS U . S .  in record hurricane drought  -  The United States has not been hit by a major hurricane in  .  ,Disaster
 ' It is an eerie way of revealing both our history and our possible fate .  '   # CADrought  # LakeIsabella by  @ jpanzar ,Non-Disaster
Mane im not a Raiders Fan but they been in a drought .  They need to go 10 - 6 lol,Non-Disaster
 @ POTUS you until you drown by water entering the lungs .  You being alive has caused this great country to fall to shit because you are a pussy,Non-Disaster
 .  @ karijobe and her band killed it tonight .   It was almost loud enough to drown out the tambourine behind me .   @ codycarnes  @ AG_USA,Disaster
Little gecko chillin '  in my garden !  I ended up helping him out I suspected he might drown !  ,Non-Disaster
 ' Save me from my self do not let me drown '  . ,Non-Disaster
We all carry these things inside that no one else can see .  They hold us down like anchors they drown us out at sea . ,Non-Disaster
 # NowPlaying Porcupine Tree  -  Drown With Me  ( Live )   # Listen  # Live at ,Non-Disaster
When you lowkey already know you are gonna drown in school this year  :  )  ,Non-Disaster
 @ chromsucks do not drown,Non-Disaster
Throw that water at me until I drown and my last words are choke me ,Non-Disaster
Just down drown me k I cannot swim ,Non-Disaster
Some days I drown in my tears but I do not let it get me down,Non-Disaster
 @ cameronhigdon34 I cannot drown my demons they know how to swim . ,Non-Disaster
 @ Grayson Dolan only if u let me drown you  ? ,Non-Disaster
 @ Lwilliams_13 I will drown you in the river walk,Non-Disaster
when your moms being annoying so you turn your beats pill all the way up to drown her out . ,Non-Disaster
Ev makes me wanna drown myself he is such an idiot,Non-Disaster
 @ CortneyMo_ put this in Detroit niggas gone be acting out ?  tryna fuck n drown mfs ? loose they buffs in the water ?  ,Non-Disaster
 @ jasminehuerta24 I hope you drown  ? ,Non-Disaster
I cannot drown my demons they know how to swim,Disaster
gonna drown it in mustard and lemon pepper  :  ) ,Non-Disaster
My parents do not believe in the dream .  Sad . ,Non-Disaster
Some older Native Australians believe that the oceans were created from the urine of an angry god who tried to drown the world . ,Non-Disaster
No one told me you can drown yourself by drinking too much water . ,Non-Disaster
When a real nigga hold you down you supposed to drown,Non-Disaster
I keep it out down drown their insults out with what I feel is devote pride ten fold action with reprocussions set at birth retroactive . ,Non-Disaster
I am that girl on tv that sadly turns her music up to drown out the noise of her family fighting literally every day,Non-Disaster
do not think for one second I am out to drown your memory .  Baby you am not worth the whiskey . ,Non-Disaster
This weekend is me and Nathan ' s birthday weekend so if you want to drown yourself in beer do reckless things and potentially die hmu,Non-Disaster
We are getting some reports of flooding near Jonesboro High School .  Please use caution when driving in the area .  Turn around do not drown ! ,Disaster
Drown by Bring Me the Horizon  ( at Information Resources Centre  ( UTP )   ,Non-Disaster
Going to go drown my sorrows with sad music brb,Non-Disaster
 @ kessily  @ Misha Collins So we should send it all 2 him then ?  Drown him in it ?  I like the way u think !   # AllTheKidneyBeansAndSorbet4Misha  # YES,Non-Disaster
 @ _dmerida my tears drowned out the terrible taste also nataly gave me her steak and cheese thing to cheer me up,Non-Disaster
Clev :  Me ?   |  You .  Clev :  Indeed .   |  Do you know what happened to ben ?  Clev :  He drowned .   |  How .  Clev :  By his father .   @ cleverbot,Non-Disaster
Wtf this mom just drowned her child ?  ! ,Disaster
Hundreds feared drowned as migrant boat capsizes off Libya ,Disaster
Sadly before she could save humanity Ursula drowned in the drool of a protoshoggoth but at least she sort of died doing what she loved . ,Disaster
i drowned in the kiddie pool and i lost my ploppy,Non-Disaster
 Jacksonville family bands together as memorial is planned for toddler who  .   -  Florida ,Non-Disaster
the future of america  # Gamer Gate ,Non-Disaster
" @ Stephen_Georg Hey Stephen Remember that time you drowned all the yellows

Read :  ",Non-Disaster
" @ ABCNews24  @ PeterDutton_MP 
He also told you . No - one has drowned in the last 2 years  &  1200 had under Labor .  But let us not mention that . ",Non-Disaster
New and now :  Different  ( FNaF fanfiction )  :  Trixie_drowned  /  2 pagesHi my awesome proxies it is  .    # wattpad  # promo,Non-Disaster
 # DW Hundreds feared drowned as migrant boat capsizes off Libya :  Hundreds of migrants are ,Disaster
via  @ dw_english Hundreds feared drowned as migrant boat capsizes off Libya   # UFO4UBlogEurope,Disaster
"at the lake 
 * sees a dead fish * 
me :  poor little guy i wonder what happened
ashley :  idk maybe it drowned
  wtf  ? ",Non-Disaster
 @ God how come bugs have not all drowned out of existence every time it rains ? ,Non-Disaster
Migrants drown at sea after boat capsizes off  # Libya  ,Disaster
pussy so deep I could ' ve drowned twice,Non-Disaster
Visting Georgina at The Drowned Rat Cafe . awful view !  ,Disaster
Sometimes logic gets drowned out in emotion but it is gotta surface at some point . ,Non-Disaster
 @ _itsdanie_ noooo ?  I almost drowned you once tho  :  ) ,Non-Disaster
Toddler drowned in bath after mum left room to fetch his pyjamas ,Disaster
So I pick myself off the ground and swam before I drowned .  Hit the bottom so hard I bounced twice suffice this time around is different . ,Disaster
Thank you Uplifting spirit .  When Im drowned you have been an anchor,Non-Disaster
I want to see my  @ AustinPearcy22 so bad its not even funny .  I will probably cry and drowned him in kisses when I do .   ? ,Non-Disaster
Jacksonville  family bands together as memorial is planned for   .  ,Disaster
Hundreds feared drowned after another Mediterranean asylum seeker boat sinking ,Disaster
I got drowned like 5 times in the damn game today  ? ,Disaster
80 tons of cocaine worth 125 million dollars drowned in  # Alameda  . now that is a American drought  # coke,Disaster
Niggas favorite question is why you single  ?  bitch I do not know pussy too wet almost drowned a nigga  ? ,Non-Disaster
The best thing about this is it drowned out the call from the guy angry cause he hadn ' t gotten a tracking number .  ,Non-Disaster
So today I fell off a rock scraped my whole butt and nearly drowned  # summer2015,Non-Disaster
Hundreds of migrants feared drowned off Libya :  Migrants stand next to their tent at a camp set near Calais ,Disaster
HOPE THE DROWNED  @ eeasterling_2,Non-Disaster
 .  @ DinosaurDracula Felt remorse for missing Pam drowned it with these guys .  Really like Jason ' s Part VI outfit .  ,Non-Disaster
Given the US coalition ' s fondness for backing  ' 1984 '  - style totalitarianism it is a surprise they have not copied .  ,Non-Disaster
 @ JanieTheKillr Jack closed the sketchbook biting his lip under his mask .   ' I am doing good .  How ' re you ?  ' ,Non-Disaster
forever drowning in my feelings . ,Non-Disaster
The Drowning Girl by Caitlin R .  Kiernan Centipede Press Signed numbered Limited  -  Full re  ,Non-Disaster
Grace :  this is not your first  '  storm '  you know bicycles fences trees will fly as well as idiots drowning that go by swollen rivers . ,Disaster
LONDON IS DROWNING AND IIII LIVE BY THE RIVEEEEEER,Disaster
Family mourns drowning of  ' superhero '  toddler with rare epilepsy :  Bradley Diebold suffered hundreds of epileptic ,Non-Disaster
Why are you drowning in low self - image ?  Take the quiz :   ,Non-Disaster
2 / his explanation was that  ' you request as much as you want provided you get your job done but you are constantly drowning in work !  ' ,Non-Disaster
 ' Drowning '   -  Acrylic 08 . 05 . 15 ,Disaster
 # ICYMI  # Annoucement from Al Jackson .  ,Non-Disaster
 @ _jeesss_  @ Ethereal_7 Hello 911 yeah we have someone drowning here send a medic ,Disaster
 @ JLabuz what if I am drowning,Non-Disaster
 @ HeyImBeeYT its like theres fire in my skin and im drowning from within  ? ,Disaster
do not you dare play the victim when I have been drowning for years . ,Non-Disaster
I will stay drowning till you watch  # NashsNewVideo  ,Non-Disaster
"SometimesI cannot even breathe well
I feel like drowning and cannot deal with my fear
 # anxietyproblems",Non-Disaster
No reported cases of people drowning in sweat . FYI,Disaster
 Family mourns drowning of  ' superhero '  toddler with rare epilepsy  -  Chicago Tribune ,Disaster
 @ NigelTanner1 Believe it or not we have had too MUCH rain here .  Our newly planted maple trees are actually drowning . ,Disaster
Boy saves autistic brother from drowning :  A nine - year - old in Maine dove into a pool to save his autistic brother from drowning,Disaster
Louis in red jacket round 2 aka drowning in my tears,Non-Disaster
Epilepsy claims another .  Common and still a challenge to treat .  Superhero toddler with rare epilepsy  ( Dravet )  drowns ,Non-Disaster
I am drowning in spirits to wash you out,Non-Disaster
 # Islamic  # state issue a new holiday  # brochure lovely swimming pool for drowning in shooting range and the downside it costs a  # bomb,Non-Disaster
Drowning sorrows in Jarmusch vampires . ,Non-Disaster
can still see it . blank expression . cheeks clapping in my face . marvins room playing subtlety in the back yet drowning out all the sound,Non-Disaster
My mom is watching a show about bridges breaking / falling and the people on them drowning in their cars aka one of my biggest fears  ? ,Non-Disaster
Drowning in Actavis suicide,Non-Disaster
"What This Man Did To Save A Drowning Squirrel Is Absolutely Incredible
 ",Non-Disaster
 @ Homukami Only URs and SRs matter Rs you will be drowning in .  Tho you are already drowning in Ns lol . ,Non-Disaster
I feel like I am drowning inside my own body ! ,Non-Disaster
I am drowning in hw now and that is witho going to swim ohlordy,Non-Disaster
 @ NWSPocatello BG - 16 :  So far brunt of storm just to our north .  Grayed out with dust  &  rain to N blue sky interspersed with clouds to S . ,Non-Disaster
Some poor sods arriving in Amman during yesterday ' s dust storm were diverted to Ben Gurion airport :  ,Disaster
Kids Disappear in Dust Storm in Atmospheric Aussie Thriller  RT  @ News Sacramento,Disaster
NASA MODIS image :  Dust storm over Morocco and the Straits of Gibraltar   # duststorm,Disaster
"Totoooooo !  Totoooooooooo ! 
 '  @ Historicalmages :  Dust storm approaching Stratford Texas 18th April 1935 .   ' ",Disaster
Severe storm weakening as it moves SE towards Lubbock area .   Outflow boundary may create dust and 50 mph gusts ,Disaster
When the answer my friend is not blowing in the wind - IT ' S YELLING !   - How to Survive a Dust Storm  ,Disaster
How to Survive a Dust Storm ,Disaster
Dust Storm  ' en route '  from Alice Springs to Uluru ,Disaster
I keep sneezing either someone placed a southern dust storm in my house or someone talkin smack,Non-Disaster
 |  So .  I just watched the trailed for The Dust Storm and I think part of me just died .  Colin is so perfect my goodness . ,Non-Disaster
Dust devil maintenance fee  -  buy up la rotary storm guard :  UVoPWZ,Non-Disaster
 @ RetiredFilth people in sydney woke up to the whole sky being red after a dust storm . like unreal . ,Disaster
There is a big storm brewing dark clouds thunder and rain carrying thick dust .  This could be interesting . ,Disaster
I - 90 Vantage :  Backups eastbound with low visibility due to a dust storm about 4 miles east of the bridge . ,Disaster
Good way to end the day !  Geyser plus dust storm !  ,Disaster
dust storm in riyadh  ? ,Disaster
New Mad Max Screenshots Show Off a Lovely Dust Storm Combat Magnum Opus ,Non-Disaster
Let it be gone away like a dust in the wind  .  Big Wind like a Tornado with Blizzard Thunder and Storm its that what I always want it,Disaster
New Mad Max Screenshots Show Off a Lovely Dust Storm Combat Magnum Opus   # cogXbox  # XboxOne  # Xbox,Non-Disaster
The answer my friend is yelling in the wind - my latest article for  . Pls read and share  -  thanks !  ,Non-Disaster
"I NEED THE DUST STORM FILM ASAP

ALSO

 * watches the trailer for the 500th time *   @ duststormfilm",Non-Disaster
Storm headed towards Idaho Falls with blowing dust  &  winds to 60 mph .   US HWY 20  &  I15 look out .    # idwx ,Disaster
Currently driving through a dust storm .  ,Disaster
I learned more about economics from one South Dakota dust storm than I did in all my years in college .    - Hubert Humphrey,Disaster
6 Things Getting Caught in a Dust Storm  &  the Challenging Real Estate Market Have in Common  (  +  video )  :  ,Non-Disaster
Raw Video :  Dust Storm Rolls Through Texas  ,Disaster
 @ LegacyOfTheSith  @ SagaciousSaber  @ Lordofbetrayal Moved in a crescent formation small trails of dust left in their wake as they moved . ,Non-Disaster
DUST IN THE WIND :   @ 82ndABNDIV paratroopers move to a loading zone during a dust storm in support of Operation Fury :  ,Disaster
Wall of noise is one thing  -  but a wall of dust ?  Moving at 60MPH ?   How to not get blown away !  ,Disaster
 @ deadlydemi even staying up all night to he barrier for tÌüp and then having to run through a dust storm and almost passing out ? ,Disaster
Going to a fest ?  Bring swimming goggles for the dust storm in the circle pit,Disaster
New Mad Max Screenshots Show Off a Lovely Dust Storm Combat Magnum Opus  ,Non-Disaster
 # Earthquake  # Sismo M 1 . 4  -  4km E of Interlaken California :  Time 2015 - 08 - 06 00 : 52 : 25 UTC 2015 - 08 - 05 17 : 52 : 25  - 07 .  ,Disaster
1 . 43 earthquake occurred near Mount St .  Helens area Washington at 09 : 36 UTC !   # earthquake ,Disaster
Contruction upgrading ferries to earthquake standards in Vashon Mukilteo  -  Q13 FOX   # EarthquakeNews,Disaster
 # 3Novices  :  Renison mine sees seismic event  A small earthquake at Tasmania ' s Renison tin project has created a tem,Disaster
Put the RIGHT person up on the block  # Shelli ?  The sense of entitlement is ridiculous .   # BB17 . ,Non-Disaster
2 . 0  # Earthquake in Sicily Italy  # iPhone users download the Earthquake app for more information ,Disaster
USGS EQ :  M 1 . 2  -  23km S of Twentynine Palms California :  Time 2015 - 08 - 05 23 : 54 : 09 UTC 2015 - 08 - 05 16 :  .    # EarthQuake,Disaster
Posted a new song :   ' Earthquake '   ,Non-Disaster
Some of the aftershocks can be just as big as the initial earthquake . ~ ,Disaster
 # Sismo ML 2 . 4  NEAR THE COAST OF WESTERN TURKEY :  MagnitudeML 2 . 4RegionNEAR THE COAST OF WESTERN TURKEY .    # CS,Disaster
USGS EQ :  M 0 . 6  -  8km SSW of Anza California :  Time 2015 - 08 - 06 01 : 26 : 24 UTC 2015 - 08 - 05 18 : 26 : 24  - 07 : 0 .    # EarthQuake,Disaster
1 . 9 earthquake occurred 15km E of Anchorage Alaska at 00 : 11 UTC !   # earthquake  # Anchorage ,Disaster
Raffi_RC :  RT SustainOurEarth :  Oklahoma Acts to Limit Earthquake Risk at Oil and Gas Wells  |  scoop . it  Loving all thi,Disaster
 # USGS M 0 . 9  -  Northern California :  Time 2015 - 08 - 06 01 : 50 : 25 UTC 2015 - 08 - 06 01 : 50 : 25 UTC at epicenter .    # EarthTwerk,Disaster
 # SCSeEstaPreparando Light mag .  4 . 4 earthquake   -   -  73km SW of Khuzdar Pakistan on Wednes .   via  @ volcanodiscover,Disaster
 # USGS M 1 . 2  -  23km S of Twentynine Palms California :  Time 2015 - 08 - 05 23 : 54 : 09 UTC 2015 - 08 - 05 16 : 54 : 09  - 07 : 0 .    # SM,Disaster
" @ AGeekyFangirl14  ' s things she looks in a significant other : 
1 .  Beautiful eyes . 
2 .  Humor . 
3 .  Farts that creates an earthquake . 

 ? ",Non-Disaster
Nepal earthquake 3 months on :  Women fear abuse  via  @ loupascale,Disaster
ML 2 . 0 SICILY ITALY   # euroquake,Non-Disaster
USGS reports a M1 . 94  # earthquake 5km S of Volcano Hawaii on 8 / 6 / 15  @  1 : 04 : 01 UTC   # quake,Disaster
GNS sees unnecessary deaths resulting from earthquake strengthening legislation   (  $  ) ,Disaster
 ' There was a small earthquake in LA but do not worry Emily Rossum is fine '   # difficultpeople is great,Disaster
USGS EQ :  M 1 . 9  -  15km E of Anchorage Alaska :  Time 2015 - 08 - 06 00 : 11 : 16 UTC 2015 - 08 - 05 16 : 11 : 16  - 08 : 0 .    # EarthQuake,Disaster
 # Earthquake  # Sismo M 1 . 9  -  15km E of Anchorage Alaska :  Time 2015 - 08 - 06 00 : 11 : 16 UTC 2015 - 08 - 05 16 : 11 : 16  - 08 : 00  .  ,Disaster
Contruction upgrading ferries to earthquake standards in Vashon Mukilteo :  The upgrades will bring the vulnera .  ,Disaster
 [ GPV Wind ]  As of 06JST 6AUG :  WNW 06JST 6AUG  /  E 12JST 6AUG  /  S 18JST 6AUG .  ,Non-Disaster
M1 . 57  [ 01 : 11 UTC ]  ? 3km NNW of Lake Henshaw California .  ,Disaster
earthquake drill atm,Disaster
There has not been 1 real tear out of  # Shelli  ' s eyes this entire episode .   # bb17,Non-Disaster
 # USGS M 1 . 4  -  4km E of Interlaken California :  Time 2015 - 08 - 06 00 : 52 : 25 UTC 2015 - 08 - 05 17 : 52 : 25  - 07 : 00 at ep .    # SM,Non-Disaster
 # Sismo M 1 . 3  -  1km NNE of The Geysers California :  Time 2015 - 08 - 05 23 : 40 : 21 UTC 2015 - 08 - 05 16 : 40 : 21  - 07 : 00 a .    # CS,Non-Disaster
Earthquake drill  ? ,Non-Disaster
 @ DArchambau THX for your great encouragement and for RT of NEW VIDEO  The Coming Apocalyptic US Earthquake  &  Tsunami,Disaster
 # earthquake  ( EMSC )  :  MD 2 . 9 OFF COAST OF NORTHERN CALIFORNIA  G ,Disaster
 ' There was a small earthquake in LA but do not worry Emmy Rossum is fine ' ,Disaster
Sure the  # Megaquake story brought a sense of panic but the question is :  will anything really change ?  ,Disaster
Earthquake  :  M 3 . 4  -  96km N of Brenas Puerto Rico :  Time 2015 - 08 - 05 10 : 34 : 24 UTC 2015 - 08 - 05 06 : 34 : 24  - 04 : 00 at ,Disaster
Scared to be living in Seattle when this predicted earthquake is going to destroy  ? ,Disaster
 @ Adanne_ kindly follow back,Non-Disaster
 @ devon_breneman hopefully it does not electrocute your heated blanket laughing my ass off,Non-Disaster
Kids got Disney version of the game Operation only 2 AA batteries ?  I swear my old version had like 8 Ds and would nearly electrocute you . ,Non-Disaster
Elecman could electrocute me and I would say thanks . ,Non-Disaster
when you got an extension cord that extends from your bed to your bath tub  ?  lets pray I do not electrocute myself,Non-Disaster
I wanna tweet a  ' niall thx for not making me was to electrocute myself '  tweet but I am scared I will jinx it,Non-Disaster
Wtf Thomas Edison after making the lightbulb used to electrocute animals to make everyone think Teslas power was unsafe ?  wank,Non-Disaster
Achievement Unlocked :  Replaced Light Socket ;  Did Not Electrocute Self,Non-Disaster
Electrocute yourself,Non-Disaster
 @ i_electroCute your turn  ? ,Non-Disaster
 @ ZXAThetis  ' Are you okay ?  !  I electrocute you TOO badly right ?  ' ,Non-Disaster
The Sea Will Electrocute Us All  ? ,Non-Disaster
Electric vs Gas brewing  ( not wanting to electrocute myself )  question ,Non-Disaster
 @ danisnotonfire do not let Phil help out he will probably electrocute himself,Non-Disaster
 @ Mmchale13  * tries to electrocute self with phone cord * ,Non-Disaster
I am not the mom friend but I still see my friends as my little babies that I have to care for or else they will electrocute themselves,Non-Disaster
Why does my phone electrocute me when it is charging,Non-Disaster
"She says that she ' d love to come help but
The sea would . 
Electrocute us all .   ? ",Non-Disaster
It is freezing in my room  &  I erally want to unplug the ac but I do not want to electrocute myelf and die,Non-Disaster
i need u to delete this before i start crying into my computer and electrocute myself ,Non-Disaster
 @ lightseraphs pissed at you and could have their pikachu electrocute you and  : \\\,Non-Disaster
Let her go  -  Passenger,Non-Disaster
 @ Omar_molina036  @ Milioooo_ he is trying to electrocute ya ass lol hell no I am not fucking with Emilio no more  ? ,Non-Disaster
Kayla is about to electrocute herself . ,Non-Disaster
no but seriously I will electrocute half of UK Army ' s so I can touch bangtan i do not play games when it comes to bts,Non-Disaster
Photo :  we all heart one direction :  I wouldnt let David electrocute himself so Im the asshole ,Non-Disaster
I would like to electrocute everyone who uses the word  ' fair '  in connection with income tax policies .   -  William F .  Buckley Jr . ,Non-Disaster
" @ Fox News He still has his beard  -  has he been visited by any1 while in prison ?  If he keeps that hideous beard electrocute him !  
 # UglyPeople",Disaster
But the sea would . electrocute us all . ,Non-Disaster
 @ el_torro_loco We can hear the conversation now .   ' Sorry senator we thought you said  ' electrocute '  50 million .  '  etc . ,Non-Disaster
THE LINKS TO WATCH THE SHOW BETTER WORK OR I MIGHT ELECTROCUTE SOMEONE,Non-Disaster
When I was cooking earlier I got electrocuted some crucial  ?  now I am psychic lol,Non-Disaster
 # pakistan # news #  Pakpattan City News :  Man electrocuted From Our Correspondent Pakpattan :  A man was electrocuted .  ,Disaster
 ' Hey bitch blow me '  uh no .  Stick your dick in some water then an outlet so u get electrocuted . ,Non-Disaster
christie keeps telling me that i need to be electrocuted,Non-Disaster
So I had my phone charging and lightening struck in my backyard and I was holding my phone and it electrocuted my hand ?  hurts so bad man ? ,Non-Disaster
I got electrocuted this morning how is your day going ?   ? ,Non-Disaster
 ' Why am I being constantly electrocuted ?  '   ' I do not know .  Are you by chance standing next to a cactus ?  '  # Borderlands  # Borderlands2  # OOCVG  # FTW,Non-Disaster
Woman electrocuted  # Red  # Redblood  # videoclip   # ,Non-Disaster
 @ That_fat_guy there is literally a video of an elephant he had tied up in metal cables and electrocuted to death,Non-Disaster
Fr cuz I risk being electrocuted every shower  ?  ,Non-Disaster
Youth electrocuted in Khulna   |    via  @ sharethis,Disaster
South Side factory where worker electrocuted pays  $ 17000 penalty  # Columbus  -  ,Disaster
Michael talking about when he was electrocuted omg  # ROWYSOLouisville ,Disaster
 @ steveycheese99  @ MapMyRun where you being electrocuted all the way round ?  The map sure looks like it . ,Non-Disaster
I am loving this classic barn shot !  We may or may not have got electrocuted got stung a few times and stepped in .  ,Disaster
got electrocuted last night at work for the first time in my life .  shit was weird  ? ,Non-Disaster
 .  @ BBCNews  .  @ mwlippert  # SouthKorea Dogs prepared ! Electrocutedboiling waterfur machine ALL STILL ALIVE ,Non-Disaster
"Just thought I would let you all know . 
It is probably not a good idea to plug in your hairdryer when it is wet you will be electrocuted . ",Non-Disaster
MT  @ Earths_Voice Treatment of  # tigers in  # China is appalling :  electrocuted in front of businessmen  &  eaten   # SaveTi . ,Disaster
I was blow drying my hair  &  the cable caught on fire .  I let go of it as soon as I realized .  Just before I could get electrocuted  ? ,Disaster
I was working out today and i sweated SO MUCH like i though i was gonna get electrocuted by earbuds omg,Non-Disaster
Do babies actually get electrocuted from wall sockets ?  I am wondering how I and those before me survived childhood . ,Disaster
Also my iPhone charger is broken and I just electrocuted myself . ,Non-Disaster
It was a queer sultry summer the summer they electrocuted the Rosenbergs and I did not know what I was doing in New York . ,Non-Disaster
seriously look like a get electrocuted after I blow dry my hair it is really attractive  ? ,Non-Disaster
"Zotar ( 50 skeleton alchemist )  was electrocuted to death by Atamathon the Giant Golem on Golem Graveyard 1 . 
",Disaster
 # pakistan # news #  Nankana Sahib City News :  Electrocuted From Our Correspondent Nankana Sahib :  A youth was electr .  ,Disaster
God damn it !  I electrocuted myself  ? ,Non-Disaster
Watching a man electrocuted on the roof of  # mumbailocals is definitely a lesson .  People please learn !   # lessonforlife  # marinelines  # mumbai,Disaster
"Worked in factory pressing designs onto T - shirts was electrocuted 
d / t faulty ground .  Boss docked my pay while I was at ER  # Worst Summer Job",Disaster
Elsa is gonna end up getting electrocuted .  She is gonna end up like that cat from christmas vacation . ,Non-Disaster
I am in the shower and I went to go change the song and of course I get fucking electrocuted by the cord,Non-Disaster
Not being able to touch anything or anyone in Penneys without being electrocuted  ? ,Non-Disaster
Student electrocuted to death in school campus ,Disaster
"A whistleblower lawsuit accuses that supervisor of sleeping on the job more than once according to officials .  

",Non-Disaster
Survival Kit Whistle Fire Starter Wire Saw Cree Torch Emergency Blanket S knife   -  Full re  ,Disaster
Emergency Flow   mp3  rar ,Disaster
Emergency Dispatchers in Boone County in the hot seat ,Non-Disaster
Emergency surgery,Non-Disaster
Deals  :    # 37592 Temporary Fake Tooth Teeth Replacement Kit Emergency Dental Oral Care Cosme ,Non-Disaster
God forbid anyone in my family knows how to answer a phone .  I need new emergency contacts . ,Non-Disaster
Alaskas Prince of Wales  # ArchipelagoWolves are nearing  # Extinction .  Demand emergency protection !   # StandForWolves  ,Disaster
 ' The day you learn the importance of emergency exits is the day your heartbeat stops sounding familiar .  ' ,Non-Disaster
 @ newyorkcity for the  # international emergency medicine conference with Lennox Hill hospital and  # drjustinmazur,Non-Disaster
Plane from New York to Kuwait diverts to UK after declaring state of emergency ,Disaster
When your child needs emergency care they can be seen in our Emergency Department by  @ radychildrens Specialists !  ,Non-Disaster
STL Ace Grille  -  Surface Mounts SpeedTech Lights  -  Amber Emergency Lights  -  544  ,Non-Disaster
the new quest type is  ' level up quest '  .  its an always present quest with x2 exp designed to help people level up outside of emergency quests,Non-Disaster
11000 SEEDS 30 VEGETABLE FRUIT VARIETY GARDEN KIT EMERGENCY SURVIVAL GEAR MRE   -  Full rea  ,Non-Disaster
UPDATE :  Indiana State Police reopening I - 65 near Lafayette following emergency bridge repairs that closed key highway for about 28 hours . ,Disaster
SF Asian Women ' s Shelter crisis line  ( 415 )  751 - 0880 .  Emergency shelter / support services 4 non - English speaking Asian women  &  children . ,Disaster
Emergency root canal !   # tookitlikeaman  # lovemydentist  # sore,Non-Disaster
 @ runner_joy yes ;  especially new clients that walk in and think a wart is an emergency . ,Non-Disaster
"Myanmar floods :  Childfund 
 and International Needs  and CARE Aust  @ CAREemergencies appeals",Disaster
 # Anchorage  # Jobs Emergency Medicine  -  Nurse Practitioner  -  Healthcare Recruitment Counselors  ( Wasilla AK )  :  Em .  ,Non-Disaster
Setting Up An Emergency Fund In 3 Easy Steps :  You never know when a surprise expense will pop up .  So work up t .  ,Non-Disaster
The eyes of the nation  &  broader conservation community are on  # Alaska  @ AKGovBillWalker reinstate emergency buffer  # Protect Denali Wolves,Non-Disaster
Gonna call up tomorrow with the aul  ' emergency dental appointment '  excuse just like the whole tooth falling out incident of last year,Disaster
Loans until settlement day  ?  emergency money advances treasure - house self outbreed yours below take - home :  AKx,Non-Disaster
in BOTH  ' peacetime and times of national emergency .  ' ,Disaster
From  @ LeanDOTorg :  Lean Thinking for Quicker Police Emergency Response Time ,Non-Disaster
Former heroin addict shares story as city leaders sound alarm :  City officials said emergency teams responded t .  ,Disaster
Busty blonde teen Natalia Starr fucks the security guard on set  View and download video,Non-Disaster
Came across this fire video not mine . enjoy .  # fire  # firemen  # firetruck  # emergency  # rescue  # 911  # summertime  # sirens ,Disaster
 @ batfanuk we enjoyed the show today .  Great fun .  The emergency non evacuation was interesting .  Have a great run . ,Non-Disaster
Denali wolf population declined from 143 in 2007 2 just 48 in 2015 .  Reinstate emergency buffer zone  # Protect Denali Wolves  @ Alaska  @ adndotcom,Disaster
 @ chowtaxis of Newport a big thanks for the emergency run to pick Jackie up from Bristol temple messages much appreciated,Disaster
I am glad when I call someone it is not an emergency since they never answer their phones or call back ? ,Non-Disaster
To Supply and Install New FRP Emergency Slide  at Tunas KijangBank Negara Malaysia  [ Closing Date :  2015 - 08 - 14 ]  .  ,Non-Disaster
 # EMERGENCY in Odai Bucharest Romania 600 Dogs Dying ! They are so Hungry that they EAT EACH OTHER !  ,Disaster
"4 Printable Emergency Plan Templates
",Non-Disaster
 @ POTUS Thx for emergency dec .   4 days and no plan to get H20 to those who have no transport .  Can you deploy troops ? ,Disaster
See Aug 4 2015 PoconoRecord  @ EmergencyMgtMag  -  How Many Households Have an  # Emergency Plan ?   |   ,Disaster
Our builder is having a dental emergency .  Which has ruined my plan to emotionally blackmail him this afternoon with my bump . ,Disaster
"This from The City of Calgary  -  

City of Calgary has activated Municipal Emergency Plan

The Municipal Emergency .  ",Disaster
  # Gamer Gate The end of Reddit is coming .  It is time we devise an Emergency Evacuation Plan . ,Non-Disaster
"Nieces these are especially good for you with the kids . 

Megan Swanger Ruthann McCormick Daisy Henley .  ",Non-Disaster
Good tips !  Does your family have an emergency plan ?    .   ,Non-Disaster
 .  @ City of Calgary activates emergency plan amid severe thunderstorm warning   # yyc  # Alberta Storm ,Disaster
City of Calgary activates Municipal Emergency Plan  -  ,Disaster
Govt plan for Rs40000Cr lifeline to FCI waste of money ask people to store grains fr 3_6_12 months fr emergency enough capacity available nw,Non-Disaster
Do you know the emergency plan at your workplace ?  If not ask your supervisor or operations manager .   # Retail,Non-Disaster
NHS England announces new plan to meet emergency care targets ,Non-Disaster
The City has activated the Municipal Emergency Plan .  Primarily stay indoors avoid flooded areas Call 311 for .  ,Disaster
City of Calgary activates Municipal Emergency Plan  -  660 NEWS  ,Disaster
Hello Calgary !  Important news !  Please be advised !  ,Disaster
Cool Tips from our friends at Counterstrike Security  &  Sound .  ,Non-Disaster
b / c it costs less to have sick people using emergency rooms ?  . grrrr .  ,Disaster
" @ based_georgie :  yo forreal we need to have like an emergency action plan incase donald trump becomes president
Whipe that lil baby",Disaster
 @ RebeccaforReal accepts Wisconsin Emergency Response Plan on behalf of  @ GovWalker  # nbc15 ,Non-Disaster
Cruise ' s  ' M : I 5 '  emergency plan :  Awesome fail ,Non-Disaster
Practice your families fire escape plan so everyone knows what to do in case of an emergency . ,Non-Disaster
 # Biztip We recommend all businesses to get an alternative source of electricity .   # Solar Wind and Batteries .  Have an emergency plan !  Now ! ,Disaster
When your body ' s like  ' go to fuck to sleep Sami '  and your mind ' s like  ' make an emergency plan for every natural disaster GO ' ,Disaster
"Do you have a plan ?  Emergency Preparedness for  # Families of
Children with Special Needs     # autism  # specialneeds",Non-Disaster
Senators calling for emergency housing :  Boxer Feinstein back plan to move  # homeless vets to VA campus ,Disaster
Severe thunderstorm warning remains for  # Cochrane .   @ City of Calgary has enacted municipal emergency plan after today ' s storm .   # Alberta Storm,Disaster
Cannot fix stupid .  MT  @ CBCCalgary do not drive through flooded underpasses warns city as it enacts Municipal Emergency Plan .   # yyc  # Alberta Storm,Disaster
Do you have an emergency drinking water plan ?  Download guide in English Spanish French Arabic or Vietnamese .  ,Non-Disaster
A big issue left undone is HOW to get home if adverse weather hits .   @ GoTriangle has no real emergency plan in place ,Disaster
City of Calgary activates municipal emergency plan as more thunderstorms approach ,Disaster
The Municipal Emergency Plan is now in effect .  Stay safe everyone !   # Alberta Storm  # yyc ,Disaster
Storm concludes City of Calgary ' s Municipal Emergency Plan deactivated ,Disaster
County 911 Overload Prompts Use of Emergency Plan During July 4 Celebrations  ,Non-Disaster
 @ chrisroth98  @ chaselabsports in an emergency situation late in the year .  Not as a plan in camp,Disaster
 @ chillimik  @ HushLegs haha  ?  . Are you really comparing yourselves to the emergency services !  Thats brilliant !  talk about up your own arse ! ,Non-Disaster
 @ TfL Bus Alerts  @ TfL Bus Alerts The Drive in Ilford closed both ways while emergency services deal with a call out .  Buses are now stuck . ,Disaster
 @ Glenstannard  @ EssexWeather do you know where abouts as I heard emergency services near by,Disaster
Join the Providence Health  &  Services team !  See our latest  # Nursing  # job opening here :    # Torrance CA  # Hiring,Non-Disaster
Sustainability Task Force Presents Levy to Fund Emergency Services  -  WDTV ,Disaster
 # Nursing alert :  Emergency Department Psychiatric RN  (  . 90 FTE Day )   |  Providence Health  &  Services  |   # Olympia WA ,Disaster
I am not an American but I have family who have served in the military work in the emergency services and work in .  ,Disaster
Emergency Services Committee and Personnel Committee Meeting on Thursday Night ,Non-Disaster
We are  # hiring !  Click to apply :  RN II / EMERGENCY SERVICES / FT / 7P - 7A  -    # Nursing  # Houston TX ,Disaster
We are  # hiring !  Read about our latest  # job opening here :  RN Nurse Shift Manager Emergency Services  -  Full time .   -  ,Non-Disaster
 # veterans VET Act would ensure every military veteran ' s access to highest level of emergency care services :  Proper treatmen .    # followme,Non-Disaster
Emergency services unsure how to cope with loss of paging network ,Non-Disaster
Brooklyn locksmith :  domesticate emergency mechanic services circa the clock movement !  :  gba ,Non-Disaster
Public Hearing on 2015 - 16  @ SUNY_Orange budget Thurs 8 / 6 at 3 : 15 Emergency Services Ctr Goshen .  ,Non-Disaster
Apply now to work for Dignity Health as  # RN  # Emergency Services Full Time 7a - 7 : 30p Siena Campus in  # Henderson  # jobs ,Non-Disaster
Want to work in  # Mission Hills CA ?  View our latest opening :    # Nursing  # Job  # Jobs  # Hiring,Non-Disaster
Removing tsunami debris from the West Coast :  Karen Robinson Enviromental and Emergency services manager of the ,Disaster
The  # tube strike is because TFL workers may have trouble planning downtime .  I hope none need emergency services .  ,Non-Disaster
 # Breaking  # News  -  Call for Tasmania ' s emergency services to be trained in horse  .   -   ,Disaster
Can you recommend anyone for this  # job ?  RN Emergency Services Full Time 3p  -  3\ : 30a Rose de Lima Campus  -    # Hiring,Non-Disaster
Emergency Shutdown Systems  -  Edmonton ,Disaster
 # Healthcare  # Job in  # Kodiak AK :  Emergency Services Supervisor  -  Emergency .  at Providence Health  &  Services   # Jobs,Non-Disaster
Air Group is here to the rescue !  We have 24 / 7 Emergency Service !  Learn more about it here  -   ,Non-Disaster
Want to work at Swedish Health Services ?  We are  # hiring in  # Seattle WA !  Click for details :    # Nursing  # Job  # Jobs,Non-Disaster
Goulburn man Henry Van Bilsen missing :  Emergency services are searching for a Goulburn man who disappeared from his ,Disaster
We are  # hiring !  Read about our latest  # job opening here :  Emergency Department Psychiatric RN  (  . 90 FTE Day )   -  ,Non-Disaster
Providence Health  &  Services :  Emergency Services Supervisor  -  Emergency Department .   (  # Kodiak AK )    # Healthcare  # Job,Non-Disaster
Want to work in  # Tarzana CA ?  View our latest opening :    # Nursing  # Job  # Jobs  # Hiring,Non-Disaster
beyond stressed beyond hysteria into the grey misty indifference of complete shutdown of all but emergency services in my brain,Non-Disaster
Services are returning to normal  # SouthLine after a medical emergency at Yennora and urgent track equipment repairs at Cabramatta earlier . ,Disaster
 @ swayoung01 Hi I thought that I recognised your smile .  I believe that the Emergency Services are the best Performing Arts followers Simon . ,Non-Disaster
Our doctors and nurses in the new Pediatric Emergency Department are all specialized in child services !  ,Non-Disaster
 # Mission Hills CA  # Nursing  :  Registered Nurse  -  Emergency Department  (  Full Time .  at Providence Health  &  Services ,Non-Disaster
Just saw a car on the I - 77 Fully engulfed in flames hahah,Disaster
Men escape car engulfed in flames in Parley ' s Canyon crews investigating cause  -   ,Disaster
He came to a land which was engulfed in tribal war and turned it into a land of peace i . e .  Madinah .   # Prophet Muhammad  # islam,Non-Disaster
 # TRAFFICALERT  Eastbound 210 Freeway at Citrus Ave in Azusa .  Two motorcycles involved in accident with one fully engulfed in flames in lanes,Disaster
Tube strike live :  Latest travel updates as London is engulfed in chaos :    cross - London travel will be accepte .   ,Disaster
just got engulfed in a car - induced tidal wave on my run .  I thought this only happened in the movies  ? ,Non-Disaster
 @ FNAF_TalkMC  * stands there engulfed in the fire smiling * ,Non-Disaster
Tube strike live :  Latest travel updates as London is engulfed inchaos  ,Disaster
Do you feel engulfed with low self - image ?  Take the quiz :   ,Non-Disaster
michael is engulfed by that jumper,Non-Disaster
Why are you engulfed by low self - image ?  Take the quiz :   ,Non-Disaster
 @ godsfirstson1 and she wrapped his coat around herself .  It practically engulfed her . ,Disaster
When Your Cake Is Engulfed In Flames  # Literary Cakes,Non-Disaster
 # RaheelSharif is manifesting how one RIGHT man at the helm can save a Sinking Ship engulfed in a Dark - Stormy - Tidal - Sea .  Well Done . ,Disaster
Why tf did I decide to workout today ?  My body feels like it is been engulfed by a mass of fiery disdain . ,Non-Disaster
Man is equally incapable of seeing the nothingness from which he emerges and the infinity in which he is engulfed  -  Blaise Pascal,Non-Disaster
Fully Engulfed Garage Fire :  Propane Tanks Inside .  Sunnymeade Dr . ,Disaster
 @ suelinflower there is no words to describe the physical painthey ripped you apart while you screamed for dear lifeits like been engulfed,Non-Disaster
 @ ZachZaidman  @ 670TheScore wld b a shame if that golf cart became engulfed in flames .   # boycottBears,Non-Disaster
Car engulfed in flames backs up traffic at Parleys Summit ,Disaster
 ' Tube strike live :  Latest travel updates as London engulfed in chaos '   <  -  genuine baffling Telegraph headline,Disaster
Lucas Duda is Ghost Rider .  Not the Nic Cage version but an actual  ' engulfed in flames '  badass .   # Mets,Disaster
 @ carneross indeed and a remarkably puny idea to place at the epicentre of a new post - capitalism epoch,Non-Disaster
 [ Question ]  Is anybody else having this problem with the  ' 7 '  circle in Epicentre ?  ,Non-Disaster
Tomorrow kick off your weekend with drinks  &  entertainment  @ AliveAfter5  ,Non-Disaster
 @ elisagxrcia I think of that every time I go to the epicentre haha,Non-Disaster
This Friday !  Club Vault 3rd Floor EpiCentre ,Non-Disaster
 # Tanzania elephant population declined by 60 %  in five years census reveals  ,Non-Disaster
I need a spot w |  some drink specials .  I am kinda tired of the epicentre,Non-Disaster
RT  @ calestous :  Tanzania elephant population declined by 60 %  in five years census reveals  ,Disaster
September 15 Defeater at the Epicentre hell yeaahh,Non-Disaster
How a little studio in the middle of nowhere is becoming the epicentre of communication .   ,Non-Disaster
Epicentre  -  Cydia Tweak  -    |  Thanks to  @ phillipten . ,Non-Disaster
 [ Question ]  Is anybody else having this problem with the  ' 7 '  circle in Epicentre ?  via  / r / jailbreak ,Non-Disaster
I feel like if MKayla and Cee ever got in the same room everyone should evacuate because it would be so petty and childish I could not deal,Disaster
CHICAGO  ( AP )   Organizers of Lollapalooza say they are reopening the music festival after the threat of a storm prompted them to evacuate,Disaster
Learn how to evacuate your home in the event of a  # wildfire view videos at   # CA  # NV  # UT  # CO  # OR ,Disaster
Disaster control teams are studying ways to evacuate the port area in response to tidal wave warnings .  [ 900037 ] ,Disaster
" ' So again make sure to evacuate past the fire doors .  Any questions ?  Yes ?  ' 
 ' Why would we open the doors to the fire !  ?  !  ?  !  ?  ' 

I . I . I cant",Non-Disaster
When there is a fire alarm going off in zehrs and we keep working for 20 minutes then decide to evacuate everyone . ,Disaster
California  &  # 039 ; monster &  # 039 ;  fire is 20 %  contained as 13000 are told to evacuate ,Disaster
If you did a cannon ball into the ocean then Japan would evacuate . ,Disaster
Firefigthers Evacuate from Northampton Township House Fire ,Disaster
Okay I need all of you to evacuate the house so I can write this poem,Non-Disaster
Fire crews evacuate passengers from a Gold Coast tram trapped when powerlines fell across a carriage .   # TenNews 5pm ,Disaster
Cascada  -  Evacuate The Dancefloor  ( Official Video )   via  @ YouTube,Non-Disaster
Disregard my snap story there is an angry white girl riot happening as we speak .   # evacuate,Disaster
FWD :  I literally jumped out of bed put on beach clothes and ran out my door like I had to evacuate for an apocalypse,Non-Disaster
Pls can alllll the nittys evacuate stockwell,Non-Disaster
cancel the fucking show .  Evacuate MetLife  ,Non-Disaster
Condemnation clearly replacing the latest response aimlessly dryer evacuate detersion de :  HLg,Disaster
The EFAK would be designed for building occupants once they evacuate and report to their evacuation assembly sites,Disaster
Jay and alexis broke up there goes all your faith and goals people .  evacuate yourself,Non-Disaster
 @ joonma_ dealbreaker that is it that is the dealbreaker s . o . s .  abandon ship evacuate the building,Disaster
So all the store ' s fire alarms went off today at work and we had to evacuate .  I was like  ' OMG !  I . S . I . S .  ITS HAPPENING !  ' ,Disaster
louis is sad .  cancel the show now .  everyone leave .  evacuate .  this CANNOT go on . ,Non-Disaster
No do not evacuate the students just throw them in the dungeon .  That is stupid . ,Non-Disaster
The U . S .  also flew over each bomb site in World War II with warning letters telling people to evacuate,Disaster
myGC :  Broken powerlines evacuate Gold Coast tram suspend services ,Disaster
Sooo police dispatch said there was a person threatening to shoot up the Walmart on Rutherford  &  they had to evacuate,Disaster
The summer program I worked for went the city pool we had to evacuate because one of my kids left a surprise .   @ jimmy fallon  # Worst Summer Job,Non-Disaster
US govt refuses to evacuate 1000s of Americans from Yemen   # yemen  # usa  # evacuation  # abandoned,Disaster
 @ ahhtheenikki And from what I can tell -  they responded to today ' s gunman quickly and were able to evacuate all the ppl so no one was shot . ,Disaster
30 seconds for my bitches to evacuate  ? ,Non-Disaster
California wildfires force thousands to evacuate :   via  @ YouTube,Disaster
 @ pantalonesfuego Yeah I grew up in the canyon above L . A .  We had to evacuate a few times . ,Disaster
quick shut down the show take the stage down evacuate everyone from mthe premises Louis is upset,Non-Disaster
 @ MeetKakarotto  ' do not bother while you were offline I managed to evacuate everyone out of here including Hinata so so go ahead and cause - ,Disaster
Evacuate from your life . ,Non-Disaster
Tonight is being quite interesting .  A few minutes ago the fire system went off and we had to evacuate the building . ,Disaster
I just want everyone to know that Emilee was worried I was getting a milkshake when we were supposed to evacuate,Disaster
AND MY FAM HAD TO EVACUATE BC WE NEED POWER,Disaster
Wow .   # Fifa 2016 has Pre Season Tournaments in Career Mode .  Bloody hell evacuate the building  # whocares,Non-Disaster
Perhaps the criminal murderous  # nazis should pack their bags  &  evacuate themselves from London  &  all  # UK ?   # Tube Strike WELL DONE ! ,Non-Disaster
Does anyone know why  # murfreesboro  # walmart was evacuated this evening ?   @ dnj_com,Disaster
Green line service on south side disrupted after CTA train derails passengers evacuated .   ,Disaster
Powerlines down over tram on GC Highway .  Passengers have just been evacuated  @ 9NewsBrisbane  @ 9 News Gold Coast ,Disaster
Red Cross re - opens shelter at Bickleton School after 25 homes evacuated in  &  around Roosevelt WA due to wildfire .   # Live On K2,Disaster
New evacuation ordered for 25 homes in danger of Hwy .  8 fire near Roosevelt Wash .    # KOIN 6 News ,Disaster
They evacuated the mall .  Again .   ? ,Disaster
More than 300 campers evacuated as California wildfire blazes on officials say ,Disaster
"Trafford Centre film fans angry after Odeon cinema evacuated following false fire alarm :  
 Twitter users tell  .  ",Disaster
13000 evacuated as California firefighters fight flames to save homes .   # Rocky Fire  ,Disaster
Trafford Centre film fans angry after Odeon cinema evacuated following false fire alarm  ,Disaster
Rocky fire in Northern California swells to 60000 acres ;  12000 evacuated  Portland  # Phoenix  # Miami  # Atlanta  # Casper,Disaster
Trafford Centre film fans angry after Odeon cinema evacuated following false fire alarm :  Twitter users tell of ,Disaster
5 dead 3 missing 103 families evacuated due to floods in Bukidnon :   .  ,Disaster
 @ missleylaha I did not get to buy one after the last London show because the fire alarm went off and everyone had to be evacuated .  hahahaha,Non-Disaster
Just got evacuated from the movie theatre for an emergency .  Saw people running from another they are . ,Disaster
 # WorldNews Fallen powerlines on G : link tram :  UPDATE :  FIRE crews have evacuated up to 30 passengers who were tr .   ,Disaster
Passengers evacuated  &  lanes blocked off as power lines come down over a Gold Coast tram  @ 9 News Gold Coast ,Disaster
ALERT !  Sandy Hook Elementary School Evacuated After Bomb Threat ,Disaster
Trafford Centre film fans angry after Odeon cinema evacuated following false fire alarm   ,Non-Disaster
Evacuation orders lifted for Roosevelt in Highway 8 fire .    # koin6news ,Disaster
Our thoughts are with these local residents !  Time for some heavy rain !  ,Disaster
"Trafford Centre film fans angry after Odeon cinema evacuated following false fire alarm :  
 Twi .    # manchesterlite",Disaster
78 passengers evacuated safely after Green Line train derails .  ,Disaster
Hotel evacuated after fire on Shore Drive in Norfolk ,Disaster
 @ 115Film Doctor we must leave immediately the Core is unstable . The whole building is told to be evacuated .  Take the research .  We need . ,Disaster
Evacuation order lifted for town of Roosevelt  -  Washington Times ,Disaster
Rocky Fire ,Disaster
Ahrar Al Sham :  In our negotiations with Iran over Al Zabadani they wanted all Sunnis evacuated out of Al Zabadani ! ,Non-Disaster
Entire town of Roosevelt Wash .  evacuated because of wildfire ,Disaster
KATUNews :   # SR14 remains closed as brush fire burns 1700 acres :    # Live On K2 ,Disaster
Good thing there was actually just a legit fire in the mall and nobody evacuated ! ,Disaster
Is it seclusion when a class is evacuated and a child is left alone in the class to force compliance ?    # MoreVoices,Disaster
"I got evacuated from the cinema 30 mins through Inside Out
Kill me please",Non-Disaster
Gold Coast tram hit by fallen powerlines :  UP to 30 people have been evacuated from a tram on the Gold Coast af .  ,Disaster
Tram travellers evacuated after powerlines come down in Surfers ,Disaster
FAAN orders evacuation of abandoned aircraft at MMA :  FAAN noted that the action had become necessary due to re .  ,Disaster
 # Breaking :  Authorities have issued new mandatory evacuation notices for 25 homes to the North of the fire in  # Roosevelt WA,Disaster
FAAN orders evacuation of abandoned aircraft at MMA  via  @ todayng,Non-Disaster
Roosevelt Wash .  under evacuation order due to wildfire ,Disaster
Humboldt Cty Sheriff ' s Office has issued an evacuation advisory for 10 residence in the Lassics area .  more info at ,Disaster
FAAN orders evacuation of abandoned aircraft at MMA ,Disaster
VIETNAM WAR PATCH US 71st EVACUATION HOSPITAL HIGHLAND MEDICS  ,Disaster
 .   @ VELDFest announces refunds after Day two ' s extreme weather evacuation :   ,Disaster
Our mission to see the end of this movie last night  @ markoturner  @ annaciclismo after getting fire alarm evacuation ,Disaster
Update :  Bend FD says roofing co .  workers accidentally cut through natural gas line in Post Office leading to evacuation for about a half - hr,Disaster
Evacuation Advisory for Swayback Ridge Area . voluntary - InciWeb : Mad River Complex Announcement   # wildfires  # calfires,Disaster
Run out evacuation hospital indexing remedial of angioplasty dissertation at power elite hospitals dismayed :  ,Disaster
So the IFAK is an  ' individual first aid kit '  to treat a single trauma victim I think I should create the EFAK or evacuation first aid kit,Disaster
Bend Post Office roofers cut gas line prompt evacuation  -  ,Disaster
FAAN orders evacuation of abandoned aircraft at MMA :  FAAN noted that the action had become neces .   Via  @ todayngr,Disaster
 @ Eric_Bulak  @ jaclynsonne  @ _OliviaAnn_ I was looking for you guys on the live stream .  I am guessing the evacuation cost you the front ? ,Non-Disaster
FAAN gives owners of abandoned aircraft evacuation ultimatum  via  @ dailytimesngr .  They should probe them too ! ,Disaster
Updated  # Rocky Fire map with Mandatory Evacuation areas  ( red )  Advisory Evacuation  ( yellow )  2 Evac Centers  ( green )  ,Disaster
UPDATE :  The GNWT has just issued a voluntary evacuation order for cabin owners at Pickerel Lake near the Reid .  ,Disaster
Evacuation order lifted for town of Roosevelt Wash .  though residents warned to be ready to leave quickly ,Disaster
my school just put the evacuation alarms on accidently with 2 different trial exams happening are you kidding me,Non-Disaster
Walking down the middle of Michigan Ave last Sunday during  # Lolla evacuation 2015 ,Disaster
INK Entertainment Addresses Veld Evacuation and Refund Status   # TRC via  @ TorontoRC,Non-Disaster
A voluntary evacuation is being recommended at this time for Pickerel Lake cabins across highway from  # Reidlake fire says MACA  # NWT  # YZF,Disaster
IbrahimMisau  :  FAAN orders evacuation of abandoned aircraft at MMA   ( via Twitter  ) ,Disaster
Evacuation order lifted for town of Roosevelt :   ,Disaster
Update :  More from Bend FD on how a natural gas line cut prompted evacuation of the main Post Office this afternoon ,Disaster
Reid Lake fire prompts campground evacuation order ,Disaster
"This is an evil generation
Rock and roll evacuation ! 
As far as the eye can see ! 
 ( Hey hey hey hey !  ) ",Non-Disaster
 @ ariabrisard  @ leiaorganasolo Good .  Play along with her .  You may begin your operation with the death star .  The evacuation is nearly complete . ,Non-Disaster
Evacuation drill at work .  The fire doors would not open so i got to smash the emergency release glass  # feeling manly,Non-Disaster
Evacuation order lifted for Roosevelt after  # Wildfire misses town  -  KOMO News ,Disaster
Gas leak forces evacuation in east Saint John   # NB ,Disaster
If Ryan does not release new music soon I might explode,Non-Disaster
Learn How I Gained Access To The Secrets Of The Top Earners  &  Used Them To Explode My Home Business Here :   Please  # RT,Non-Disaster
 @ NoahCRothman Bore him with minutiae serve bad champagne .  He may just explode . ,Non-Disaster
 ' I eat because it makes my mouth explode with joy and my soul rise upwards .  '  ~  ,Non-Disaster
Housing Starts Explode to NewHeights  ,Non-Disaster
 @ Annealiz1 You are going to make the internet explode with this Dr .  Simon .  O_o  .  Was he alone or was there a red - head nearby ?  LOL,Non-Disaster
 @ attjcdemos  @ folieacat well we all knew her old user was like a timebomb  .  destined to explode  :  / ,Non-Disaster
See these guys reaching the front foot out loading the shoulders and spinning ?  Neither do I !    # hitting  # load & explode ,Non-Disaster
"KS except every character is Shizune . 
The world would explode . ",Non-Disaster
Whether you like it or not everything comes out of the dark be ready for that shit to explode  ? ,Non-Disaster
It is cold and my head wants to explode .  The joys of working from home  -  I am going back to bed  /  peace out  ? ,Non-Disaster
If Schwarber ran into me going that fast I would explode into pieces,Non-Disaster
"Is he about to crash ? 
Did the Queen die ? 
Did something explode ?  
Who knows .  ",Disaster
i swea it feels like im about to explode  ? ,Non-Disaster
Kendall Jenner and Nick Jonas Are Dating and the World Might Quite Literally Explode ,Disaster
my brain id about to explode laughing my ass off,Non-Disaster
After having two cans explode I wanted to drink the rest but these  .   ( Kaldi Coffee Stout )    # photo,Non-Disaster
"Versions of KS where if a character was  / every /  character world would explode . 

Rin
Shizune
Misha
Emi
Kenji
Yuuko
Nomiya
Hisao",Non-Disaster
Philadelphia Eagles Jordan Matthews Is Going To Explode In 2015   # news  # hotnewscake,Non-Disaster
I am about to explode  ? ,Non-Disaster
My head gonna explode soon,Non-Disaster
 @ deniseromano  @ Megyn Kelly  @ GOP That is one way to make their heads explode . ,Non-Disaster
Block the plate with a charging Schwarber coming down the line Cervelli .  I dare you .  You would explode into a little puff of smoke,Non-Disaster
 @ allen_enbot If you mess up it is gonna explode . ,Disaster
My brains going to explode i need to leave this house .  Ill be out smoking packs if you need me,Non-Disaster
VINE OF THE YEAR OH MY GOD I AM ABOUT TO EXPLODE ,Non-Disaster
"tagged by  @ attackonstiles 

millions
a - punk
hang em high
alpha dog
yeah boy and doll face
little white lies
explode ",Non-Disaster
what if i want to fuck the duck until explode .  it could be greasy,Non-Disaster
All these people explode  ? ,Non-Disaster
 @ Anonchimp think its a tie with thunderstorms tho they make my soul explode . ,Non-Disaster
My head is gonna explode,Non-Disaster
I am ready to explode !  ,Non-Disaster
 @ DelDryden If I press on the twitch will my head explode ? ,Non-Disaster
Toronto going crazy for the blue jays .  Can you imagine if the leafs get good ?  The city might literally explode . ,Non-Disaster
Chick masturbates a guy until she gets exploded on her face  >  ,Disaster
 @ CrimsonFuckingV  @ BitchL0veCannon Even you have to admit Seras that Sasha was a cute peice of ass .  Then she exploded all over the sidewalk . ,Non-Disaster
Kakeru Teduka :  Bfore 70years of today in Hiroshima it is exploded the one atomic bomd .  It is so sad day . ,Disaster
A tin of Tesco dog food  ' exploded '  and prompted THIS complaint  -  via  @ chelsea_dogs  # pets  # dogs  # animals  # puppy ,Non-Disaster
 @ KopiteLuke1892 Its broken its fully exploded . ,Disaster
Im Dead !  My two Loves in 1 photo !  My Heart exploded into a Million Pieces !    ?   @ BrandonSkeie  @ samsmithworld ,Non-Disaster
The Dress Memes Have Officially Exploded On The Internet ,Disaster
Final  # Medinah update :  shot a 105 .  49 on front  ( exploded with a )  56 on back .   # ImKeepingMyDayJob  ( pic is famous  # 17 )  ,Disaster
Well as I was chaning an iPad screen it fucking exploded and glass went all over the place .  Looks like my job is going to need a new one . ,Non-Disaster
My little heart just exploded  # OTRAMETLIFE  # MTV Hottest One Direction ,Non-Disaster
Junko was 13 years old when the atomic bomb exploded over  # Hiroshima on August 6 1945 .   ,Disaster
Just saw The Man Whose Mind Exploded .  There should be a Drako Zarharzar day . ,Non-Disaster
I read about that break for hours before twitter noticed it and I though that is nothing to worry about bc twitter was not exploded bc of it,Non-Disaster
"that exploded  &  brought about the
beginning of universe matches what is
mentioned in the verse the heaven and Earth
 ( thus the universe ) ",Non-Disaster
If you told me ten years ago that I would be seeing anime on the big screen .   . I probably would have exploded,Non-Disaster
Reasons  @ BlueWestlo has exploded on  @ YouTube  # 38745 :  ,Non-Disaster
luke  +  microphone  =  exploded ovaries,Non-Disaster
holy crap  @ KingMyth1999 my phone just exploded .  haha,Non-Disaster
Did this man just squeeze another man ' s head with his bare hands until it literally exploded  ? ,Non-Disaster
 @ ItsNasB now I have to go replace my sarcasm meter which just exploded .   - _ - ,Non-Disaster
Kai Forbath just demolished a weather station set up on a drill field with a missed field goal .  Thing just exploded into metal bits . ,Disaster
" @ MeryCormier haha !  Exactly !  Cosima is definitely in the hot seat .  Lol
 ' It is Shay .  '  is no different from a bomb that got exploded . ",Non-Disaster
My head exploded i swear,Non-Disaster
Yumiko jumped in surprise as the fire shot upwards into the air and exploded caught off guard~  ' woah .  '  She had -  (   @ LenkaIsWaifu  ) ,Non-Disaster
oh yeah my ipod almost exploded last night i was using it while charging and shit was sparking akxbskdn almost died,Disaster
" @ lunasagalle  @ synapsenkotze 
 ' The Exploded  -  Bean the Bastard ' ",Non-Disaster
 # dating  # meet  # sex Hot Teen Ass Exploded By Fat Cock ,Non-Disaster
 # news  # science London warship exploded in 1665 because sailors were recycling artillery cartridges .    # life  # tech,Disaster
 @ OKgooner hahaha great song .   ' Spent 15 years getting loaded .  15 years till his liver exploded .  Now what is Bob going to do NOW that he .  ' ,Non-Disaster
Worked at a fast food joint .  Poured burnt hot oil down the sink .  It hit the water in the trap and exploded .    @ FallonTonight  # WORSTSUMMERJOB,Non-Disaster
New Explosion - proof Tempered Glass Screen Protector Film for Blackberry Z10  -  Full read by  ,Non-Disaster
EE recalls Power Bar phone chargers after explosion burns woman  The Register ,Disaster
Another Mechanical Mod Explosion :  Man Injured When a  ' Pharaoh '  Mod Blows Up in His Hand  -   ,Disaster
Report :  Corey Brewer was drug tested after 51 - point explosion ,Disaster
Young dancer moves about 300 youth in attendance at the Greater Mt Moriah Baptist Church Youth Explosion this past Saturday .  Inspiring !  ,Disaster
Around 10 injured in explosion in chemical park in western Germany .  ,Disaster
I liked a  @ YouTube video  Huge Building Explosion at 2500fps  -  The Slow Mo Guys,Disaster
Large explosion rocks aluminum plant in southeast Missouri Re : Naomi - No Logo ,Disaster
 . do not think I have ever been this close to a mental explosion in so long,Non-Disaster
GAElite 0    Explosion Greg 2  [ Top 3rd ]   [ 0 Out ]   [ 0 balls ]   [ 0 strikes ]   .  No one on  [ P :   # 16 Morgan Orchard ]   [ B :   ] ,Disaster
ITS A TIE DYE EXPLOSION ON IG HELP ME .  IM DROWNING IN TIE DYE,Disaster
Exploring New Worlds :  Three Moments of an Explosion by China Mieville  ,Disaster
MORE -  > OSHA officers on siteinvestigating Noranda explosion  - KFVS12 News Cape Girardeau Carbondale Poplar Bluff ,Disaster
"A Time - Lapse Map of Every Nuclear Explosion Since 1945  -  by Isao Hashimoto  # War  # atomicbomb 
",Disaster
 @ KirCut1 lets get a dope picture together and have the dopest explosion  ? ,Non-Disaster
Big Data and Social Information explosion :  The Union That Could Evolve Your Retail Strategy . HUa,Non-Disaster
Aspiring musician  &  song writer shares her talent at the Greater Mt Moriah Baptist Church Youth Explosion on this past Saturday .  ,Non-Disaster
 @ colinhoffman29 I hope he does .  And I hope you die in the explosion too,Disaster
A Pyrotechnic Artwork by Cai Guo - Qiang Explodes into a Blossom on the Steps of the Philadelphia .  ,Disaster
 @ AminESPN Mencius tears are worse correct ?  Takes the explosion n more pain day to day right ? ,Non-Disaster
 @ lordRsBiscuits That is always good for a pretty explosion . ,Disaster
EE recalls Power Bar battery packs after explosion in student ' s bedroom ,Disaster
" # cum explosion ! 

 @ begforcum 
 @ allday_cumshots 
 @ cumcovered 
 @ sexycumshots 
 @ Cumtown
 @ BJ_Nutt
 @ cumslut_2
 @ GirlsLoveCum ",Non-Disaster
Saddle with accountable information explosion tips pro preferable financial top brass :  tawFMCAw,Non-Disaster
Did you miss the  # BitCoin explosion  -  do not miss out  -   # Hangout tonight at 8 : 30PM EST  =  >  >  >  ,Non-Disaster
kindermorgan gas explosion,Disaster
" # Tampa :  Super Freestyle Explosion Live in Concert at Amalie Arena  -  Sep  19
 ?  Ticket Info :  ",Non-Disaster
We found a sunflower explosion on our walk .   ,Disaster
Was in a bad ass mood today got on the elevator at school and decided to make explosion noses everytime some one pressed a button  ? ,Non-Disaster
Checkout all the NURGLE rules  &  features that snuck in on Khrone ' s WD !   ,Non-Disaster
"You Are Invited to The Expo Explosion Summer Event 2015 !  
WHEN :  August 14th Friday 2015
WHERE :  Ben E Keith .  ",Disaster
The gusto in persist had amongst empty - pated communication explosion :  hPSsJD,Disaster
"The insides of the explosion box . 
Get it customized the way you want ! 

 # dcubecrafts  # greetingcards ",Non-Disaster
For those that were interested in the gun powder art discussed at the end of  ' Introduction to Theological Aesthetic '  ,Non-Disaster
The government is concerned about the population explosion and the population is concerned about the government explosion .   -  Joe Moore,Non-Disaster
Remembering Pittsburgh Eyewitness History of Steel City by Len Barcousky PB Penn  ,Non-Disaster
 @ Squibby_ I am an eyewitness HA,Non-Disaster
Eyewitness Identification via reddit  ,Non-Disaster
WPRI 12 Eyewitness News Rhode Island set to modernize its voting equipment WPRI 12 Eyewitness ,Non-Disaster
"Eyewitness accounts of survivors of Hiroshima gleaned from a
number of oral history projects ",Disaster
Dutch crane collapses demolishes houses :  Dramatic eyewitness video captures the moment a Dutch crane hoisting .  ,Disaster
 # Eyewitness media is actively embraced by  # UK audiences .  Read the report by  @ emhub on the impact of  # UGC in news :  ,Non-Disaster
Read an eyewitness account from  # Hiroshima from this day in 1945    # LIFE,Disaster
Interesting approach but does not replace Eyewitness video .  The Ferguson Case  -  Video  -   ,Disaster
 # ClimateChange Eyewitness to Extreme Weather :  11 Social Media Posts that Show Just How Crazy Things A .    # Anarchy,Disaster
 @ kaputt21 Hamburg Police Chief Gregory Wickett has told 7 Eyewitness News he  ' cannot confirm or deny '  an investigation is underway . ,Non-Disaster
I liked a  @ YouTube video  Mini Pony packs a punch .  Live report from the Salem County Fair on CBS3 Eyewitness,Non-Disaster
Lone Survivor :  The Eyewitness Account of Operation Redwing and the Lost Heroes of SEAL Team  ,Disaster
The Civil Rights Movement  ( Eyewitness History Series )  Wexler Sanford Hardcover  ,Non-Disaster
How Little Boy Affected the People In Hiroshima  Eyewitness Testimonials ,Disaster
Read a Schoolboys Eyewitness Account of Hiroshima ,Disaster
Read an eyewitness account from  # Hiroshima from this day in 1945   # LIFE,Disaster
WFTV Eyewitness News :  TN school psychologist arrested in Florida on child porn charges ,Non-Disaster
Wake Up Kern County Eyewitness News Mornings airing RIGHT NOW on KBAK CBS29 .    # liveonKBAK ,Disaster
On anniversary of Hiroshima bombing illustrated timeline of bombings .  Eyewitness account particularly horrifying ,Disaster
"Aug .  06 2015 Radio Show articles   
1 ]  Eyewitness Account of Abortion Organ Harvesting by Planned Parenthood :  ",Non-Disaster
DK Eyewitness Travel Guide :  Denmark :  travel guide eBay auctions you should keep an eye on :  ,Non-Disaster
RT patrickjbutler :  Excellent damiengayle eyewitness account of Kids Company closure :   ' You drop the bomb and expect ,Disaster
Monkeys Abused by Notorious Laboratory Dealer  |  A PETA Eyewitness Invest .   via  @ YouTube,Non-Disaster
A true  # TBT  Eyewitness News WBRE WYOU ,Non-Disaster
DK Eyewitness Travel Guide  :  Chicago by Dorling Kindersley Publishing Staff :  travel books eBay auctions you s .  ,Non-Disaster
It is lights out again with stage - two load shedding :  Stage - two load shedding will be in force between 5pm and 10pm .  ,Non-Disaster
WFTV Eyewitness News :  FBI :  Man who stole US secrets  ' married '  Honduran minors for sex ,Non-Disaster
Freed  # BokoHaram captives speak up :  I will make sure she goes to school .  '   @ guardian  ,Non-Disaster
 ' I tried to save Mido Macia '  :  One of the murder accused has testified he tried to save Mido Macias life .  ,Non-Disaster
Russian  ' food crematoria '  provoke outrage amid crisis famine memories :  MOSCOW  ( Reuters )   -  Russian government  .  ,Disaster
 @ OCT336 guys these bitches am not famine then  ? ,Non-Disaster
 ' Food crematoria '  provoke outrage amid crisis famine memories .  ,Disaster
 # Russia  ' food crematoria '  provoke outrage in country withsoaring poverty  + Soviet famine memory  ,Disaster
Hunger hits me and I cannot function probably would not last long in famine zones * thank God * ,Non-Disaster
According to a 2011 Gallup poll the more money you have the more likely you are to suffer from time famine .  ?  Ari ,Non-Disaster
Ppl like unu feast today and famine tomorrow,Non-Disaster
"Top 3 : 
 *  Turn on the Darkness
 *  King Redeem  -  Queen Serene
 *  Famine Wolf",Non-Disaster
Russian  ' food crematoria '  provoke outrage amid crisis famine memories ,Disaster
 @ robertmeyer9 re :  your example low food prices cause farmers to go broke =  famine next year .  means simple Capitalism failed to feed people > ,Non-Disaster
A memorial to the millions who perished in the Holodomor has been erected in the U . S .  capital .   ,Disaster
exporting food wont solve the problem .  africans will end famine n poverty by SOLVING OUT OF CONTROL TRIBAL WARS .  ,Disaster
New article :  Russian  ' food crematoria '  provoke outrage amid crisis famine memories read more at here ,Disaster
Building Muscle With Feast And Famine Feeding Most diet plans are based around losing weight but what should you ,Non-Disaster
The famine is coming to an end  # Bluebell ,Disaster
 ' She tasted like a feast after a famine .  And he was starving .  '  TRUSTING JACK  @ writes4coffee   # IARTG  # RWA  # tw4rw  # RRBC,Non-Disaster
"Russia destroys food while people go hungry .   We are not the only ones with an insane government . 
",Disaster
 @ FinancialTimes Ethiopian regimes continue receiving foreign aid when famine struck for 2 years eastern Ethiopia  ,Disaster
Reuters :  Russian  ' food crematoria '  provoke outrage amid crisis famine memories  ,Disaster
"A grade in Black Horse Famine [ MEGA ]  .  Score 0840728

 # Dynamix ",Non-Disaster
Russian food crematoria provoke outrage amid crisis faminememories ,Disaster
Bolshevik government monopolized food supply to seize power over hunhry population .  Artificial famine was the result ,Disaster
Russian  ' food crematoria '  provoke outrage amid crisis famine memories  via  @ YahooNews,Disaster
I have experienced the smell of rotting potatoes for the first time .  The Famine must have been awful if the whole country smelled like that . ,Disaster
 Russian  ' food crematoria '  provoke outrage amid crisis famine memories ,Disaster
when things become terrible more than the great Ethiopian famine . ,Non-Disaster
 @ SavageNation Reminds me when the Peasants destroyed their food when Stalin ' s army came to  ' redistribute the wealth '  .  It caused famine / death,Disaster
UPDATE 1 - Russian  ' food crematoria '  provoke outrage amid crisis famine memories :   *  Russian society still recal .  ,Disaster
The Adventures of Mineness  # 9   The Famine Is Over ,Disaster
" ' Food crematoria '  in Russia provoke outrage amid crisis famine memories
",Disaster
Robert Conquest Famine Museum Kiev  @ GuidoFawkes  @ MediaGuido ,Non-Disaster
 # Russian food crematoria provokes outrage amid crisis famine memories ,Disaster
 @ CNN the End of Times are upon us .  Famine War Death Plague .  The presence is growing stronger . ,Non-Disaster
Maratha raiders scorched their lands  &  Punjab refused them food aid during the 1943 famine wonder if Bengalis harbor some  ' hard feelings ' ,Disaster
Images of Famine  Hope In Christ  -  A blog on what happens when we forget God   # HopeinChrist  @ lifelettercafe,Disaster
 @ Surf_Photo I squeezed a tear .  Famine plague tsunami no chance .  Lego  -  blubber ! ,Non-Disaster
Russian  ' food crematoria '  provoke outrage amid crisis famine memories  -  Yahoo News ,Disaster
11 - Year - Old Boy Charged With Manslaughter of Toddler :  Report :  An 11 - year - old boy has been charged with manslaughter over the fatal sh . ,Disaster
Roger Goodell ' s Fatal Mistake :  Tom Brady An Innocent Man ,Non-Disaster
Boy 11 charged with manslaughter in shooting death of Elijah Walker :  The 11 - year - old appeared Wednesday in a .  ,Disaster
Fatal attraction is common n what we have common is  ' pain '  . ,Non-Disaster
APD investigating fatal shooting of 3 year old child in southeast Anchorage ,Disaster
Investigators shift focus to cause of fatal Waimate fire ,Disaster
 @ _AsianShawtyy  ?  I am sorry .  But I am out,Non-Disaster
Police :  man in his early 30s dies after shooting on Vermont St .  :   ,Disaster
Man accused in fatal hit - and - run to get new judge  via  @ KHQA,Non-Disaster
Winnipeg police seek witnesses in Arlington and William fatal crash ,Disaster
 @ ChrisDanielShow Nearly - Fatal Pee in San Francisco ,Non-Disaster
Petition to remaster Fatal Frame 1 with a Windwaker - style selfie mode,Non-Disaster
Man charged over fatal crash near Dubbo refused bail  via  @ dailyliberal,Disaster
California man facing manslaughter charge in Sunday ' s wrong - way fatal crash in  .   -   :  Ca .  ,Disaster
The Five Fatal Flaws in the Iran Deal  via  @ YouTube,Non-Disaster
"Stockton police are investigating a fatal drive - by shooting in north Stockton
 ",Disaster
Deputies :  Dog dispute leads to fatal shooting in Person County   # gunfail  # nra,Disaster
CA Cops :  Illegal Immigrant with 4 Prior Arrests Charged in Fatal Sex Attack ,Disaster
 @ spookyfob  @ feelslikefob I am okay thank you yes your kindness is fatal though it is like Patrick stump level kindness . ,Non-Disaster
Success is not permanent  &  failure is not fatal . ,Non-Disaster
"Tell me why or why not
to adopt in this way
maybe I overlooked something
fatal for me
 ? whyor why not ? ",Non-Disaster
Boy 11 charged with manslaughter in shooting death of Elijah Walker ,Disaster
Robert Ballew ' s log statements are always at the FATAL level . ,Non-Disaster
fatal attraction,Non-Disaster
 # news  # crimes Police ID victim in fatal crash that closed I - 65 near Franklin :  One person is d .    # justice  # courts,Disaster
Boy 11 charged in fatal shooting of 3 - year - old ,Disaster
EXCLUSIVE :  In 179 fatalities involving on - duty NYPD cops in 15 years only 3 ,Disaster
 # NYC  # News Legionnaires death toll rises to 8 in New York City :  All eight fatalities were of older adults with .  ,Disaster
Let us fraction the vital need for Our fatalities .   How would you break it down in  # education  # econom ,Non-Disaster
Las Vegas in top 5 cities for red - light running fatalities  -  News3LV ,Non-Disaster
We are totally unprepared for an EMP attack .  Both China Russia and probably Isis possess them .  90 %  fatalities .  Why are we pushing them ? ,Disaster
"City implores motorists not to speed after more reports of animal fatalities near nature reserves
 -  >  ",Disaster
 @ kyrikoni  @ ExpressandStar Who said veg and fruit was good for you .  Hope there is been no injuries or fatalities . ,Non-Disaster
Understand that there are no fatalities as no one was trapped inside the wholesale market .  8 fire engines and 40 fire fighters on scene . ,Disaster
As of the 6 - month mark there were a total of 662 fatalities  -  114 more than the first half of last year  |  ,Disaster
 # HSE releases annual workplace facilities data .  Have a look  |   ,Non-Disaster
" # Seattle ' s deadliest red light runner intersections revealed
 ",Disaster
5 Rejected Mortal Kombat Fatalities :  Mortal Kombat has stretched the boundaries of its  ,Non-Disaster
 @ unsuckdcmetro minor train leaves rails .  Major  =  1 / 13 / 82 Smithsonian Interlocking derails  &  crashes into barrier wall with fatalities . ,Disaster
Injuries Illnesses and Fatalities Latest Numbers  :  ,Disaster
 Osage Beach releases name,Non-Disaster
I wonder how Cool / Weird It ' ll look to have all the characters in MKX do fatalities on Skinless Predator  ;  ) ,Non-Disaster
 # Saudi Arabia :   # Abha :  Fatalities reported following suicide bombing at mosque ;  avoid area ,Disaster
" ' Use our roads wisely and prevent the carnage from continuing . let us have no fatalities over this holiday period .  ' 
 # GGIndependencMessage",Non-Disaster
mortal kombat fatalities are so gross but interesting,Non-Disaster
The X - rays in MKX be looking like fatalities . ,Non-Disaster
 @ dwilliams313  RT  @ Ieansquad :  When you dont know how to do fatalities in Mortal Kombat ,Non-Disaster
" -  ?  - 
 ;  kitana
 ?  her fatalities slay me
kody ?   ( Vine by  @ KOMBATFANS33 )  ",Disaster
OSP concerned about mounting fatalities  ,Disaster
"Mortal Kombat X :  All Fatalities On Meat Predator . 
",Non-Disaster
Estimated damage and fatalities of an Hiroshima - sized atomic bomb dropped on your hometown  -     # Hiroshima,Disaster
The RCMP are reporting fatalities and serious injuries as a result of the collision on the TCH near Whitbourne . ,Disaster
Govt allocating 1 . 3 bn for flood action :  Issue takes centre stage after fatalities in Veneto ,Disaster
There have been zero spider bite - related fatalities in Australia since 1979 . ,Non-Disaster
I liked a  @ YouTube video  TREMOR IS NO JOKE !   [ TREMOR DLC ]   [ FATALITIES / X - RAY ] ,Disaster
 ' Motordom '  lobbied to change our language around traffic fatalities .  We need to go back to the future  # VisionZero  ,Non-Disaster
Sharing to help our cousin ' s family ,Non-Disaster
 ' Among other main factors behind pedestrian fatalities are people failing to yield to a car '  ,Disaster
Mortal Kombat X is an excellent fatalities and the most fun Ive ever had with a mortal kombat SEGA ' s version ,Non-Disaster
Uber reduces drunk driving fatalities says independent study ,Non-Disaster
I liked a  @ YouTube video from  @ kevinedwardsjr  Mortal Kombat X  -  PC Gameplay  -  Fatalities / X - Rays  ( MKX ) ,Non-Disaster
Las Vegas in top 5 cities for red - light running fatalities ,Disaster
RCMP confirm fatalities in two - vehicle crash :  TCH remains closed at Whitbourne due to accident ,Disaster
 . American casualties including 400000800000 fatalities and five to ten million Japanese fatalities .  '  ,Disaster
No UK train accident fatalities for 8th year running despite 4 %  increase in passenger journeys   @ healthandsafety,Disaster
I fail to see how that would not bring the number of road fatalities down IMMENSELY,Non-Disaster
PolicyLab is at  @ CECANF ' s last public hearing in NYC today and tomorrow to address child abuse and neglect fatalities ,Disaster
 .  @ Kurt Schlichter Yep considering that  * millions *  of Japanese fatalities were projected for Downfall .   @ _FreeMarketeer  @ dibang,Disaster
 # Shipping  # Logistics eNCA  |  Fatalities as migrant boat capsizes in Med with hundreds onboard :    capsized as i .   ,Disaster
Message boards will display updated traffic fatalities  ( up from 582 )  and new message beginning today :  Traffic deaths 616  -  Slow for Workers . ,Disaster
Driver fatalities down on Irish roads but pedestrians and cyclists at more risk ,Disaster
 @ EBROINTHEAM jay . big L . pun . biggie . wrap over . zero question . fatality . flawless victory ,Non-Disaster
 @ Jake_ADavis  @ FaTality_US we are cuddling right now so .   ? ,Non-Disaster
 @ Truly_Stings Yo Dm me,Disaster
So these savages leaked Thomas Brady gangstermail account and wonder why he was quick to fatality his Samsung mobile ?  B real son . ,Non-Disaster
I liked a  @ YouTube video from  @ vgbootcamp  S @ X 109  -  sN  |  vaBengal  ( ZSS )  Vs .  SWS  |  Fatality  ( Captain Falcon ) ,Non-Disaster
Hibernating pbx irrespective of pitch fatality careerism pan :  crbZFZ,Non-Disaster
Fatality ! ,Non-Disaster
Dying of Lyme disease :  Case fatality rate nearly 100 %  ,Disaster
 @ hrips_k when u do a fatality and like the corpse is still jittering,Disaster
fatality,Non-Disaster
Wow fatality on 101 big rig hit motorcyclist blood everywhere  ?  wow .  I am sick . ,Disaster
 @ Tellyfckngo  @ JayCootchi nah you hit homie wit the fatality and then son ' d him wit the babality .  Cold .  Cold as fuck lmfaoooo . ,Non-Disaster
Kosciusko police investigating pedestrian fatality hit by a train Thursday ,Disaster
Fatality  ,Non-Disaster
 @ Bardissimo Yes life has a 100 %  fatality rate . ,Non-Disaster
How many baskets did  A Charming Fatality by  @ tonyakappes11 get ?    # Mystery  # Paranormal,Non-Disaster
They are making a Bad Boys 3 and 4 !  A must see,Non-Disaster
 @ FaTality_US need a team ?  We need one . ,Non-Disaster
Afghan Soldier Kills US General America ' s Highest - Ranking Fatality Since Vietnam ,Disaster
That usually NEVER happens,Non-Disaster
 @ Babybackreeve FATALITY ! ,Non-Disaster
08 / 3 / 15 :  CAT FATALITY :  UTICA NY ;  PLEASANT  &  HOLLAND AVE : Black cat with white paws .  Average size .   On grass next to north side of road . ,Non-Disaster
 @ pxnatosil  @ RenuncieDilma  Fatality ! ,Non-Disaster
 [ Jax ( MK2 )  ]  Stage Fatality : UUD + LK  ( Close ) ,Non-Disaster
 ' Seeing that there is a video of every fatality on Mileena makes me sad .  ' ,Non-Disaster
 @ Chrisman528 fatality  . ,Non-Disaster
Fatality ,Disaster
Fatality scary af .  Probably not the best falcon but still scary . ,Non-Disaster
Truck crash on 40w at US70 in Lebanon is a fatality .  Very sad .  Expect long delays through the morning . ,Disaster
 @ LindaSOCVAT  @ TfL Bus Alerts Yes apparently .  Report of cow fatality as well sadly . ,Disaster
I liked a  @ YouTube video from  @ deathmule  MK X Tremors Stalag Might Fatality on Ermac Tournament Pharaoh,Non-Disaster
I added a video to a  @ YouTube playlist  S @ X 109  -  SWS  |  Fatality  ( Captain Falcon )  Vs .  Snow  ( Fox )  SSB4 Losers,Non-Disaster
Death of Loretta Fuddy responsible for authenticating Obama birth certificate the sole fatality of nine on plane ,Disaster
Fatality  ? ,Non-Disaster
Everyday is a near death fatality for me on the road .  Thank god is on my side .  ? ,Non-Disaster
Fear Factory in December .  Done deal . ,Non-Disaster
I made a friend more interesting than all of you all combined ,Non-Disaster
"The meaning I picked the one that changed my life :  overcome fear behold wonder . 

TCC catch the light .  endless .  ",Non-Disaster
 @ phnotf sometimes your cheekiness bleeds through my computer screen and i recoil in fear,Non-Disaster
cause i know every man has a fear of a strong - minded woman but I say she is a keeper if she got it on her own and keeps it runnin,Non-Disaster
My biggest fear is disappointing the people who believe in me,Non-Disaster
I didn ` t want to hurt you but the fear drove me to do it  .  Midnight,Non-Disaster
Men fear the feeling of being  ' controlled '  by a woman .  Or passive aggressively being coerced into commitment before they are ready . ,Non-Disaster
The things we fear most in organizations - fluctuations disturbances imbalances - are the primary sources of creativity .   -  Margaret Wheatley,Non-Disaster
Fear Factory  -  Cars  ( Official MusicVideo )  ,Non-Disaster
 @ Luzukokoti it is all  about understanding umntu wakho .  If you do and trust your partner then y OK u will know and will not fear to do anything . ,Non-Disaster
Photo :  referencereference :  xekstrin :  I THOUGHT THE NOSTRILS WERE EYES AND I ALMOST CRIED FROM FEAR partake .  ,Non-Disaster
 @ BaileySMSteach The fear of not looking like you know what you are doingahhhthat was a big one for me .    # PerryChat,Non-Disaster
"The Opposite of Love is Fear Heres Why
",Disaster
FEAR  -  YouTube ,Non-Disaster
Help me win  $  by having the most shares on my article !  A Lifetime Of Fear   Thanks !   # BlackInAmerica  # GrowingUpBlack,Non-Disaster
 @ CowgirlLawyer We must refuse to become a nation with everyone living in fear of being shot unawares by intoxicated  &  / or crazy people . ,Disaster
Horror films are made by incredibly creative artists .  We interviewed 21 of them in depth for The Anatomy of Fear .  ,Disaster
"I want to be with you forever
Stay by my side
On this special night

Fear and Loathing in Las Vegas / Solitude X ' mas",Non-Disaster
my worst fear .  ,Non-Disaster
 @ shakjn  @ C7  @ Magnums im shaking in fear he is gonna hack the planet,Non-Disaster
When the world say finish God says :  do not fear  -    # ChooseGod  # RestoringPaths,Non-Disaster
 ' By replacing fear of the unknown with curiosity we open ourselves up to ,Non-Disaster
Love God more than you fear hell,Non-Disaster
do not tell the bride gives me the fear,Non-Disaster
 @ ScottDPierce  @ billharris_tv  @ HarrisGle  @ Beezersun I am forfeiting this years fantasy football pool out of fear I may win n get my ass kicked,Non-Disaster
 '  . As of right now I am reopening the X - Files .  That is what they fear the most .  '   # TheXFiles201Days,Non-Disaster
Live a balanced life !  Balance your fear of  # Allah with hope in His mercy and love for Him . ,Non-Disaster
my biggest fear is that eventually you will see me the way i see myself . ,Non-Disaster
Couples having less sex .  for fear it will be a let down :  Internet movies and books saying how sex  ' ought to be '  p ,Non-Disaster
Nothing to fear .  It is all about taking risks . ,Disaster
Untangle yourself from requiring your partner to fill your needs and how to love without fear  # BestTalkRadio Listen ,Non-Disaster
The Walking Dead spin off Fear the Walking Dead is on the 23rd  ? ,Disaster
 @ mcnabbychic I fear not for a while,Non-Disaster
The fear of the Lord is the start of knowledge :  but the foolish have no use for wisdom and teaching  ( Amsal 1 : 7 ) ,Non-Disaster
The number of people denying climate change on the polar bear article makes me fear for the future of the US but also humanity in general . ,Non-Disaster
" @ SenSanders Gd ideas .  I am 77 wrked hard now have almost nothing fear lives with poor
Fran Reed 8437150124",Non-Disaster
Never let fear get in the way of achieving your dreams !   # deltachildren  # instaquote  # quoteoftheday  # Disney  # WaltDisney ,Non-Disaster
Fear is my motivator,Non-Disaster
"Daily Reflections
August 6
DRIVEN
Driven by a hundred forms of fear self - delusion self - seeking and self - pity .  ",Non-Disaster
Morganite Gemstone White Fire Opal 925 Sterling Silver Ring Size 6 R1354  ,Non-Disaster
Marquei como visto Game of Thrones  -  3x5  -  Kissed by Fire   # banco de series,Non-Disaster
Save the Date !  Saturday August 15 2015 is the Salisbury Fire Department Open House at 325 Cypress St 10am to .  ,Non-Disaster
Why put out a fire when it is still burning . ,Non-Disaster
 @ Miss_HoMaStToPa cause were on fire we are on fire were on fire now .  Yeah were on fire we are on fire were on fire nowwwwww,Disaster
My avi And header combo is fire,Non-Disaster
  # auction  # shoes Retro 5 fire red ,Non-Disaster
My asshole is on fire  ,Non-Disaster
I am crying that song just ended setting myself on fire  ,Non-Disaster
Setting things on fire is always an option,Disaster
Sitting around a fire sounds great right about now,Non-Disaster
I See Fire,Non-Disaster
But put  ' Flood of Fire '  at the top of the list .   ,Disaster
I am On Fire .   ,Non-Disaster
PolitiFact :  Harry Reid ' s  ' 30 Percent of Women Served '  Planned Parenthood Claim Is a  ' Pants on Fire '  Lie   |   # tcot,Non-Disaster
Dear  @ CanonUSAimaging I brought it  ;  )   # CanonBringIt  # Fire   # CanonTattoo  # MN  # TheresMoreWhereThatCameFrom ,Non-Disaster
 @ seanhannity  @ Scott Walker yeah just who we need another middle class hating republican out to get hard working cops fire fighters teachers,Non-Disaster
This fire is WAY too close wtf is going on  ?  ,Disaster
Fire Meet Gasoline always gotta get played twice lol,Non-Disaster
WCW  @ catsandsyrup THA BITCH IS FIRE,Non-Disaster
well it feels like im on fire . ,Non-Disaster
her eyes and words are so icy but she burns like rum on the fire,Non-Disaster
 # news PolitiFact :  Harry Reid ' s  ' 30 Percent of Women Served '  Planned Parenthood Claim Is a  ' Pants on Fire '  Lie .  ,Non-Disaster
Nothing like a good fire ,Disaster
 @ DaughterofNai Tenshi activated Yuki ' s fire card ! ,Non-Disaster
California been shaking . catching on fire . and overcharging ppl on rent for the past 150 +  years it am not going nowhere . ,Disaster
There is a fire in the Catalinas .  Looks kinda cool .  This picture does not do it justice .  ,Disaster
 @ zaynmalik do not overwork yourself .  Your album is gonna be fire just do not overwork or stress !  I love you take care,Non-Disaster
 @ Justin_Ling I promise not to tax pancakes or rainbows or not dying in a fire . ,Non-Disaster
This nigga Cyhi diss was what Meek was suppose to do .  This shit actually fire,Non-Disaster
I wanna set some shit on fire . ,Disaster
In the words of Charlie Daniels  ' Fire on the mountain run boys run .  '  ,Disaster
I just checked in !   at On Fire on  @ ZomatoAUS  # LoveFood ,Disaster
When your heart is bigger than the obstacles  in front of you  # euro  # dontexpectnothing  # july  # fire  @ euro,Non-Disaster
Fire waves and darkness,Non-Disaster
It may seem like our fire has been a little burnt out . ,Non-Disaster
Smelling a Bon fire while driving makes me wanna be sitting near one making s ' mores  ? ,Disaster
Will be dropping fire selfie tomorrow saying  ' you are welcome '  ahead of time . ,Non-Disaster
Fire Call :  BRANT AV  /  DRUMMOND RD for Fire  -   * Structure  -  Single .  Units :  CAR 6 On Call Truck ,Disaster
Your PSA for the day :  If a fire truck is behind you with lights going MOVE OVER !  so they can get to their call . ,Non-Disaster
 # RFP :  Fire Truck Service Body for F - 450  ( Fire fighting rescue  &  safety equipment Transporta .  ,Non-Disaster
 # reno Truck trailer catches fire in Reno ,Disaster
wild night in the village of pugwash every fire truck is out that the town has which is like a fire truck for every house  - population : 6,Disaster
 ' An 18 - wheeler came along and struck the fire truck spinning it around 180 degrees and causing it to roll over '  ,Disaster
SIGALERT UPDATE  # 3 * N - 133 CLOSED AT 5 FWY UFN *  -  TRASH TRUCK FIRE,Disaster
 @ BrookTekle_ did not look like a murder scene just 1 cops a fire truck and 2 fire assistance cars along with a helicopter,Disaster
Former Township fire truck being used in Philippines  -  Langley Times   # Philippines,Disaster
Former Township fire truck being used in Philippines :  Township of Langley assistant fire chief Pat Walker spen .  ,Disaster
Our garbage truck really caught on fire lmfao . ,Non-Disaster
 @ KapoKekito on northgate by the taco truck that is fire . ,Disaster
It is never a good sign when you pull up to work  &  there is five ambulances  &  a fire truck in the bay .  Wompppp at least it is Friday,Disaster
Fire truck and ambulance in K3 Phase 3 .  Hope everyone ' s okay .   # PrayForSaipan,Disaster
 # SigAlert :  North  &  Southbound 133 closed btwn 5 fwy and Irvine Blvd due to truck fire .  CHP is detouring traffic . ,Disaster
 @ eeenice221 true because of the truck that caught fire ? ,Disaster
 @ JustineJayyy OHGOD XD I did not mean it so  = P But you have that fire truck in the back of you to make up for it so you good xD,Non-Disaster
"Came across this fire video not mine . enjoy . Babes way of saying hi to me while he is in the fire truck ? 
 # fireman  #  ",Non-Disaster
133 N past  the 5 L lane is reopened .  All other lanes are closed .  All lanes are open on the 133 S .  Trash truck fire cleanup .   @ KNX1070,Disaster
Found this cool photo not mine 1952 Dodge Wayne bodied 4 window bus .   Ex Libby MT Fire Department truck .  All ori ,Disaster
Trident 90225 Chevy fire Truck with Pumper  IMS Fire Dept .  Red HO 1 : 87  plastic  ,Non-Disaster
Toddler Bedding Firetruck Bundle Fire Truck Firefighter Sticker Decals Sign Wall ,Non-Disaster
when a monster truck racer catches on fire at the fair,Disaster
Truck fire clogs canyon road ,Disaster
rgj :  Truck trailer catches fire in Reno ,Disaster
 # Philippines Former Township fire truck being used in Philippines :    of emergency equipment in Cebu Philippi .   ,Disaster
theres a fire truck in this parking lot,Non-Disaster
Evening Sun article on NNO :  ,Non-Disaster
 ' Choose to be happy .  Fire truck the rest .  '    ?  Review of Kick Push by  @ JayMcLeanAuthor,Non-Disaster
Former Township fire truck being used in Philippines  -  Langley Times   # filipino,Non-Disaster
Jacksonville Fire  &  Rescue Engine 58  -  AWESOME TRUCK !   -  OFFICIAL JADE FL .   via  @ YouTube,Disaster
 # New Jersey Turnpike   # New Jersey Turnpike Reopens Hours After Truck Fire In ?   ,Disaster
 # LukeBox something about first responders /  military they are our true Hero ' s !  Besides your music,Non-Disaster
I am grateful for our first responders  -   @ Metropolitan Nashville Police Department  @ NashvilleFD and others  -  who acted so swiftly to save countless lives today . ,Disaster
 @ USATODAY .   PRAYING FOR GOD ' S HEALING AND SAFETY OF FIRST RESPONDERS,Non-Disaster
"Join  # charity 10k  # run event !   @ DoningtonDash
11am start Sun 20 Sept 2015
Castle Donington Community First Responders
",Non-Disaster
Loved the way this book was written to include so many vantage points of First Responders  @ DetKenLang  # kindle ,Non-Disaster
First responders would never be sent to the wrong address again with  # SmartTek ' s GPS - based panic button  # mPERS  # safety ,Non-Disaster
We Can Help Says Denver Firefighter Working To Curb First Responder Suicide ,Disaster
What is cool is that teens are becoming what I like to call  ' digital first responders '  for their friends who need a little help or support  ! ,Non-Disaster
Carmike Cinemas on Antioch Shooting :   ' We Are Grateful '  for Staff and First Responders Safety Is  ' Highest Priority '  ,Disaster
RT RoadID :  Thanks to Alex for his story  &  to all first responders for being there when we need you .   ,Non-Disaster
I just added  ' Sandy First Responders Lost Their Homes '  to VIP Home Page Group on  @ Vimeo :  ,Disaster
Thankful for our first responders especially  @ Metropolitan Nashville Police Department for life saving response today in Antioch ! ,Disaster
Juneau Empire  -  First responders turn out for National Night Out ,Non-Disaster
 @ Reds I do not throw the word hero around lightly .  Usually reserved for first responders and military .  But he is a hero . ,Non-Disaster
US wants future first responders to be more high - tech  -  ,Non-Disaster
There is still room for you at our party for first responders from around the country !  3rd annual best ever .  ,Non-Disaster
Incase of accident the first responders would know that there is a baby present ,Non-Disaster
Kirsten Gillibrand     Extend Health Care To 911 First RESPONDERS  ! ,Disaster
 ' We Can Help '  Says Denver Firefighter Working To Curb First Responder Suicide ,Disaster
First Responders Convene for National Summit and Awards on GIS Technology   # gisuserPR  # geoTech,Non-Disaster
York Co .  first responders compete to save lives in Badges for Blood  # paramedic  # EMS ,Non-Disaster
Some good info to help first responders cope -  Individual Resilience :  Factsheet for Responders -  ,Non-Disaster
 @ IAFFLocal4416 no lives lost except those of first responders or the public they are charged with protecting ? ,Disaster
First Responders get int  @ bridgeportspeed free on Saturday !  Details  @  ,Non-Disaster
At the  # 999day Emergency Services display !  Meeting the brave police firefighters and first responders that help keep us safe !   ? ,Disaster
This week first responders and DART members are participating in a four day intensive Technical Large Animal .  ,Disaster
As firefighters make gains on  # Rocky Fire Jerry Brown is heading to the area to meet with first responders tomorrow morning,Disaster
After shooting event at the theater  @ Starbucks is giving FREE COFFEE to all first responders police  &  firefighters .  AntiochHickoryHollow # TN,Disaster
 ' NO LENDER FEES FOR VETERANS OR FIRST RESPONDERS  ( PAST AND PRESENT )  '  on  @ LinkedIn ,Non-Disaster
New Giant Flames  ( GIANT FULL BLACK PANTOFEL )  info / order sms : 087809233445 pin : 23928835   pic . twitter . com / pNPiZoDY,Disaster
 * NEW *  Snap On Tools Black baseball Hat / Cap Silver / Gray Embroidered S Logo Flames  -  Full re  ,Non-Disaster
Vampiro going through the table of flames  # Ultima Lucha  # Lucha Underground  @ Elreynetwork ,Non-Disaster
Cabin Fever 2 flames ,Non-Disaster
" ' if you cannot summon the flames directly from hell store bought is fine '  - me 
mom -  * dies * ",Non-Disaster
Just added some more fire to the flames for Saturday !  Rick Wonder will be spinning a guest set along with Chachi .  ,Non-Disaster
 @ kelworldpeace  @ TAXSTONE yoga flames ! ,Non-Disaster
 # SBNation  # Flames What Makes a Good Penalty Killer ?   ,Non-Disaster
i guess you can say ig ' s hopes went up in flames,Non-Disaster
I will cry until my pity party ' s in flames  ? ,Non-Disaster
that new lil b x chance is nothing but flames,Non-Disaster
 @ gilderoy i wish i was good enough to add flames to my nails im on fire,Disaster
My Gang Walking Round With Them Brown Flames .    &  Thats 100ND,Non-Disaster
 @ TadhgTGMTEL dude was just smoking and the fucking thing went up in flames i though a bomb went off omg scared,Disaster
Maryland mansion fire that killed 6 caused by damaged plug under Christmas tree report says  -  Into the flames .  ,Disaster
New Giant Flames  ( Giant Manly Brown )  info / order sms : 087809233445 pin : 2327564d   ,Non-Disaster
You see the devastation  &  its shocking .   Firefighters continue to battle flames in California .  benstracy reports ,Disaster
watching it go up in flames,Disaster
RP said they can see smoke coming from the silo on 260th Street in Hartford but no flames . ,Disaster
I chose you so if we can search for the joy of just the two of us Well be near smiles no matter what cold flames burn our bod  # PortgassDK,Non-Disaster
Maryland mansion fire that killed 6 caused by damaged plug under Christmas tree report says  -  Into the flames :  Firefighter ' s bravery . ,Disaster
 @ ErinMariefishy everyone is setting flames upon me,Non-Disaster
 @ Flames_Nation that is the optimistic side of me .  No doubt it is tough .  But it can be done .  I feel like the games will pivot on defense . ,Non-Disaster
"So Pardon me while I burst into flames .  

I have had enough of the world and its people ' s mindless games",Non-Disaster
 @ AWickedAssassin want to burst into flames !   * Anna hugged him tightly * ,Non-Disaster
 @ selmoooooo  @ _edvinnn  @ imTariik  @ dzafic_haris selmo u not catching flames from me  im just gonna be witnessing the slaughter,Disaster
 ' Bloody  ' ell !  Let it burn !  '   # RubyBot,Non-Disaster
If you have an opinion and you do not put it on thh internet you will furst into flames . ,Non-Disaster
I have a rising follower graph !  2 more followers in the past week .  Get your stats right here ,Non-Disaster
 @ AisuMage  @ AkumaReisu  - just between Gray and Ophelia red flames blazing around her person setting nearly everything in the area - ,Disaster
SoloQuiero Maryland mansion fire that killed 6 caused by damaged plug under Christmas tree report says  -  Into the flames :  Firefighte . ,Disaster
 @ CW_Hoops you better make all your shots tomorrow cause I am recording and flames will be thrown tomorrow,Non-Disaster
I added a video to a  @ YouTube playlist  Nicki Minaj  -  Up In Flames  ( Official Video ) ,Non-Disaster
He better than Sean bro .  I can admit that Sean is flames now .  But he better than Sean ,Non-Disaster
The advantages apropos of in flames favorable regard mississauga ontario :  pWHvGwax,Non-Disaster
"Flattened all cartoony - like . 
 ' Whoa there Papa !  '  ",Non-Disaster
the road to success is paved with pennies that I flattened on the train tracks you are welcome . ,Non-Disaster
Feel like I have been flattened by a sumo wrestler  ?  no pain no gain  # muaytai  # wantmyabsback  # strong  ? ,Non-Disaster
IDEAS IN FOOD :  Flattened ,Non-Disaster
Zouma has just flattened him there  ?   # CFC,Non-Disaster
Zouma has just absolutely flattened that guy  ? ,Non-Disaster
Flattened ,Non-Disaster
70 years ago the first atomic attack flattened  # Hiroshima 3 days later it was  # Nagasaki both war crimes to put Moscow in its place,Disaster
Today  ( August 6th )  is the 70th anniversary of A - Bomb  ' Little Boy '  been dropped on Hiroshima . 70000 killed outright as the city was flattened,Disaster
Would have just flattened the little midget  ?  ,Non-Disaster
who said this ?  Yosemite Sam or Drumpf ?  Nobody ill vote for a flattened out rabbit skin a - huh huh  I always say,Non-Disaster
 @ GrabakaHitman  @ Izi_Garcia when he flattened machida . did he lose that fight . nope he lost fights to guys he should not of lost to also,Disaster
" # Floored4  # Flattened 

Early birds does get de cups  .  so lag bout pun de dock and watch ppl drink ",Non-Disaster
Conklin being flattened .  Shuffled feet instead of kick slide .  Did not get hands up into chest .  ,Non-Disaster
Flattened thee striker,Disaster
Picking up flattened hay men  (  @  Masonite in Wahpeton ND )  ,Non-Disaster
Zouma just flattened that guy ? ,Non-Disaster
Fylde Building set to be flattened :  One of Prestons city centre iconic buildings is disappearing from the skyline .  ,Non-Disaster
 @ iamHorsefly hide your kids hide your wife .  He is on the loose .  I thought I flattened you with a ball  ? ,Non-Disaster
Would ' ve been great if Mbiwa just flattened that little rat . ,Non-Disaster
 @ JimMozel puck = flattened ball lol,Non-Disaster
I do not doubt it .  But it was his implicit statement in doing it that makes me want him flattened by a bus .  ,Non-Disaster
 @ KainYusanagi  @ Grummz  @ PixelCanuck and flattened raynor .   Raynor was a balding imperfect biker marine not a emo generic western hero . ,Non-Disaster
 @ SeanPeconi  @ Jason_Floyd  @ LynchOnSports  @ criscyborg I think the risk of losing and getting her nose flattened has a lot to do with it,Non-Disaster
Mum ' s literally just picked up her new car today and flattened the battery already trying to sort out the Bluetooth  ?   # Muppet,Non-Disaster
" @ tweetingLew  @ tersestuff 

Notley flattened Harper IN HIS Heartland
Harper Imported tens of thousands of TFW slaves COST ALBERTANS JOBS",Non-Disaster
 @ twilightfairy flattened frog ? ,Non-Disaster
Imagine getting flattened by Kurt Zouma,Non-Disaster
 ' the fallacy is it is up to the steam roller .  It is up to the object whether it will be flattened or not .  '   # RobertCalifornia  # thereisonlysex,Non-Disaster
Photo :  Beach Earrings Beach Jewelry Vacation Earrings Keep Calm and Beach On Earrings Made with Flattened .  ,Non-Disaster
100  1 '  MIX NEW FLAT DOUBLE SIDED LINERLESS BOTTLE CAPS YOU CHOOSE MIX FLATTENED  -  Full re  ,Non-Disaster
 @ bigburgerboi55 flat footballs !  ?  More like he flattened the Spartans from crushing them back in the day !   # HAIL,Non-Disaster
 @ SatanaOfHell ever seen by far .  A dreamy look came over his face and his ears flattened as he started to walk slowly toward her .  *  You ' d - ,Disaster
when fizzy is sitting in the regular flood seats  .  and no one knows who she is . ,Non-Disaster
JKL cancels Flash Flood Warning for Bell Harlan Knox  [ KY ]     # WX,Disaster
Spot Flood Combo 53 inch 300W Curved Cree LED Work Light Bar 4X4 Offroad Fog Lamp  -  Full re  ,Disaster
A  [ small ]  flood with bigconsequences  ,Disaster
Homecoming Queen Killed on Way Home from the Prom by Flood Waters !   # social news ,Disaster
2pcs 18W CREE Led Work Light  Offroad Lamp Car Truck Boat Mining 4WD FLOOD BEAM  -  Full rea  ,Non-Disaster
"It is been raining since you left me
Now I am drowning in the flood
You see I have always been a fighter
But without you I give up",Non-Disaster
 @ CreationMin  @ rwrabbit  @ GoonerAtheist  @ atheistic_1  @ LOLatJesus Yet still why did so many fish die in the worldwide flood ?  I wonder . ,Non-Disaster
And please do not flood poor  @ RobertBEnglund ' s mentions .  He is put in his work ! ,Disaster
 @ AtLarnxx but he DIDNT,Non-Disaster
12 '  72W CREE LED Work Light Bar Alloy Spot Flood Combo Diving Offroad 4WD Boat  -  Full read  ,Non-Disaster
 @ hellotybeeren cue the flood of people  ' ironically '  calling you that,Non-Disaster
Motors Hot Deals  # 452  >  >   10x 27W 12V 24V LED Work Light FLOOD Lamp Tractor Truck SUV UTV A ,Non-Disaster
85V - 265V 10W LED Warm White Light Motion Sensor Outdoor Flood Light PIR Lamp AUC  ,Non-Disaster
iembot_hfo  :  At 10 : 00 AM 2 NNW Hana  [ Maui Co HI ]  COUNTY OFFICIAL reports COASTAL FLOOD  #   )  ,Disaster
1 pair new 27w 4 '  '   ROUND LED Work Driving FLOOD Light Off - road ATV UTV  -  Full read by eBay  ,Non-Disaster
Internet basics :  the flood defective intertissue is soul mate the milk trench host :  GUAbxFv ,Disaster
BMX issues Areal Flood Advisory for Shelby  [ AL ]  till Aug 5 9 : 00 PM CDT ,Disaster
Flood Advisory in effect for Shelby County in AL until 9 PM  # Alabama Weather ,Disaster
RT grant_factory :   # grants  # funds Weymouth meeting on seawalls and flood grants set for Thursday night  ,Disaster
Flood Advisory issued August 05 at 4 : 28PM EDT by NWS   # WxKY,Disaster
"survived the plague
floated the flood
just peeked our heads above the mud
no one ' s immune
deafening bells
my god will we survive ourselves ? ",Non-Disaster
Flood Prone Waterways In Westchester County Now Eligible For Millions In State Aid  # NewYork  -  ,Disaster
Chinese rescue team arrives in Myanmar to help flood victims  Sittway ,Disaster
Flood Advisory issued August 05 at 7 : 10PM CDT until August 05 at 8 : 00PM CDT by NWS :   . THE URBAN AND  .    # weather,Disaster
ROCK SPRINGS  Residents living off Elk Street continue to battle flooding issues after Mondays rain storm .  While ,Disaster
Cuban leader extends sympathy to Vietnam over flooding at ,Disaster
Business at the Sponge Docks washed out by rain flooding :  ,Disaster
 @ Warlord_queen he thrusts a little more before he jams his cock deep inside her flooding her womb and pussy with his hot thick cum,Non-Disaster
Severe Thunderstorms and Flash Flooding Possible in the Mid - South and Midwest   # WEATHER  # ENVIRONMENT  # CLIMATE  # NATURE,Disaster
11 : 30a Radar Update :  Widespread Showers / Storms but moving over the same areas - minor flooding possible  # HUNwx ,Disaster
Tips to prevent basement leaks  -  Create control joints to eliminate random cracking .   # homeimprovement  # Flooding ,Non-Disaster
Flooding  ?  ,Disaster
 @ adorableappple No reported flooding po in the area .  Ten - 4 .   # mmda,Non-Disaster
Flooding kills 166 displace over one million in Pakistan  -  Daily News  &  Analysis   # yugvani,Disaster
Flooding kills 166 displace over one million in Pakistan  -  Daily News  &  Analysis ,Disaster
 # Laos flooding  - 10 villages underwater World Vision responding ,Disaster
 # floods  # ukfloods  -  British trekkers rescued amid flash floods in Himalayas :  A group of British tr .    -   # flooding,Disaster
 @ SlopeOfHope Maybe the plan is to dilute until they can safely say  ' We have to start charging or it is over '  .  Longs would come flooding in . ,Non-Disaster
ILL ONLY DM HOTEL INFO BECAUSE PEOPLE ARE FLOODING MY NOTIFICATIONS ASKING ME FOR INFO,Non-Disaster
"When the waves are flooding the shore
And I cannot find my way home anymore
That is when I look at you ",Disaster
If Flooding occurs in your home  -  How to stop mold growth via  @ ProudGreenHome ,Disaster
 Flooding of tracks caused derailment sa  # Indian Subcontinent  @ Indian Subcontinent ,Disaster
The Chinese are flooding NYC market like never before ,Non-Disaster
Obama Keeps 27 Iraqi Christian Asylum Seekers nDetention While Flooding U . S .  withUnscreened Muslims :   via  @ DCClothesline,Disaster
So grateful for all the support flooding in from  @ NetkiCorp dinner guests !  THANK YOU ALL !  ,Disaster
There some flash flooding in madison  # valleywx,Disaster
 @ themaine is it too soon to start flooding your comment section with  ' come to brazil '  comments ?  bc i will,Non-Disaster
And last year it was just a lot of  ' THE DRUMS ARE FLOODING '  and  ' JANICE I am FALLING ' ,Non-Disaster
 @ BBCEngland :  A burst water main causes major flooding at a Birmingham hospital   OMG . ,Disaster
Heavy Rainfall and Flooding in Northern  # VietNam  |  Situation Report No . 2  ,Disaster
 @ crabbycale OH MY GOD THE MEMORIES ARE FLOODING BACK,Non-Disaster
 # flood  # disaster Burst Water Pipe Floods Apartments at NYCHA Senior Center  -  NY1 :  NY1Burst Water Pipe Floods A .  ,Disaster
LRT LOOK AT ALL MY TOM FEELS FLOODING BACK,Non-Disaster
Myanmar :  MSF assisting thousands as worst flooding in decades hits parts of Myanmar ,Disaster
Residents in the central part of Ocean City heard from engineers about flood mitigation options Tuesday  # OCNJ .  ,Disaster
Wen I finally get the girl I want I am flooding yall wit all pics of us Rs tho,Non-Disaster
 @ kwislo I see her flooding at mad decent,Non-Disaster
Monsoon Flooding Kills Dozens In Myanmar Prompting Calls For Help  -  ,Disaster
Memorial unveiled for Travis County deputy killed in Sept .  flooding :  Travis County Sheriff Greg Hamilton joined ,Disaster
"Flooding kills 166 displace over one million in Pakistan 

At least 166 people have been killed and nearly 11 lakh",Disaster
Thankkk U all Soo much for Flooding my NotificationsU my Fella ParShOlics r Superb  &  Jus soo awesomeLove Love U All always  # FrvrGrateful  ? ,Non-Disaster
Slip Sliding Away  -  Flash Floods Info for Writers withTony Nester  @ SonoranRattler  # writingtips ,Disaster
"Who is bringing the tornadoes and floods .  Who is bringing the climate change .  God is after America He is plaguing her
 
 # FARRAKHAN  # QUOTE",Disaster
Myanmar Flooding :  Heavy monsoon rains during the month of July have caused flooding flash floods and landsli .  ,Disaster
In  # India 119000 people have taken shelter in the 966 relief camps the government has set up after the  # floods :    ,Disaster
 @ Stephen Harper do not worry I am sure climate has nothing to do with hail floods tornados in Alberta  &  Ontario .  I am sure god ' s just mad at you . ,Disaster
" @ ictyosaur I never thought it would be a wtf moment yet it is here after months of 90 degree heat
Next we will have flash floods . ",Disaster
Granted like half my town floods when it rains but still whatever,Disaster
 @ madonnamking RSPCA site multiple 7 story high rise buildings next to low density character residential in an area that floods,Non-Disaster
 @ Cyberdemon531 i hope that mountain dew erodes your throat and floods your lungs leaving you to drown to death,Disaster
Disaster group stunned by floods ,Disaster
there is this person  &  they reckon when you are dying your brain floods with dmt causing you to relive your life in real time in a simulation,Non-Disaster
Have you ever remembered an old song something you have not heared for years ?   words that carry floods of memories all along .   # priceless,Non-Disaster
Floods Fishing Finally Sunshine  &  Fab Deals from Albertsons Anniversary Sale  | Lauren Paints  |  a beautiful life ,Non-Disaster
 # flood  # disaster Bengal floods :  CM Mamata Banerjee blames DVC BJP claims state failed to use  .   -  Economic T .  ,Disaster
69 Dead Due to Floods in Myanmar :  Naypyidaw Aug 5  ( Prensa Latina )  The death toll rose today to 69 in Myanmar .  ,Disaster
Typhoon Soudelor approaches after 7 killed 2 missing in floods in Philippines  via  @ ABC 7 Chicago,Disaster
 @ casewrites when it rains in NJ it flash floods .  Otherwise its just a desert of grief and taxes . ,Disaster
Download  @  iTunes   ' Floods Of Glory '  by Luiz Santos  # jazz  # art  # Music,Non-Disaster
 @ ContactEnergy Yep .  During floods of 1999 or 2000  -  Clyde Dam releasing every bit of water it could .  Most speccy !   EV charging your way ? ,Disaster
Bamenda Floods Kill Animals Birds  -   ,Disaster
I hope it rains throughout the whole weekend I hope it floods and the portaloos become sentient . ,Non-Disaster
APC Chieftain Tasks Dickson On N15b Floods Donation To Bayelsa ,Disaster
PAGASA 7 : 12am :  YELLOW warning  -  Panay Island Guimaras Negros .  Possible floods in low - lying areas  &  landslides in mountainous areas . ,Disaster
RT :  40HourFamine :  In  # Bangladesh government has not declared floods an emergency .   # WorldVision will continue to m ,Disaster
Nearly 50 thousand people affected by floods in  # Paraguay  ?   ,Disaster
ETP Bengal floods :  CM Mamata Banerjee blames DVC BJP claims state failed to use relief funds :  Even as flood w .  ,Disaster
May Allah help all those suffering from the  # Pakistan floods !  You and your families are in our  # Dua,Disaster
Children in Myanmar face a  ' double catastrophe '  as floods hit the most  .  ,Disaster
love when drake floods instagram .  makes you feel real in tune with everything he did like you was there or sumn . ,Non-Disaster
69 die in Myanmar floods 250000 affected   |  ,Disaster
Typhoon Soudelor approaches after 7 killed 2 missing in floods in Philippines   # Typhoon,Disaster
Memphis always floods,Disaster
Floods cause damage and death across Asia  |  All media content  |    |  05 . 08 . 2015 ,Disaster
" > As soon as maintenance ends everyone floods the servers
 > Servers destroyed by extreme load
 > Maintenance starts anew",Non-Disaster
E1 . 1 . 2 Particulate = Break up of Solid Combust Fossil Fuel Voltaic Active Forest Fire Biological VOC = Petroleum CH4 Bacteria Decomposition,Disaster
BE CAREFUL anyone who lives west of Beaverton .  Forest Grove has a rapidly spreading fire heading east,Disaster
I added a video to a  @ YouTube playlist  Ori and the Bind forest ep 6  ' Fire and death ' ,Disaster
How is it one careless match can start a forest fire but it takes a whole box to start a campfire ? ,Disaster
Our little forest fire wardens ,Disaster
Fire in Pisgah National Forest grows to 375 acres ,Disaster
Ashenforest floorburnt manzanita  &  timber on Johnson Fire along ridge on Forest Road 1 .   # Route Complex ,Disaster
 @ Sweet2Young  - runs at her for setting my forest on fire and bites the shit out of her neck - ,Disaster
 @ hornybigbadwolf  - sets the forest on fire - ,Disaster
I liked a  @ YouTube video  J .  Cole  -  Fire Squad  ( 2014 Forest Hills Drive ) ,Non-Disaster
View of smoke column rising above the south end of the Blake Fire along Forest Road 1 .   # Route Complex ,Disaster
IT STARTS A FOREST FIRE THAT CANNOT BE PUT OUT .  ,Disaster
I had to grill for a school function .  One of the grills we had going was pretty much either off or forest fire .  No inbetween !  Made it work,Non-Disaster
5 : 15p For those who watch over me forest fire smoke has lifted  ' nuff f / me t / make a run t / the pet store on the hwy  ( N )  .  I will b / home by 7p . ,Disaster
We are having forest fires out here in  # socal but the only fire you should watch for is  @ YBTheProphet  # RealHiphop ,Disaster
U . S .  Forest Service firefighter David Ruhl 38 died in the  ' Frog Fire '  in the Modoc National Forest .  He had been temporarily reassigned,Disaster
USFS an acronym for United States Fire Service .  ,Non-Disaster
How is it one careless match can start a forest fire but it takes a whole box to start a campfire,Non-Disaster
Only you can prevent forest fires .   ?  ,Disaster
 # NaturalDisasters As California fires rage the Forest Service sounds the alarm about rising wildfire costs :   .   ,Disaster
Q :  Why do ducks have big flat feet ?  A :  To stamp out forest fires .  Q :  Why do elephants have big flat feet ?  A :  To stamp out flaming ducks . ,Non-Disaster
 @ gilmanrocks7 wow .  Where is this ?  For the rest of the summer I usually have to worry about forest fires .  Calgary is about 8 hours away . ,Disaster
As California fires rage Forest Service sounds the alarm about sharply rising wildfire costs  ,Disaster
A little concerned about the number of forest fires where I will be living,Disaster
 @ nycdivorcelaw TRUMP IS A CLIMATE DENIER -  algae bloom in the pacific from calif to alska -  seeweed in caribean forest fires -  SNOWBALL INHOFE,Disaster
The forest service now spends  > 50 %  of its budget fighting fires ,Disaster
Cartoon Bears .  Without them we would qave no knowlddge of forest fires or toilet paper . ,Non-Disaster
This is the first year the Forest Service spent more than half its annual budget on fighting fires .   # climatechange ,Disaster
As California fires rage the Forest Service sounds the alarm about rising wildfire costs ,Disaster
Reddit :   Lightning sparks new fires in Boise National Forest  / r / StormComing,Disaster
The spread of Conflict  # PalmOil has sparked an increase in fires destroying  # forest throughout  # Indonesia ,Disaster
Photo :  blue by  @ forest . fires source :   ,Disaster
I am about to cook your Smokey the Bear saving forest fires face ass  ,Non-Disaster
Forest fires  &  dying salmon :  time 2 act not deny .  Climate Change Nightmares Are  Here   # bcpoli  # canpoli  # vanpoli,Disaster
Tales of the  # trees  # deep water loving  # Lake Tahoe .  And no  # forest fires ,Non-Disaster
"8 - 5 - 2015  -  4 : 30 P . M .   -  Progress Being Made on Boise Forest Fires
 ",Disaster
A group of Florida Forest Service firefighters could be deployed to California to help contain fires .  Details at 10 !  ,Disaster
PRAY !  For EAST COAST FOREST FIRES !  PRAY !  That they be put out .  PRAY !  For RAIN ! ,Disaster
 @ BlueJays  @ Braves  @ Angels Instead of dumping water on yourselves please send it to British Columbia to help with the forest fires,Disaster
 # HeartDisease U . S .  Forest Service says spending more than half of budget on fires ,Disaster
 '  no pharrell  only YOU can prevent forest fires  '   ? ,Non-Disaster
CLIMATE CONSEQUENCES :  U . S .  Forest Service Says Spending More Than Half Of Budget On Fires  ,Disaster
U . S .  Forest Service says spending more than half of budget on fires ,Disaster
Property losses from northern California wildfire nearly double  via  @ YahooNews,Disaster
Inciweb OR Update :   Rogue River - Siskiyou National Forest Fires  8 / 5 / 15 12 : 00 PM  ( Rogue River - Siskiyou NF Area ,Disaster
Forest fires could delay  @ AbbyAirshow but officials say it could be a good thing ,Disaster
U . S .  Forest Service says spending more than half of budget on fires :  By Ian Simpson ,Disaster
"Campsite recommendations 
Toilets  / shower 
Pub 
Fires 
No kids 
Pizza shop 
Forest 
Pretty stream 
No midges
No snakes
Thanks  ? ",Disaster
When ur friend and u are talking about forest fires in a forest and he tells u to drop ur mix tape out there .   # straightfire,Disaster
Firefighting consumes Forest Service budget sparks political clash :  Forest Service report cites increasing cost of ,Disaster
"GREAT MICHIGAN TECHNIQUE CAMP
B1G THANKS TO  @ bmurph1019 
 @ hail_Youtsey  .   @ termn8r13 
 # GoBlue  # WrestleOn ",Disaster
 # np Avenged Sevenfold  -  Hail To The King,Non-Disaster
All Hail Shadow  ( Hybrid Mix Feat .  Mike Szuter )  :    @ youtube  # youtube,Disaster
 @ tremblayeh we like big hail and we cannot lie !   # SirMixAlot,Non-Disaster
LZK issues Severe Thunderstorm Warning  [ wind :  60 MPH hail :  0 . 75 IN ]  for Sharp  [ AR ]  till 8 : 15 PM CDT    # WX,Disaster
Two great  ' dawgs '  Dak and Jak  !   HAIL STATE  !  ,Non-Disaster
Strong Thunderstorm 4 Miles North of Arkansas Moving SE At 25 MPH .  Large Hail and Wind Gusts Up to 50 MPH Poss .   # Arkansas Weather ,Disaster
RNK issues Severe Thunderstorm Warning  [ wind :  60 MPH hail :  1 . 00 IN ]  for Rockingham Stokes  [ NC ]  till Aug 5 10 : 00 PM EDT  ,Disaster
Thank you so so much to everyone for posting the rain and hail outside  .  I had no idea guys  ? ,Non-Disaster
 @ chojo everyone hail to the pumpkin king ! ,Non-Disaster
Cue storm with massive wind and hail !  Now a power outage  @ WXII in Davidson County . ,Disaster
 @ HeySeto Enjoy !  Hopefully there will be no epic hail storms where you are going ! ,Non-Disaster
All Hail Lady Cheryl !  24 Reasons You Should Be Obsessed With Cheryl Cole ,Non-Disaster
 @ KMacTWN  @ meaganerd Looks like a bowl of weather cereal .  New !  Kellogg ' s Sugar Hail !  Stays crunchy even in milk . ,Non-Disaster
Hail Mary Full of Grace The Lord is with thee .  Blessed art thou among women and blessed is the fruit of thy .  ,Non-Disaster
Seen on Fahlo :  # WCW All Hail the Queen ?    # MTV Hottest Justin Bieber ,Non-Disaster
 @ modnao23 the hail is ruining everything .  Plus my car I have not even gotten yet .  Have yet another killer migraine and I lost my glasses .   ? ,Disaster
 @ FaZe_Rain all hail the Cloud,Non-Disaster
New warning for Central Hills 1 '  hail 60 mph winds .  NOT affecting Sturgis but could later tonight .   # KOTA Weather ,Disaster
 @ Hail_Zel man you kno I am there  ! ,Non-Disaster
Hail !   [ pic ]   ,Non-Disaster
Heavy rain and lightning overhead in Oakridge SW Calgary  -  at least it will melt the hail .  # Calgary Storm  # ABStorm,Disaster
 @ HeyItsEpark heavy rain and hail,Disaster
 @ weather network here comes the hail ! ,Disaster
 @ Flow397 Coming atcha from Boston .  Had golfball sized hail yesterday sunny amazing skies today !   # ParkChat,Non-Disaster
Central Mass .  fruit trees escape heavy damage after wind hail ,Disaster
UNR continues Severe Thunderstorm Warning  [ wind :  60 MPH hail :   <  . 75 IN ]  for Weston  [ WY ]  and Custer Fall River Pennington  [ SD ]  till 7 : 15 P,Disaster
Kevin Tan says hail to the chefs  -   and Green Pastures which features sustainable and organic cooking .  ,Non-Disaster
Hail The New Caesars !   ,Non-Disaster
Calgary pounded with hail on second day of storms ,Disaster
 @ DarkNdTatted pull up Holmes ! ,Non-Disaster
Hi - Res Doppler showing storm just NE of Edmond is now severe with 1 . 25 '  hail and 60mph wind possible .   # Oklahoma City Weather ,Disaster
UNR issues Severe Thunderstorm Warning  [ wind :  60 MPH hail :  0 . 75 IN ]  for Weston  [ WY ]  and Custer Fall River Lawrence Meade Pennington  [ S,Disaster
Well so much for outdoor postering  @ calgaryfringe  # mothernature  # hailstorm  # rain  # yycfringe  # KILLHARD,Disaster
 @ Haley_Whaley Hailstorm Hey There is a Secret Trick to get 375 . 000 Gems Clash ofClans check them now on my Profile,Non-Disaster
Nice job Calgary transit  !  ,Non-Disaster
Freak  # Boston  # hailstorm produces a hailstorm of business  .  for auto - body repair specialists .   @ PeterHoweNECN 6 : 30 / 8 : 30 TONIGHT  @ necn,Disaster
OMG NIXON LIVES !  That is Richard M .  Nixon Tricky Dicky right there in the picture is not it .  Hiding in Calgary he .  ,Disaster
Hail : The user summons a hailstorm lasting five turns .  It damages all Pokemon except the Ice type . ,Non-Disaster
Calgary news weather and traffic for August 5  *  ~ 90  ,Non-Disaster
 @ AdriaSimon_ :  Hailstorm day 2 .   # round2  # yyc  # Calgary Storm ,Disaster
~ More wicked weather rolls through Calgary and surrounding areas  ,Disaster
Gotta love  # summer in  # Calgary .   # yyc  # hailstorm  # crazyweather ,Disaster
Severe weather and a rare hailstorm pummel Boston  -  ,Disaster
We The Free Hailstorm Maxi ,Disaster
Those that I have sworn to defend have proven themselves to be friends of the House Hailstorm . ,Non-Disaster
Twin Storms Blow Through Calgary ~ 1  ,Disaster
Summer heat drives bobcats to Calgary backyards ~ 35  ,Disaster
Ready for my close up .  Errrr nope !   # notgoingoutinthat  # hailstorm  # alberta  @ HellOnWheelsAMC  @ HoW_fans  @ TalkingHell ,Disaster
IG :    ' It is hailing again !   # Alberta Storm  # yyc  # hail  # hailstorm  # haildamage  # Calgary Weather  # calgary  # captureyyc  # alberta  # sto,Disaster
Summer heat drives bobcats to Calgary backyards ~ 3  ,Disaster
Sadly the tent fly did not survive this hailstorm and now I have tears in the roof and water in the tent .   Only .  ,Disaster
This was Boston yesterday after an intense hailstorm  [ X - Post from  / r / cityporn ]   [ 4608ÌÑ2474 ]   (   ,Disaster
My favorite text ,Non-Disaster
"Canada :  Hailstorm flash flooding slam Calgary knocks out power to 20k customers
 ",Disaster
If you are gonna take a break at work .  you gotta do it right !   # CarlilesCanoeLivery  # LoveMyJob ,Non-Disaster
Severe hailstorm in progress over Northeast Logan County .   # cowx ,Disaster
 @ CouncilSCC it does say hailstorm,Disaster
"This is why I am scared to leave my car under trees in a storm

 # Jamaica Plain  # boston  # hailstorm ",Disaster
Calgary news weather and traffic for August 5  *  ~ 45  ,Non-Disaster
The Stephen Ave flower pots got a little ripped up in the hailstorm today  # yyc  # Alberta Storm  # calgary  # iamdowntown ,Disaster
Grow Calgary avoids worst of city ' s wicked weather  *  ~ 16  ,Disaster
Photo :  This is why I am scared to leave my car under trees in a storm  # Jamaica Plain  # boston  # hailstorm .  ,Disaster
Calgary Transit reviewing policy after leaving hundreds of commuters stranded during hail  ,Disaster
600 passengers abandoned at LRT station during Tuesday ' s hailstorm   # yyc  # Calgary Storm  # Alberta Storm,Disaster
Quality Metrics Penalties May Harm Patient Care PCPs Say :  Primary care physicians generally hold positive vi .  ,Non-Disaster
 @ tareksocal I think a lot of celebrities have to treat ppl as if they could harm them,Non-Disaster
"sticks and stones may break my bones
but words will never harm me",Non-Disaster
i swear to god if anyone tries to harm my cupcake I will fucking hunt you down to the end of the earth  # Harry Be Careful,Non-Disaster
Vanderbilt :  First Do No Harm ,Non-Disaster
 @ leedsrouge Love what you picked !  We are playing WORTH IT by FIFTH HARM / KID INK because of you !  Listen  &  Vote :  ,Disaster
IMAGINE A DOCTOR TREATING AN  # EBOLA PATIENT WITHOUT EVER PLACING HIMSELF IN HARM ' S WAY .  ,Disaster
 ' But right now you are only annoyed by them .  If you actually hung out with them You would see that they mean no harm .  '   @ AudaciousSpunk,Non-Disaster
I have burned myself before not in the self harm way in the I am a dumbass and I should not be allowed to be around fire way,Non-Disaster
I concur .  The longer you spend with your child the more harm ?   Mmk ,Non-Disaster
PEOPLE KEEP NOT TAGGING SELF HARM AND IT ' S FUCKING ME UP,Non-Disaster
 @ dinallyhot Love what you picked !  We are playing WORTH IT by FIFTH HARM / KID INK because of you !  Listen  &  Vote :  ,Non-Disaster
I do not pray harm on members of ISIS . I pray they experience the life - rebooting love of God  &  become  ' Paul ' s '  in Gods mind - blowing final Act,Non-Disaster
Are the safety improvements being made to Route 198 in Buffalo doing more harm than good ?  ,Non-Disaster
Is inner man wayward on route to harm spent replacing online surveys ?  :  qZLOreMfT,Non-Disaster
If anything happens I will fucking fly 2 MetLife which is 3 hours away from me & beat d crap out of any1 who tries 2 harm d boys  # OTRATMETLIFE,Non-Disaster
You can never escape me .  Bullets do not harm me .  Nothing harms me .  But I know pain .  I know pain .  Sometimes I share it .  With someone like you . ,Disaster
How standardized tests harm children of color and what we can do about it  Via  @ ParentsAcrossAm cc :   @ billgates,Non-Disaster
For I know the plans I have for you declares the Lord plans to prosper you and not to harm you plans to .  ,Non-Disaster
 @ lauren_miller_7 she will not harm you,Non-Disaster
 @ angel_star39 Obama should feel responsible bringing in these illegals He -  his family well protected from harm .  No feeling or heart 4 others,Non-Disaster
I have been meaning to harm you in the best way I see fit ? ,Non-Disaster
 @ VileLunar I trickshot with a regular controller fucking infinite fading is so harm  >  :  ( ,Non-Disaster
Sex Workers Say Credit Card Bans On Online Ads Do More Harm Than Good ,Non-Disaster
HOW CAN SOMEONE HARM THIS ANGEL !   ,Non-Disaster
IF ANYONE WERE TO HARM THE BOYS THEY WOULD GET TAKEN DOWN IMMEDIATELY NOT BY SECURITY BUT BY THE FANS REAL QUICK,Non-Disaster
"SO MANY SECURITY GARDS THIS IS GOOD .  
I DARE THEM TO LET SOMEONE HARM HARRY  # OTRAMETLIFE",Non-Disaster
someone just reblogged a picture of self harm scars oh please its 2015 can we stop,Non-Disaster
 @ wowsavannah what is the harm ?  they are collectibles,Non-Disaster
Interview with Actor Randy Irwin A . S . K What Could Be The Harm ,Non-Disaster
 @ 5hvzlaRadio Love what you picked !  We are playing WORTH IT by FIFTH HARM / KID INK because of you !  Listen  &  Vote :  ,Non-Disaster
All I got in this world is my bros I do not wanna see no harm come they way Ima lil upset right now  ? ,Non-Disaster
 @ wwexdreamer talk to please do not harm your self in any way shape or form please we care about you and if I saw U right now U better,Non-Disaster
 @ malistkiss Sunnis continue to believe they are more righteous and they continually harm Shias .  Defeats the ideals of Islam . ,Disaster
 @ news4buffalo yes a lot more harm then good if there are guardrails up now why cant we go 50 .  Their will be a big problem when school starts,Non-Disaster
 @ space_wolverine No harm no foul and somebody needed to say it . ,Non-Disaster
 @ TasteMyCupCakee lmfaooo  hell nawh  ?  yo ass thought  ? ,Non-Disaster
self harm /  /  I am so angry please tag your scars on tumblr jesus christ i dont wanna get triggered,Non-Disaster
 @ RJG0789 idk . I feel like his movies have done more harm than good .  They make us look sterotypical annddd colorism is prevalent sort of,Non-Disaster
Quality Metrics Penalties May Harm Patient Care PCPs Say  -  Primary care physicians generally hold positive views .  ,Non-Disaster
Politicians are using false allegations to attack  # Planned Parenthood  &  harm women .  We are not fooled we  # Stand with planned parenthood ,Non-Disaster
 @ ClassyColkett Thorgan Hazard made his move permanent go Gladbach this summer laughing my ass off,Non-Disaster
 # Lifestyle It makes me sick :  Baby clothes deemed a hazard  ,Non-Disaster
 @ LongBreastYat Yeah I do not think he is elite either I think Hazard is the better player too .  But not by much,Non-Disaster
Choking Hazard Prompts Recall Of Kraft Cheese Singles ,Disaster
Seeing Hazard without the beard like .  ,Non-Disaster
Get that hazard pay,Non-Disaster
I liked a  @ YouTube video from  @ chaboyyhd  Battlefield 4 Funny Moments  -  Dukes of Hazard Undercover Soldier,Non-Disaster
 @ phiddleface NOT IF THERES A CHOKING HAZARD !   ?  dont die before i get there ! ,Non-Disaster
Road Hazard  @  CASCADE RD SW  /  CHILDRESS DR SW ,Non-Disaster
Road closures remain in effect due to hazard trees falling tree torching and uphill runs of the fire .  Forest Service Road  # 1 remains close,Disaster
So now that Di Maria has left my dear  # mufc  back to the Hazard - Di Maria argument .  I would say Hazard is way better  ?  idc,Non-Disaster
Davis ' s Drug Guide for Nurses by Judith Hopfer Deglin and April Hazard Vallerand  ,Non-Disaster
The Eden Hazard of Hockey ,Non-Disaster
CONFIRMED :  Sanchez Hazard and Bolasie will be out for the rest of the season .  ,Disaster
 @ ThatPersianGuy  @ YOUNGSAFE  ?  Eden Hazard as Harden is spot on flopping is identical,Non-Disaster
I rate Hazard very highly but his fanboys are among the worst accounts on Twitter . ,Non-Disaster
 @ DannyRaynard not bad personally I would get rid of either hazard or aguero for a better striker than berahino,Non-Disaster
BREAKING :  Arsenal ' s Hector Bellerin has been arrested for questioning regarding the disappearance of Eden Hazard .  ,Non-Disaster
Freak accident ?  Sure .  Looking for someone to blame ?  Maybe .  Remember that player broke his leg cuz cart was at back of end zone ?  Common sense,Non-Disaster
"December 2011 court dismissed the group charge of rape victims saying  ' getting raped was an occupational hazard .  !  ' 

US military  =  ISIS ! ",Non-Disaster
95 - 03 BMW 528 530 540 740 Emergency Warning Hazard Switch Button OEM 20177 - 707D  ,Non-Disaster
Kenya News  ( Chelsea talisman Eden Hazard keen to match Cristiano Ronaldo and Lionel Messi .  )   Mipasho ,Non-Disaster
 ' Biggest lead hazard in New England history .  '  Yeah let us nail these guys .  ,Non-Disaster
 @ Dead_Dreamer15  . because if it were on fire that ' d be a safety hazard,Disaster
Precious cargo onesie recalled for choking hazard .  ,Non-Disaster
 @ TomDean86 he is alright but Hazard / Willian am not gonna be shifted easily . ,Non-Disaster
2015 - 08 - 06 @ 1 : 32 PM :  HAZARD IN HIGH TRAFFIC AREA at 5000 DEANS BRIDGE RD ,Disaster
Battlefield 4 Funny Moments  -  Dukes of Hazard Undercover Soldier MAV T .   via  @ YouTube,Non-Disaster
 @ London Fire Hi  . Is there an email that people can use to report s ' thing they think is a fire hazard / dangerous ? ,Disaster
"Our tipster previews Chelsea v Swansea  &  there is a 48 / 1 double !   
 # Chelsea  # Hazard ",Non-Disaster
 @ Ariana Grande  Girl you still lickin '  public donuts ?   Health hazard . u should be in jail . ,Non-Disaster
Fair enough we have two of the best attacking wingers in the Prem in Hazard and Willian who will basically start every game 100 % ,Non-Disaster
2015 - 08 - 06 @ 1 : 08 PM :  HAZARD IN HIGH TRAFFIC AREA at 1500 WRIGHTSBORO RD ,Disaster
Wholesale  # WE Gon Rep That  $ hit At All Costs -  Hazardous  # WholeTeam3  # WholesaleEnt ,Non-Disaster
I - 10 EB at MS line update :  Offloading the hazardous material is going much slower than expected .  Road could stay closed until tomorrow AM . ,Disaster
 # Taiwan Grace :  expect that large rocks trees mud unstable and / or saturated land may slide  . very hazardous in hilly / mountain areas . ,Disaster
DLH issues Hazardous Weather Outlook  ( HWO )  ,Disaster
JAX issues Hazardous Weather Outlook  ( HWO )  ,Non-Disaster
 Risk Assessment and Optimization for Routing Hazardous Waste Collection  # sustainable environmental,Non-Disaster
JAX issues Hazardous Weather Outlook  ( HWO )     # WX,Disaster
 @ igmpj are not dangling piercing crystals potentially hazardous to the eyes ?   :  ) ,Non-Disaster
 # food scare  # offers to go  # Nestle India slips into loss after  # Magginoodle  # ban unsafe and hazardous for  # human consumption,Disaster
 # what  # tribal Olap  # world pres :   How To Recognize A Hazardous Waste And The Multidimensi ,Non-Disaster
Skinny Jeans are Hazardous for Your Health !   # social news ,Disaster
From recycling to only using non - hazardous chemicals Holland 1916 continually strives to maintain an eco - friendly existence . ,Disaster
 # dam  # gms Olap  # world pres :   How To Recognize A Hazardous Waste And The Multidimensional ,Disaster
Never fear quarrels but seek hazardous adventures .  ,Non-Disaster
09 : 13 PM :   Hazardous Weather Outlook  (  )  :  NO HAZARDOUS WEATHER IS EXPECTED AT THIS TIME .  ,Non-Disaster
JKL issues Hazardous Weather Outlook  ( HWO )     # WX,Disaster
 @ HearItFromPa Also pls help us with our campaign to warn the public about the hazardous keratin treatments .  The Brazilian Blowout COPYCATS . ,Non-Disaster
MEG issues Hazardous Weather Outlook  ( HWO )     # WX,Disaster
 @ HearItFromPatty Also pls help us with our campaign to warn the public about the hazardous keratin treatments .  The Brazilian Blowout COPYCATS,Non-Disaster
Caution :  breathing may be hazardous to your health . ,Disaster
Is it possible to sneak into a hospital so I can stab myself with a hazardous needle and inject some crazy disease into my veins until I die,Non-Disaster
 @ TheBlackshag  @ dannyoneil too toxic . cancer . disease . hazardous waste . noxious . ,Disaster
MEG issues Hazardous Weather Outlook  ( HWO )  ,Disaster
It is getting to be hazardous getting into this world alive .  ,Disaster
 @ Josh_LaDo Not tweeting and driving Joshua .  Typos are hazardous . ,Non-Disaster
 EverSafe Emergency Auto Kit for all Weather Unsafe hazardous rush - hour gridlock jumper - ca ,Disaster
MTR issues Hazardous Weather Outlook  ( HWO )  ,Disaster
HAZARD  -  HAZARDOUS CONDITION at SB I5 FWY AT  /  SW TERWILLIGER BLVD PORTLAND OR  [ Portland Police  # PP15000266858 ]  17 : 26  # Portland Police,Disaster
 # psd  # special Olap  # world pres :   How To Recognize A Hazardous Waste And The Multidimensi ,Disaster
DLH issues Hazardous Weather Outlook  ( HWO )     # WX,Disaster
RT  @ startelegram :  Homeless vulnerable during North Texas heat wave  ,Disaster
 @ rawfoodbliss I am in the middle of a humid heat wave and a patch on my forehead flared up .  I take olive oli extract and 4 tbs olive oil,Non-Disaster
Heat Advisory is In Effect From 1 PM Through 7 PM Thursday .  A Building Heat Wave and Increasing Humidity .   # lawx ,Disaster
"Many thx for share and your comment Alex Lightman  -  

What evidence did it take or will it take for you or your .  ",Non-Disaster
Apocalpytic Iran Heat Wave Nearly Breaks World Record ,Disaster
Japan Heat Wave Intensifies  Death Toll Surges To 55  ,Disaster
 @ heebsterrr_ I remember the heat wave the year I went bruh and they do not have AC  ? ,Non-Disaster
" @ WaseemBadami Condemning of Deaths More than 1000 due to Heat Wave in Karachi .  
May Allah gv Patience to their Heirs .  ",Disaster
Something Frightening is Happening to the Weather in the Middle East ,Disaster
 @ creationsbykole cork city in Ireland . we got to 17 degrees today . that is a heat wave for us haha,Disaster
 @ hollywarnexx mini heat wave apaz,Disaster
Arnhem Weather  -   < p > An unrelenting and dangerous heat wave will expand across the South Central United States ,Disaster
"UAE cool to Mideast heat - wave ;  rain watch latest  [ video ] 
NCMS issues warning of thundering rain poor visibility .  ",Disaster
 @ KlaraJoelsson Well I have seen it now !  That is a bummer .  We have had this heat wave tho .  43 ' c !  I would prefer the rain .   : P,Disaster
It is a heat wave .   # Squad  # RevItUp  # PizzaRev ,Disaster
 # Jackson  # ms Longest Streak of Triple - Digit Heat Since 2013 Forecast in Dallas ,Disaster
Must Read Forecast !  Longest Streak of Triple - Digit Heat Since 2013 What happens next ?   ,Disaster
 @ wfaaweather Pete when will the heat wave pass ?  Is it really going to be mid month ?  Frisco Boy Scouts have a canoe trip in Okla . ,Disaster
NOT .  Ready for this heat wave  .  I do not want the sun to come back out .  I am enjoying this break of cooler temps . ,Disaster
It is kinda cool tonight .  Is the heat wave finally over ?   ?  7amdollela 3la kulli 7aal,Disaster
Heat wave is ending !  Watching a big area of rain though . will impact part of the area .  Details NOW on NBC10 at 5pm,Disaster
 @ rachelcaine The weatherit needs to make it minds up .  First snow tornadoes now would you say a heat wave ? ,Disaster
Chilli heat wave Doritos never fail ! ,Non-Disaster
Heat wave in WB heavy losses and no compensations  ( report )   -     ( via PalinfoEn )     # Palestine,Disaster
Heat wave adding to the misery of internally - displaced Gazans  via  @ PressTV ,Disaster
Cherry print  +  matching lipstick  ( just rediscovered Nars Heat Wave )  .  ?  by  @ emilyschuman ,Non-Disaster
Longest Streak of Triple - Digit Heat Since 2013 Forecast in Dallas :  An unrelenting and dangerous heat wave will .  ,Disaster
Heat wave gotta be over 9000 today,Disaster
 @ Startide It is hotter there than Phoenix this week with 3x the humidity .   >  .  >  Heat wave . ,Non-Disaster
 # great british bake off love to know where I was when all this nice weather happened !  Did miss the heat wave  ?   ? ,Non-Disaster
 @ kristenKOIN6 Yay good cooler weather for PDX . ABQ NM is feeling the heat wave now bcuz my rain dances are not working  :  -  ) ,Non-Disaster
Longest Streak of Triple - Digit Heat Since 2013 Forecast in Dallas  ,Disaster
Have you heard 05 LOVE TO LOVE YOU . HEAT WAVE VOL 5 by George deejayempiresound on  # SoundCloud ?   # np ,Non-Disaster
weather warfare Follow the Money This Government Is What Our Founding Fathers Were Warning Us About The Weather .  ,Disaster
Orchid  -  Sign Of The Witch ,Non-Disaster
"day 3 without my phone and due to my slow shite computers it is utter hellfire  :  '  ( 
Plez send help",Non-Disaster
The Prophet  ( peace be upon him )  said  ' Save yourself from Hellfire even if it is by giving half a date in charity .  ' ,Non-Disaster
Hellfire is surrounded by desires so be careful and dont let your desires control you !   # Afterlife,Non-Disaster
 @ DeeDee_Casey been on tour in the day to Hellfire caves !  Would love to investigate the place though ! ,Non-Disaster
Beware of your temper and a loose tongue !  These two dangerous weapons combined can lead a person to the Hellfire  # islam ! ,Non-Disaster
HELLFIRE EP  -  SILENTMIND  &   @ _bookofdaniel  ,Non-Disaster
 # Allah describes piling up  # wealth thinking it would last  # forever as the description of the people of  # Hellfire in Surah Humaza .   # Reflect,Non-Disaster
Hellfire !  We dont even want to think about it or mention it so let us not do anything that leads to it ! ,Non-Disaster
Hellfire is surrounded by desires so be careful and dont let your desires control you !   # Afterlife  # islam,Non-Disaster
 @ IAN_Hellfire you said it is rude based on an experience .  Kind of a next level sub tweet in a way lol .  Either way you got worked up,Non-Disaster
 @ JYHeffect my good you stay in NY ?   ? ,Non-Disaster
 @ HellFire_eV  @ JackPERU1 then I do this to one of them  ? ,Non-Disaster
 ( Also I dont think sewing thought a leather belt would work out that well lol ) ,Non-Disaster
 @ IAN_Hellfire I got it for the mistake but boss got it worse cause their job was to oversee my work .  Boss did not change after that . ,Non-Disaster
That hellfire song from the hunchback of notre dame reminds me a lot of my house,Non-Disaster
the message you sent and they do not reply .  I see that you saw my message the least you can do is tell me to  ' fuck off '  or something . ,Non-Disaster
Hellfire !  We dont even want to think about it or mention it so let us not do anything that leads to it  # islam ! ,Non-Disaster
New cocktail on the list !  El Diablo Mas Verde :  mezcal yellow chartreuse honey cucumber hellfire bitters .  ,Non-Disaster
 @ gg_keeponrockin  @ StrawberrySoryu Oh okay I just got the message twice and got suspicious .  Sorry .   I will check it out ! ,Disaster
Fel Lord Zakuun is about to DIE  !   # Hellfire  # WOD ,Disaster
Hellfire Gargoyle Hoof coil ,Non-Disaster
 @ MechaMacGyver Wow bet you got blamed for that too huh ? ,Non-Disaster
 @ IAN_Hellfire again not really .  Do you have any idea how many times i have been ignored for fadc .  You cannot expect anything . ,Non-Disaster
 @ USArmy has entered into the  # JAGM project to replace  # TOW and Hellfire missiles .  Check it out here :  ,Non-Disaster
Tension In Bayelsa As Patience Jonathan Plans To Hijack APC PDP  -  ,Disaster
" # Gamer Gate  ' Our entire attempt to hijack your community destroy your industry and scam everyone in sight was just sarcastic '  . 

Drop dead . ",Non-Disaster
Bayelsa poll :  Tension in Bayelsa as Patience Jonathan plans to hijack APC PDP :  Plans by former First Lady and .  ,Disaster
 @ dreamoforgonon  @ TeeEss not to hijack but as a bona fide cislady I can confirm this as true ;  incidental homosexuality  =  /  =  gay / bi for women . ,Disaster
0 - day bug in fully patched OS X comes under active exploit to hijack Macs ,Non-Disaster
0 - day bug in fully patched OS X comes under active exploit to bypass password  .   -  Ars Technica ,Non-Disaster
REVEALED :  Everton hijack United bid for 14 - year - old WONDERKID !   -  ,Non-Disaster
I have just posted on my Blog about :  Criminals Who Hijack Lorries And Buses Arrested In Enugu  ( PHOTO )  ,Disaster
Criminals Who Hijack Lorries And Buses Arrested In Enugu  ( PHOTO )   @ DONJAZZY  @ PoliceNG  # HumanRights  ,Disaster
Criminals Who Hijack Lorries And Buses Arrested In Enugu  ( PHOTO )  ,Disaster
Tension In Bayelsa As Patience Jonathan Plans To Hijack APC PDP  ,Disaster
Plans by former First Lady and wife of ex - President Goodluck Jonathan Dame Patience Jonathan to hijack the All .  ,Disaster
 @ mockingpanems  @ cuddlesforjen what if he slammed her against the wall for the wrong reason but then he came out of hijack mode and it,Non-Disaster
Patience Jonathan On The Move To Hijack APC In Bayelsa State  ,Disaster
Criminals Who Hijack Lorries And Buses Arrested In Enugu :  According to the Nigerian Police Force .   Via  @ Music212,Disaster
Patience Jonathan On The Move To Hijack APC In BayelsaState ,Non-Disaster
Swansea  ? plot hijack transfer move for Southampton target Virgil van Dijk ?  ,Non-Disaster
Jeep Cherokee Owners File Lawsuit Against Fiat Chrysler Harman After Hackers  .   -  The Consumerist   # mcgsecure,Non-Disaster
 {  : en } Tension In Bayelsa As Patience Jonathan Plans To Hijack APCPDP {  :  }   ,Disaster
Swansea plot hijack transfer move for Southampton target Virgil van Dijk ,Disaster
 @ welshninja87 click on the tag there is lots of them .  RT them to hijack the hashtag,Non-Disaster
"Another Mac vuln ! 

",Non-Disaster
 [ Latest Post ]  Bayelsa poll :  Tension in Bayelsa as Patience Jonathan plans to hijack APC PDP ,Non-Disaster
 # LatestNews :  Tension In Bayelsa As Patience Jonathan Plans To Hijack APC PDP,Disaster
Stay cautious .  ,Non-Disaster
 @ RickyBonesSXM fuck u2 specially there new Shit .  First they hijack itunes now all sirius chan .  fuck off already haha just sayin,Non-Disaster
Bayelsa poll :  Tension in Bayelsa as Patience Jonathan plans to hijack APC PDP Plans by former First Lady and .  ,Non-Disaster
 @ jasoncundy05 Chelsea need to hijack Man Utd deal for Pedro . 20 mill bargain Adam driving home in Oregon USA cmon blues ! ,Non-Disaster
Governor Allows Parole for School Bus Hijacker  live leak fun  ?  ,Disaster
Governor allows parole for California school bus hijacker who kidnapped 26 children in 1976 .   ,Disaster
Gov .  Brown allows parole for 1976 Chowchilla school bus hijacker James Schoenfeld .   ,Non-Disaster
Remove the  and Linkury Browser Hijacker  ,Disaster
San Jose Mercury :  Governor Brown allows parole for California school bus hijacker  ,Non-Disaster
The Hijacker - Turned - SAT - Tutor Who Evaded Authorities for Three Decades  via  @ slate,Disaster
Governor Allows Parole for School Bus Hijacker ,Disaster
Governor Allows Parole for School Bus Hijacker  via  @ nbcnews I remember this crime sent chills through parents,Disaster
School Bus Hijacker Given Parole After 39 Years ,Disaster
How to remove  BrowserHijacker  ,Non-Disaster
Complete Solution to Get Rid of    [ Browser Hijacker Removal Guide ]  !   -  ,Non-Disaster
Medieval airplane hijacker testa :  earnings the distinction divers :  HtaRvrGLY,Disaster
Governor allows parole for California school bus hijacker  |  Fresno Linked Local Network  ,Non-Disaster
California School Bus Hijacker Parole Stands   # sacramento,Disaster
Governor allows parole for California school bus hijacker :  Local .   ,Disaster
Hijacker cops back in the dock  -   ,Disaster
Governor weighs parole for California school bus hijacker  ,Non-Disaster
RT Not Explained :  The only known image of infamous hijacker D . B .  Cooper .  ,Non-Disaster
Governor allows parole for California school bus hijacker   # fresno,Disaster
 @ Mauds99  @ JagexSupport  Change password through that link it will kick the hijacker off . ,Non-Disaster
 @ JagexHelpDibi update JAG enabled but a hijacker has access might be what I was looking for .  Fingers crossed . ,Non-Disaster
Demco 8550013 Hijacker 5th Wheel Hitch 21K Ultra Series Double Pivot  ,Non-Disaster
Medieval airplane hijacker hard shell :  casting the star deviating :  dYxTmrYDu,Disaster
How to Remove Softenza Hijacker ?  Softenza Anthelmintic Nature book Drawing out Help SEA,Non-Disaster
Governor allows parole for California school bus hijacker  -  Santa Cruz Sentinel ,Disaster
The Murderous Story Of Americas First Hijacking ,Disaster
 @ ladyfleur The example I used is even worse in that it is a cafe trying to market itself withhashtag hijacking . ,Non-Disaster
 # hot  Funtenna :  hijacking computers to send data as sound waves  [ Black Hat 2015 ]    # prebreak  # best,Non-Disaster
The Murderous Story Of Americas First Hijacking :  Earnest Pletchs cold - blooded killing of ,Disaster
Hijacking Electric Skateboards to Make Them Safer  |   @ scoop . it ,Non-Disaster
Good Samaritans shot in horror hijacking  JOHANNESBURG .   & mdash ;  Four men were shot dead in Bronville Free State ,Disaster
The ship has arrived safely .  So it was quite unnecessary to sign the waiver that we will not sue Microsoft if any hijacking occurred . ,Non-Disaster
 @ USA government Koreans are performing hijacking of the Tokyo Olympic Games . ,Disaster
Vehicle Hijacking in  Vosloorus Gauteng on 2015 - 08 - 05 at 23 : 00 White Toyota Conquest  BKB066GP ,Disaster
 @ Drsarwatzaib070 come on .  IK will face MCourt for attacking parliment and hijacking TV station . ,Disaster
to whomever is hijacking my wifi hotspot .  I have a very specific skill set .  I will create a character and perform a one - man show about you,Non-Disaster
Good Samaritans shot in horror hijacking   # 263Chat  # Twimbos ZimpapersViews,Disaster
"Mom is hijacking my account to earn MCR STATUS !   Get your own account snort !   
  # FlavorChargedTea",Non-Disaster
Egyptian Militants Tied to ISIS Threaten to Kill Croatian Hostage  ( New York Times )    ( 1717 GMT ) ,Disaster
Ransomware holds B . C .  mans computer files hostage :  A virus locked Andrew Wilson ' s family photos and other ,Non-Disaster
I always tell my mom to bring me food or I will hold her cat hostage ? ,Non-Disaster
That moth that held me hostage yesterday has been chilling on the bathroom windowsill all day and I am not okay with this,Non-Disaster
Islamic State group threatens to kill hostage if Muslim women arent let go  -   . ,Disaster
quoted here -  > CNN :  Purported ISIS video threatens Croatian hostage ,Disaster
I am hungry as a hostage,Non-Disaster
Who is Tomislav Salopek the Islamic State ' s Most Recent Hostage ?   -  ,Non-Disaster
 @ susanj357  @ msnbc  @ allinwithchris it is like watching a hostage video sometimes  .  But not always  (  at least not yet ) ,Non-Disaster
Islamic State group in Egypt threatens to kill Croat hostage ,Disaster
You will be held hostage by a radical group . ,Non-Disaster
When u get mugged with ur gf u come up with the best excuses not to look like a bitch  ' I wanted to fight but what if he held u hostage ?  ' ,Non-Disaster
whO ' S THAT SHADOW HOLDIN ME HOSTAGE I ' VE BEEN HERE FOR DAYS,Non-Disaster
Related News :   ' ISIS video '  threatens hostage  -  Europe  -  CNN  |   ,Disaster
 @ EvaHanderek  @ MarleyKnysh great times until the bus driver held us hostage in the mall parking lot lmfao,Disaster
The horrific story of being a hostage  -  The horrific story of being a hostage It is 1974 and on a British .  ,Disaster
Murfreesboro peeps -  I am hearing Walmart on S Rutherford is on lockdown with a hostage is that true or a rumor ? ,Disaster
I sent my emails why are the TRINNA hold me hostage  rapping me up  ? ,Non-Disaster
Wtf ?  Her biological father is holding her hostage and her adoptive parents have not even looked for her .  Criminal minds got me fucked up . ,Non-Disaster
 @ mylittlepwnies3  @ Early_May  @ AnathemaZhiv  @ TonySandos much of which has to do with lebanon 80s attack /  iran hostage crisis /  Libya Pan am,Disaster
If you fill your mind with encouragement and positivity then it will not take you hostage .  Be careful of your content,Non-Disaster
I went to pick up my lunch today and the bartender was holding my change hostage because he wanted my number .   ? ,Disaster
 @ Marc Andreessen content is held hostage by network due to affiliation fees . ,Disaster
New ISIS Video :  ISIS Threatens to Behead Croatian Hostage Within 48 Hours  -  Israel Diaspora Coalition  -  Israel Diaspora Coalition # Australian politics ,Disaster
Sydney hostage crisis has now been recovered from the AirAsia wreckage . ,Disaster
Wut a lonely lunch .  I got ditched .  And I am hungrier than a hostage ! ,Non-Disaster
Nearly 35 years after their release from captivity legislation is being introduced in Congress to compensate 53 ,Non-Disaster
 @ gideonstrumpet Have you been held hostage ? ,Non-Disaster
Dysfunctional McConnell plans on holding Judicial Nominations hostage .  Another example of how GOP cant govern .   ,Non-Disaster
2 hostages in Libya remain unharmed :  Government sources on Wednesday denied reports that two Indian nationals who ,Disaster
 # hot  C - 130 specially modified to land in a stadium and rescue hostages in Iran in 1980   # prebreak  # best,Disaster
 @ hannahkauthor Read :  American lives first  |  The Chronicle  # FreeAmirNow  # FreeALLFour  # Hostages held by  # Iran  # Iran Deal ,Disaster
C - 130 specially modified to land in a stadium and rescue hostages in Iran in 1980  ,Disaster
"Russia stood down cold war nuke ban or face ocean superiority 
Unconditional surrender next putin
Game set match
Release the hostages",Disaster
Broadcast journalism :  hostages to fortune otherwise quot - television blind else quot - operations since - 3g superv . ,Non-Disaster
Sinjar Massacre Yazidis Blast Lack of Action OverHostages  ,Disaster
Holmgren describing 96 World Cup :  we were Lou ' s hostages . ,Non-Disaster
"Natalie Stavola our co - star explains her role in Love and Hostages .  Check it out !   # LH_movie  # indiefilm  # comingsoon
",Non-Disaster
Render assistance gain as proxy for your hostages to fortune :  sSu ,Non-Disaster
C - 130 specially modified to land in a stadium and rescue hostages in Iran in 1980 .   ,Disaster
 @ Deosl86  @ xavier_marquis Hostages are meaningless might as well just play cod search and destroy . ,Non-Disaster
 ' Well guess what young girls .  You are not damsels in distress .  You are not hostages to the words of your peers .  '  ,Non-Disaster
"No  # news of  # hostages in  # Libya



 # India  # terrorism  # Africa  # AP  # TS  # NRI  # News  # TRS  # TDP  # BJP ",Disaster
 @ TexansDC  @ kylekrenek  @ Zepp1978  @ Frobeus_NS Never thought I could have that much fun saving  ( and shooting )  teddy bear hostages .  lol,Non-Disaster
Sinjar Massacre Yazidis Blast Lack of Action Over Hostages ,Disaster
C - 130 specially modified to land in a stadium and rescue hostages in Iran in 1980 :     submitt .    # aviationaddicts,Disaster
Holmgren :  We referred to those 35 days as  ' the hostage situation .  '  We were Lou ' s  ' hostages .  ' ,Disaster
Barak will Tell the American People that the lives of the Hostages in Iran depends on Congress Voting to give Terrorist a Nuke for hostages . ,Disaster
 @ Minhaz Merchant Great job done by village hostages,Disaster
 # Sinjar Massacre  # Yazidis Blast Lack of Action Over Hostages  Portland  # Phoenix  # Newyork  # Miami  # Atlanta  # Casper  # Iraq,Disaster
"New  # Free  # Porn  # Clip !  Taking Of Hostages Dangerous For Favors Free :  

 # RT  # adult  # sex  # tube",Non-Disaster
 @ banditregina I also loved the episode  ' Bang '  in season 3 when Caroline Bigsby (  ?  )  took hostages in the supermarket . ,Non-Disaster
Cruz :  Iran deal leaves 4 American hostages languishing in Iran    -   # NoIran Deal   # TedCruz2016 ,Disaster
Nigerian Military Rescue 178 Hostages From Boko Haram  -  Florida Sentinel Bulletin :  Florid .    # security  # terrorism,Disaster
"One Year on from the Sinjar Massacre  # Yazidis Blast Lack of Action Over Hostages
",Disaster
Cont ' d -   # Sinjar :  referring to a 40 - pg document the group put together on the movt of  # Yazidi hostages in the days following  # IS massacre  [ 2 ] ,Disaster
" @ Nervana_1 
As per previous behaviour JAN / AQ would deal with the kidnapped hostages not particularly pleasantly if Div 30 fought JAN / AQ . ",Disaster
You messed up my feeling like a hurricane damaged this broken home,Non-Disaster
 @ zaynmaIikist listen to hurricane,Disaster
everyone ' s wonder who will win and I am over here wondering are those grapes real  ?   # BB17,Non-Disaster
HURRICANE GUILLERMO LIVE NOAA TRACKING  /  LOOPING WED . AUG . 5TH ~  ~   ,Disaster
 @ eggalie haha I love hurricane because of you,Non-Disaster
 @ Hurricane_Dolce happy birthday big Bruh,Non-Disaster
 @ Guy_Reginald lol more than welcome  ? ,Non-Disaster
 @ Hurricane_Dame  ?  I do not have them they out here,Disaster
Bluedio Turbine Hurricane H Bluetooth 4 . 1 Wireless Stereo Headphones Headset BLK  -  Full re  ,Non-Disaster
 @ lavapixcom Did you see  # hurricane  # guillermo with  # MeteoEarth ?  ,Disaster
 @ ChubbySquirrel_  @ Hurricane_Surge this here is very true  >  : 33333,Disaster
They should name hurricanes with black people names .  I would be terrified of hurricane Shanaynay ! ,Non-Disaster
Them shootas be so hungry with bodies on they burner  ? ,Non-Disaster
Hurricane 30STM quem lembra,Disaster
hurricane ?  sick ! ,Disaster
AD Miles  ' Hurricane of Fun  :  The Making of Wet Hot '  ,Non-Disaster
"Hurricane Dancers :  The First Caribbean Pirate Shipwreck
Margarita Engle  -  Henry Holt and Co .   ( BYR )  .  ",Non-Disaster
Cape Coral city leaders take part in mock hurricane training  ,Disaster
Be careful during hurricane season  ?  ,Disaster
My back is so sunburned  :  ( ,Disaster
 @ Freegeezy17 you stay in Houston ? ,Non-Disaster
NowPlaying Rock You Like A Hurricane  -  Scorpions ,Non-Disaster
The hurricane mixxtail kinda tastes like the watermelon four loko .   ?   @ brittsand9,Non-Disaster
 @ VinusTrip Did you see  # hurricane  # guillermo with  # MeteoEarth ?  ,Disaster
Grace :  here are damage levels USA style .   # Taiwan  # China  # world hurricane / typhoon ratings / categories defined again ,Disaster
AngelRiveraLib  # Snowden  ' may have '  broken laws ?  Hurricane Katrina may have caused some damage .   Without Snowden h,Disaster
HWRF absolutely lashes Taipei with Hurricane force winds High Storm Surge and 20 '  of rain .  Not good news at all !  ,Disaster
 @ Patton Oswalt  @ Fox News Wait I thought Fecal Hurricane was on SciFi ?  Maybe that was turdnado .  I have been forgeting up a shit storm lately . ,Disaster
"Entertain this thought for a moment : 

diarrhea hurricane",Non-Disaster
Stream HYPE HURRICANE,Non-Disaster
 # kick  # hurricane Seriously  # simple websites :   Looking For A Seriously Simple Program To ,Disaster
 @ Hurricane_Dolce no prob,Disaster
Mr .  T stopped wearing gold chains in 2005 because he thought it would be an insult to the people who lost everything after Hurricane Katrina,Non-Disaster
Ashley and I on going to hurricane harbor Friday .   ?  ,Disaster
"Militants attack police post in Udhampur ;  2 SPOs injured

Suspected militants Thursday  attacked a police post in .  ",Disaster
UPDATE : M . E .  confirms 2 women pulled from burning house died last Friday .  91 yr old Edna Jefferson & Doris Sherfield72 .  ,Disaster
Unlicensed teen driver among 2 killed in NC crash ,Disaster
And you wonder why he is injured every year ,Non-Disaster
Experienced urogyn trying to help mesh injured women talks the worst offenders .    @ meshnewsdesk,Disaster
Yelp Bolsters Health Care Reviews With Investigative Journalism :  Sick and injured patients at a local ER are t .  ,Disaster
Terrorists attack police post ;  2 SPOs injured   # YUG,Disaster
Check this  @ Surya Ray Udhampur terror attack :  Militants attack police post 2 SPOs injured :    # Surya Ray  # India,Disaster
Arian Foster does keep his promise .  And that is to get injured every yeat,Non-Disaster
 # WakeUpFlorida .   # Floridians more likely to be killed / injured by a  # TrophyHunt killer ' s gun than by ISIS .   ,Non-Disaster
 @ Ralph Vacchiano NY Daily News The only surprise is that they are not ALL injured . ,Non-Disaster
 @ chikislizeth08 you are not injured anymore ?   ? ,Non-Disaster
Top Stories  -  Google 4 dead dozens injured in Gaza blast near house leveled in summer war ,Disaster
Photos :  17 people killed and over 25 injured in deadly Saudi Mosque suicide attack ,Disaster
" 
Seems they declared war against government . ",Disaster
Udhampur terror attack :  Militants attack police post 2 SPOs injured ,Disaster
If I could I would have been by at work but got injured and we have security concerns they must settle .  This is torture . ,Non-Disaster
I cannot believe Blevins got injured falling off a curb .  That is something that would happen to me never it expected for a pro player,Disaster
Injured Barcelona full - back Alba out of Super Cup ,Non-Disaster
 @ michaelgbaron how come scott rice does not get another shot .  Holding lefties to a 184 .  average .  Is he injured ? ,Non-Disaster
Udhampur terror attack :  Militants attack police post 2 SPOs injured :  Suspected militants tonight attacked a p .  ,Disaster
so paulista injured wilshere,Non-Disaster
Offers  :    # 8392 Deluxe Toilet Safety Support / Health / Home / Bathroom / Support / Elderly / Injured / S ,Disaster
Washington Post  -  4 dead dozens injured in Gaza blast near house leveled in summer war ,Disaster
Ogun smugglers engage Customs in shootout :  Several persons were allegedly injured on Wednesday when men o .    # RT,Disaster
 @ ChristieC733 please support this Please cosponsor S .  928 and support aid for sick and injured 9 / 11 responders !   # renew 911 health,Disaster
4 dead dozens injured in Gaza blast near house leveled in summer war  -  Washington Post    # World,Disaster
4 dead dozens injured in Gaza blast near house leveled in summer war  -   via ,Disaster
 @ TheHammers_  @ tonycottee1986 alsowhat if some of the 1st team players got injured ? Then Bilic would get slated for playing themhe cannot win,Disaster
 # golf McIlroy fuels PGA speculation after video :  Injured world number one Rory McIlroy fueled speculatio .    # news,Non-Disaster
 # BreakingNews Militants attack Udhampur police post ;  2 SPOs injured ,Disaster
 @ WeAreTheNews please support this Please cosponsor S .  928 and support aid for sick and injured 9 / 11 responders !   # renew 911 health,Disaster
 @ Welles_7 he was injured .  He is a pro bowl back . ,Non-Disaster
"Injuries may be forgiven but not forgotten . 

Aesop",Non-Disaster
Official kinesiology tape of IRONMAN long - lasting durability effectiveness on common injuries  ,Non-Disaster
 @ TayIorrMade  @ MegatronAFC possibly he is had injuries on both ankles though .  2011 one worse but regardless both . ,Non-Disaster
in fact if you all could tag like small creeping or self inflicted injuries of the skin as derma  ( with brackets )  that would be nice,Non-Disaster
"Last time I checked Lots of injuries over the course of time  =  injury prone .  

 @ Calum36Chambers am I wrong ? ",Non-Disaster
If you are slating  @ gpaulista5 for  @ JackWilshere ' s injury then you are a disgrace to the  # AFC fan base .  Injuries happen you cunts ! ,Non-Disaster
"Next Man Up - AH SCREW THIS !  I am so tired of injuries .   

What happened to Camp Cupcake ?  More like Camp Cramp and Break . ",Non-Disaster
My baby girls car wreak this afternoon thank God no serious injuries and she was wearing her seatbelt !  .  ,Disaster
I am only experienced with injuries below the waist,Non-Disaster
 @ jamienye u cannot blame it all on coaching management penalties defence or injuries .  Cursed is probably a good way to put it !   # riders,Non-Disaster
Tonight we have attended a fire in Romford with  @ London Fire thankfully no injuries ,Disaster
Peel police say male cyclist struck near Southdown Road and Royal Windsor Drive in Mississauga .  Serious but non life - threatening injuries . ,Disaster
 @ likeavillasboas  @ rich_chandler Being '  injury prone '  is not actually just suffering injuries often . ,Non-Disaster
 @ nalathekoala As a health care professional that deals all gun violence sequalae I consider suicides injuries accidents and homicides,Non-Disaster
West Nyack Pineview Road railroad crossing off Western Highway .  Units on scene of a CSX Train vs .  truck no injuries . ,Disaster
Accident with injuries on  # NJ36 SB at CR 516 / Leonardville Rd ,Disaster
 @ fkhanage look what Shad Forsythe has done in 1 year we will not have as many injuries as before we will inevitably have injuries like others,Non-Disaster
A new type of ADHD ?  Head injuries in children linked to long - term attention problems ,Non-Disaster
 @ imSUSHIckoflove  @ alekalicante RIGHT ?  Yep you are a witness to his injuries HAHA it is a gauze ! ,Non-Disaster
 @ BuffoonMike I knew mo not doing much would bite us he was influenced by that shitty staff and injuries are not acquisitions,Non-Disaster
Forsure back in the gym tomorrow .  Body is not even at 50 %  .  do not wanna risk injuries . ,Non-Disaster
Why is  # GOP blocking chance for  # DisabledVeterans with groin injuries to have children ?   # ThePartyofMeanness ,Non-Disaster
Here we fucking go with the injuries again who is next ?  ,Non-Disaster
Carterville High School coaches prepare for game - day injuries ,Disaster
The injuries are starting !  Please  @ dallascowboys stay healthy !   ? ,Non-Disaster
HEALTH FACT :  75 %  of muscle mass is made up of fluid .  Drink water to prevent strains sprains and other injuries .  ,Non-Disaster
All injuries Pre Foster / Floyd .  Those will be covered next week .  ,Non-Disaster
 @ msnbc What a fucking idiot .  He had a gun  &  a hatchet yet there were still no serious injuries .  Glad police terminated him . ,Disaster
Trauma injuries involving kids and sport usually cycling related :  Director Trauma NS    # NS ,Disaster
 @ Judson1360  @ XTRA1360 O - line and pass rush .   Rest of roster is stout barring injuries,Non-Disaster
Diego Costa needs to stop getting injuries urg,Non-Disaster
4 Common Running Injuries and How to Avoid Them ,Non-Disaster
Enjoying a little golf this summer ?  Take care to avoid injury  -  back and shoulder injuries can happen quickly ,Disaster
nflexpertpicks :  Michael Floyd ' s hand injury should not devalue his fantasy stock :  Michael Floyd ' s damaged digits won .  ,Non-Disaster
Rory McIlroy to Test Ankle Injury in Weekend Practice  # chinadotcom  # sports  ,Non-Disaster
CLEARED : incident with injury : I - 495  inner loop Exit 31  -  MD 97 / Georgia Ave Silver Spring,Disaster
JOBOOZOSO :  USAT usatoday_nfl Michael Floyd ' s hand injury should not devalue his fantasy stock ,Non-Disaster
Jack Wilshere has poor injury recordand his off field behaviors does not help .  # Arsenal,Disaster
 @ NEPD_Loyko Texans hope you are wrong .  Radio in Houston have him as starter after Foster injury,Non-Disaster
 @ SergioPiaggio  ' Id worked so hard to get to that level that I wasnt going to let the injury define me .  I was going to define it .  Cool,Non-Disaster
Enter the world of extreme diving  9 stories up and into the Volga River ,Non-Disaster
California LawNegligence and Fireworks Explosion Incidents ,Disaster
Greg Garza not in the 18 for Atlas tonight vs Leones Negros in Copa MX play .  He left the previous game with an injury .   # USMNT,Non-Disaster
 # poster  # ergo Rotator  # cuff injury recovery kit :   Super High Converting Rotator Cuff Inj ,Non-Disaster
"Live Cricket Score In All Match International
Domestic
Team Tour Team Squad
Profile  &  Injury
Lamha Ba Lamha Update
 + 
FolloW
 @ ICC_RealCKT",Non-Disaster
My prediction for the Vikings game this Sunday . dont expect a whole lot .  Infact I think Zimmer goal is . injury free 1st game,Disaster
DAL News :  Wednesday ' s injury report :  RB Lance Dunbar injures ankle is listed as day - to - day ,Non-Disaster
Dante Exum ' s knee injury could stem Jazz ' s hoped - for surge back to  .  ,Disaster
 @ AdamRubinESPN Familia :  arm injury or head case ? ,Disaster
Dr Jack Stern Interview Ending Back Pain for  # Military  # Injury .  Listen now :  ,Non-Disaster
Had a nightmare and was about to jump out of bed when I remembered my injury alas it was too late and I screamed in my bedroom,Non-Disaster
Tennis :  Defending champ Svetlana Kuznetsova withdraws from Citi Open cites injury to her lower left leg  ( ESPN )  ,Non-Disaster
 # PFT Barkevious Mingo missed Browns practice with a mystery injury ,Non-Disaster
 @ Patricia_Traina any update on the McClain injury from today ' s practice ?  # NYG,Non-Disaster
FollowNFLNews :  Michael Floyd ' s hand injury should not devalue his fantasy stock   # NFL  # News  # Playoffs,Non-Disaster
 ' McFadden Reportedly to Test Hamstring Thursday '  via  @ TeamStream ,Non-Disaster
New level of tita - dom :  bowling injury .  ,Non-Disaster
 @ Sport_EN Just being linked to Arsenal causes injury . ,Disaster
incident with injury : I - 495  inner loop Exit 31  -  MD 97 / Georgia Ave Silver Spring,Disaster
 # Cowboys :  Wednesday ' s injury report :  RB Lance Dunbar injures ankle is listed as day - to - day :   ,Non-Disaster
 @ JJ_DIRTY  @ MLSTransfers  @ greggmair oh Gio was my backup .  But with SKC next and BWP getting a crack at NYCFC  +  injury I went BWP .  Lol wrong,Non-Disaster
Quirk Injury Law ' s News is out !   Stories via  @ dantmatrafajlo,Non-Disaster
 # Cowboys :  George :  Injury woes took Claiborne from first round to trying to stick around ;  can he do it ?  :   ,Non-Disaster
Our big baby climbed up on this thing on wheels -  ( IO Hawk )  ! His knee injury !  Where ' s my belt ? Mr SRK cook ur beautiful ass for punishment ! ,Non-Disaster
Ngata on injury list at start of practice for Lions ,Non-Disaster
A Laois girl advertised for a new friend to replace her loved - up BFF and has been inundated  ,Non-Disaster
 @ Lenn_Len Probably .  We are inundated with them most years ! ,Non-Disaster
Most of us ddnt get this English  RT  @ ReIgN_CoCo :  The World Is Inundated With Ostentatious People Stay Woke ! ,Non-Disaster
1st wk of Rainier Diet and my street Seward Park Ave is inundated with bypass traffic so  @ seattledot what is your plan ?   @ seattletimes,Non-Disaster
"Body shops inundated with cars dented by hail .  Good news insurance pays .  Bad news  :   you are stuck with deductible  ! 
 # wcvb",Disaster
Hi  @ FionaGilbert_ sorry for the delay .  Slightly inundated with applications at the mo but we have yours and will get back to you asap ! ,Non-Disaster
I presume my timeline will be inundated with  ' soggy bottom '   &  lashings of  ' moist '  tweets now !   :  - D,Non-Disaster
 @ VZWSupport do texts use data ?  She was inundated by a group text yesterday . ,Non-Disaster
 @ AssassinKPg Brother you do not want my friendship - you want to add your commercials on my posts .  Frankly I am inundated with this crap daily . ,Non-Disaster
 @ bentossell  @ ProductHunt Thanks !  I know you all get inundated .  Have a good one ! ,Non-Disaster
 @ yahoocare perhaps you should change you name to yahoo does not care .   Are you so inundated with complaints that you cannot respond to me ? ,Non-Disaster
Let people surf !   HI is no Waimea bay .  It is not like the beach is or ever will be inundated with surfers  ,Non-Disaster
FB page of Bushman Safari ' s Zimbabwe the company that Palmer used 2 kill Cecil is inundated with negative commentes ,Non-Disaster
Kids are inundated with images and information online and in media and have no way to deconstruct .   -  Kerri Sackville  # TMS7,Non-Disaster
 @ MistressPip I am amazed you have not been inundated mistress . ,Non-Disaster
 @ allyinwondrland That sounds like the perfect bread !  I will hit up Trader Joes this wknd  ?  .  Not really lol Already being inundated with,Non-Disaster
Listening to my grandad talk about his holiday is great but I do not want to be inundated with train photos  ? ,Non-Disaster
 @ sophieingle01  @ AngharadJames16 you will be inundated with gifts of banana malt loaf now  ?   # Worm,Non-Disaster
As a result of heavy rains in  # Bangladeshaffected lands are inundated by flood waters - land looks like rivers at high tide  # BangladeshFlood,Disaster
 @ tonymcguinness probably being inundated with this question now but who is coming to creamfields ?   ( please say all 3 )   # Mainstage,Non-Disaster
 @ BCFCTicketLady  @ Mr_Aamir_Javaid Can see you and inundated ATM so just wanted to say well done .   You are doing a grand job  # KRO,Non-Disaster
inundated with Westeros Between Storm of Swords as a book on tape  &  finishing S5 of Game of Thrones I do not know my Starks from my Greyjoys . ,Non-Disaster
Myanmar ' s president urged people to leave a low - lying southern delta region on Thursday with rain water that has inundated much of the coun,Disaster
 @ teahivetweets You would get inundated ! ,Non-Disaster
This is set to become a huge one month wonder .   ( And then Pornhub will be inundated .  )  ,Disaster
Inundated with employee holiday request paperwork ?  Our cloud based HR software  @ hronlinetweets will help simplify your staffing logistics . ,Non-Disaster
Brace yourself  @ samaritans by Sunday evening you will inundated with thousands of calls from depressed  @ Arsenal fans ,Non-Disaster
 @ LEDofficial1 As you can imagine we are inundated with requests each week for samples  &  as much as we would love to be able to send sweets 1 / 2,Disaster
 @ MI_Country_Hick pfft !  I wish I had a bot like that .  Instead I am daily inundated with 140 characters of the same unhinged machismo bullshit . ,Non-Disaster
 # tech Data Overload :  The Growing Demand for Context and Structure :  In a world inundated with information .    # news,Non-Disaster
 [ Withering ]  to death .  is an album found when he  [ undermine ] d his backyard because his cat  [ inundated ]  the floor  [ mustering ]  cat food . ,Non-Disaster
 @ Bilsko and suddenly I am inundated with research .   @ humofthecity,Disaster
Already expecting to be inundated with articles about trad authors '  pay plummeting by early next year but if this is true it will be far worse,Non-Disaster
 @ Legna989 you are correct it is coming from both sides .  Maybe I am just friends on FB w more Rep so my feed is inundated w false claims . ,Non-Disaster
"MEGALPOLIS Area Petting Party Shiver 
Fear Instant  .  GLOBAL Inundation OVERFLOW
WAS Commencement WRITE  ?   ? ",Non-Disaster
 @ ZachLowe_NBA there are a few reasons for that but one of them is the constant Drake inundation .   Extremely annoying .   If Drake lands us a,Non-Disaster
Oh no .  The Boots  &  hearts social media inundation is starting  .  Please no,Non-Disaster
"Potential Storm Surge Flooding Map by National Hurricane Center  
",Disaster
Punjab government flood relief platform :   realtime information on inundation damages rescue efforts  &  travel alerts,Disaster
Well unfortunately for my followers stage pics came in today .  Advanced apologies for the inundation ,Non-Disaster
 @ kathrynschulz Plus you are well out of the inundation zone am I right ? ,Non-Disaster
sorry but that mousse inundation was fuckin hilarious ,Non-Disaster
Beyond all bounds ;  till inundation rise,Non-Disaster
Sprinklers :  FAQ About Lawn Inundation Systems Answered eBb,Non-Disaster
 @ kemal_atlay caught in a landslide,Disaster
" . Sink Holes Earth Slides And Avalanches >  > 
 # Allah  # Islam  # sinkhole  # landslide  # avalanche  # USA  # France  # UK  # usgs  # emsc",Disaster
 @ MartinMJ22  @ YouGov When did a 12 seat majority with 36 %  of the vote become a landslide ? ,Disaster
 @ hoodedu You fucking better Berlatsky .   If I do not win this fucking thing in a landslide I am holding you personally fucking responsible . ,Non-Disaster
LANDSLIDE  ( live )  by FLEETWOOD MAC  # nowplaying  # Q99,Non-Disaster
Army veteran fears loose rocks from Dundee landslide could kill him at any moment :  He has faced a hail of bullets ,Disaster
 # Landslide !  Trump 25 . 5 %  Bush 12 . 5 %   via  @ pollster  @ realdonaldtrump,Non-Disaster
"Inbounds /  Out of Bounds : 

While many picked the Nats to win the NL East in a landslide they currently sit 2 .  ",Disaster
 @ toddstarnes Enjoy the impending landslide Todd .  Hehe . ,Non-Disaster
11 : 30BST traffic :  A10 > Paris A40 Geneva A7 Mons A1 Hamburg A2 > Hanover A5 Karlsruhe Gotthard n / b  ,Disaster
My lifelong all - time favorite song is  ' Landslide '  .   This song has gotten me through a lot of though times  &  .  ,Non-Disaster
Speaking of memorable debates :  60 - Second Know - It - All :  Ronald Reagan ' s landslide romp on Election Day in 1980 m .  ,Non-Disaster
 @ awadgolf  @ GOP a capitalist would win biggest landslide in history people who have not voted in years even OLD SCHOOL DEMS would elect him . ,Non-Disaster
Latest :  Landslide kills three near Venice after heavy rain ,Disaster
FreeBesieged :   . MartinMJ22 YouGov Which  '  # Tory landslide '   .  you cannot POSSIBLY mean the wafer - thin majority of  # G ,Disaster
Now Playing :  Landslide by Smashing Pumpkins   # 89X,Non-Disaster
Got it winning by a landslide those the perfect words cause I got it out the mud . ,Non-Disaster
DUNDEE NEWS :  Army veteran fears loose rocks from Dundee landslide could kill him at any moment ,Disaster
So cool  @ GarbanzoBean23 in the news !  Cutest INDOT worker but I might be a little bias  ?  ,Non-Disaster
 @ CrowtherJohn  @ Effiedeans  you just keep ur head in the sand john .  The best place for it .   Lbr after 97 landslide .  Couldnt imagine situ now,Non-Disaster
Method in contemplation of incident an leading bridal landslide :  wiWNpFXA ,Disaster
being stuck on a sleeper train for 24 hours after de - railing due to a landslide was most definitely the pit of the trip,Disaster
 ' Since1970the 2 biggest depreciations in CAD : USD in yr b4federal election coincide withlandslide win for opposition '  ,Non-Disaster
 # Flashflood causes  # landslide in Gilgit  # Pakistan Damage to 20 homes farmland roads and bridges  # 365disasters  ,Disaster
Italy :  Three dead after landslide in the Italian Alps :   via  @ YouTube,Disaster
"So when you are caught in a landslide
I will be there for you
And in the rain 
give you sunshine
I will be there for you",Non-Disaster
 # landslide while on a trip in  # skardu ,Non-Disaster
Listen to Landslide by Oh Wonder  # SoundCloud ,Non-Disaster
 @ RonWyden Democrats restricted  Blacks from Voting .  In 48 '  Landslide Lyndon Johnson won Senate Election by 67 Votes of Dead People in Texas ! ,Non-Disaster
This Govt of Hubris has small maj yet acts as if it has a landslide .  Opposition req ' d with vision rigour  &  hunger to serve this democracy . ,Non-Disaster
 * nominates self but  @ _ohhsehuns wins by a landslide *  ,Non-Disaster
Landslide kills three near Venice after heavyrain ,Disaster
 @ Morning_Joe  @ Reince  @ PressSec Joe ur so smart u should run 4 president Ur perfect  ! The American people love assholes u ' d win by a landslide,Non-Disaster
Perfect night for a soak !  Lava here I come ?  ,Non-Disaster
"Seriously these two tracks  ( one new one old )  are amazing .  Fond memories with TEARS . 

",Non-Disaster
Imagine a room with walls that are lava lamps . ,Disaster
The sunset looked like an erupting volcano  .  My initial thought was the Pixar short Lava ,Disaster
My hands are cold but my feet are warm .  That is where I keep my lava,Non-Disaster
 @ YoungHeroesID Lava Blast  &  Power Red  # Panther Attack  @ JamilAzzaini  @ alifaditha,Non-Disaster
Neighbor kids stopped to watch me play Disney ' s I Lava You song on my uke .  Left as I got into Journey ' s do not Stop Believing  # kidsthesedays,Non-Disaster
 @ eles_kaylee  @ Jannellix0 so she puts on a different face for you  ?  her heart broke after buying me lava cakes smh,Non-Disaster
I may have gotten a little too exited over my  ( home made )  lava lamp .  Through source  ,Non-Disaster
Lava Dragon Breeder !  I just bred a Lava Dragon in DragonVale !  Visit my park to check it out !  ,Non-Disaster
waiting for my chocolate lava cakes to get here  ? ,Non-Disaster
contemplating going to chilis just to get a molten lava cake  .  ? ,Non-Disaster
 ' I may have gotten a little too exited over my  ( home made )  lava lamp .  '  :  ,Non-Disaster
Lava cakes are my fav . ,Non-Disaster
I lava you  ?  ,Non-Disaster
 @ YoungHeroesID Lava Blast  &  Power Red  @ dieanpink95  @ yu_nita99  # Panther Attack,Non-Disaster
I liked a  @ YouTube video from  @ skippy6gaming  Minecraft PS4  -  3 X 2 LAVA DOOR  -  How To  -  Tutorial  (  PS3  /  XBOX,Non-Disaster
"
SON OF SAVIOR LAVA VIDEO",Non-Disaster
Deal of The Day  :   Brand New DSERIALPCILP Lava Computer PCI Bus Dual Serial 16550 Board   # e ,Non-Disaster
Bleachers '  entire set has been one big game of The Stage Is Lava ,Non-Disaster
i lava you !   ? ,Non-Disaster
Check out my Lava lamp dude  ?  ,Disaster
Shark boy and lava girl for the third time today .  I guess this is what having kids feelings like .   ? ,Non-Disaster
 @ YoungHeroesID Lava Blast dan Power Red  # Panther Attack  @ CunayyH  @ TaufikCJ,Disaster
I LAVA YOU . ,Non-Disaster
A river of lava in the sky this evening !  It was indeed a beautiful sunset sky tonight .   ( 8 - 4 - 15 )  ,Non-Disaster
 @ YoungHeroesID 4 .  Lava Blast Power Red  # Panther Attack,Non-Disaster
There is a  # baby in Oliver ' s  # swim class that cries the ENTIRE class .  It is like his  # parents are  # waterboarding him or dipping him in  # lava,Non-Disaster
let us play the floor is lava but instead of just the floor let us play with the whole world and never get out of bed ,Non-Disaster
Check This Deal  :   Sivan Health and Fitness Basalt Lava Hot Stone Massage Kit with 36 Piece ,Non-Disaster
 @ AmuMumuX lava you .  ?  quit actin up,Non-Disaster
 @ YoungHeroesID LAVA BLAST dan POWER RED  # Panther Attack  @ Mirmanda11  @ evaaaSR,Disaster
"I wish that the earth sea and sky up above
would send me someone to lava ? ",Non-Disaster
I tried making a chocolate and peanut butter lava cake using my  # shakeology protein shake mix and a ,Non-Disaster
Thunder and lightning possible in the Pinpoint Foothill Forecast .  ,Disaster
dogs Lightning reshapes rocks at the atomic level  -  A lightning strike can reshape a mineral ' s crystal structure  .  ,Non-Disaster
What you gonna do now puppies ?  !  No more destroying my  # iPhone Lightning cables !  ,Non-Disaster
The Lightning out here is something serious ! ,Disaster
Couple storms near Guthrie OK .  Leaving Norman for an evening lightning op .   # Oklahoma City Weather ,Disaster
NWS says thunderstorms with deadly lightning will move across the Black Hills this evening .  That assumes there is a safe type .  Hmm ? ,Disaster
Phones Offers  >  >    # 034 8 - Pin Lightning Connector 2 . 1A Car Charger For Apple 5 5S 5C 6 6 +  iP ,Non-Disaster
 @ random_tourist it rained .  Some guys tree hit by lightning and some jackholes drove onto flooded streets . ,Disaster
Expect gusty winds heavy downpours and lightning moving northeast toward VA now .  ,Disaster
Science Daily :  Lightning reshapes rocks at the atomic level  -  A lightning strike can reshape a mineral ' s crystal s .  ,Disaster
iCASEIT  -  MFi Certified Lightning Cable  -  1m  ,Non-Disaster
do not blink  ?  will not see the Lightning take the W  ?  ,Disaster
Wolforth with a two - out single up the middle .  Fourth hit of the night for Altamonte Springs . ,Non-Disaster
 @ Benji_Devos thanks thanks  : 3,Non-Disaster
Heavy rain gusty winds and vivid lightning moving east through the Triad now .  ,Disaster
Lightning causes six new fires on VancouverIsland ,Disaster
World War II book LIGHTNING JOE An Autobiography by General J .  Lawton Collins  ,Non-Disaster
Dry thunderstorms with lightning possible in the Pinpoint Valley Forecast .   ,Disaster
 .  @ dantwitty52 shuts the door on the Boom in the bottom half .   # Lightning coming up in the top of the eighth . ,Non-Disaster
 # NowPlaying  ' The Lightning Strike '  de Snow Patrol de A Hundred Million Suns  ?  ,Non-Disaster
 @ Lightning_OOC I AM BEING SUBJECTED TO UNWARRANTED SEXUAL CONVERSATION . ,Non-Disaster
 @ Lightning_Wolf_ You really have Activity Directory ?   : P,Non-Disaster
Yeah tonight I ride the lightning to my final resting place  ? ,Non-Disaster
Cell Phone Shop  :    # 629 8 - Pin Lightning Connector 2 . 1A Car Charger For Apple 5 5S 5C 6 6 +  i ,Disaster
Lightning strike in the distance via  / r / pics   # pics,Disaster
Some crazy lightning outside,Non-Disaster
Corey Robinson having some solid reps at RT although as I type this he got beat on lightning dip by T .  Walker,Non-Disaster
Lightning strike in the distance via  / r / pics   # pics ,Disaster
Check out this amazing footage of lightning filmed while lifting off from Chicago .   ,Non-Disaster
Check this out !  Lightning reshapes rocks at the atomic level   # scichat  # science,Disaster
" ' When you walk away
Nothing more to say
See the lightning in your eyes
See em running for their lives ' ",Non-Disaster
kabwandi_ :  Breaking news !  Unconfirmed !  I just heard a loud bang nearby .  in what appears to be a blast of wind from my neighbour ' s ass . ,Non-Disaster
tkyonly1fmk :  Breaking news !  Unconfirmed !  I just heard a loud bang nearby .  in what appears to be a blast of wind from my neighbour ' s ass . ,Non-Disaster
 # ActionMoviesTaughtUs things actually can explode with a loud bang . in space . ,Non-Disaster
 @ LayLoveTournay  @ RyroTheUnaware  [ loud groaning ]  Let us bang . ,Non-Disaster
Ercjmnea :  Breaking news !  Unconfirmed !  I just heard a loud bang nearby .  in what appears to be a blast of wind from my neighbour ' s ass . ,Non-Disaster
 @ Chibi877  - head .  It hit the wall behind him with a loud bang .   ' Language !  '  Drake shouted at him before getting up .   ' I am going out stay - ,Disaster
kotolily_ :  Breaking news !  Unconfirmed !  I just heard a loud bang nearby .  in what appears to be a blast of wind from my neighbour ' s ass . ,Non-Disaster
tarmineta3 :  Breaking news !  Unconfirmed !  I just heard a loud bang nearby .  in what appears to be a blast of wind from my neighbour ' s ass . ,Non-Disaster
shawie17shawie :  Breaking news !  Unconfirmed !  I just heard a loud bang nearby .  in what appears to be a blast of wind from my neighbour ' s ass . ,Non-Disaster
There was a loud bang outside earlier and I check to find my dad on the floor after the chair he was sitting on broke ,Non-Disaster
Who the fuck plays music extremely loud at 9am on a Tuesday morning ?  Bruv do they want me to come bang them ? ,Non-Disaster
tianta_ :  Breaking news !  Unconfirmed !  I just heard a loud bang nearby .  in what appears to be a blast of wind from my neighbour ' s ass . ,Disaster
Nearly had a heart attack just now ;  loud bang against window next to meturns out it was two birds flying into the glass . ,Disaster
 # Australian politics Can you see the resemblance between ABBOTT  &  Campbell both are loud and came in with a big BANG !  Out the same way ;   Lets see  ! ,Non-Disaster
The chick I work with chews chewing gum so loud  ?  feel to bang her,Non-Disaster
nikoniko12022 :  Breaking news !  Unconfirmed !  I just heard a loud bang nearby .  in what appears to be a blast of wind from my neighbour ' s ass . ,Non-Disaster
What the fuck was that .  There was a loud bang and a flash of light outside .  I am pretty sure I am not dead but what the hell ? ,Non-Disaster
 @ SW_Trains strange loud impact bang noises under train to Epsom about to arrive  # Wimbledon,Non-Disaster
Jrowah :  Breaking news !  Unconfirmed !  I just heard a loud bang nearby .  in what appears to be a blast of wind from my neighbour ' s ass . ,Disaster
k_matako_bot :  Breaking news !  Unconfirmed !  I just heard a loud bang nearby .  in what appears to be a blast of wind from my neighbour ' s ass . ,Non-Disaster
I WAS PEACEFULLY SITTING IN MY ROOM AND I HEARD THIS LOUD BANG OF SOMETHING FALLING,Disaster
Kijima_Matako :  Breaking news !  Unconfirmed !  I just heard a loud bang nearby .  in what appears to be a blast of wind from my neighbour ' s ass . ,Non-Disaster
matako_3 :  Breaking news !  Unconfirmed !  I just heard a loud bang nearby .  in what appears to be a blast of wind from my neighbour ' s ass . ,Non-Disaster
It is was about 2 : 30 in the morning & I went downstairs to watch some telly & I accidentally made a loud bang & my dad ( who has a broken leg ) walked - ,Non-Disaster
ykelquiban :  Breaking news !  Unconfirmed !  I just heard a loud bang nearby .  in what appears to be a blast of wind from my neighbour ' s ass . ,Non-Disaster
 @ ToxicSavior_  - a loud bang .  He froze on the spot as slowly every head turned towards him .  One of the things he hated the most was to be  - ,Non-Disaster
daviesmutia :  Breaking news !  Unconfirmed !  I just heard a loud bang nearby .  in what appears to be a blast of wind from my neighbour ' s ass . ,Disaster
 @ Bang_Me_Up_Guk he was  ;  -  ;  like he was singing so loud  ;  -  ; ,Non-Disaster
Moved on to  ' Bang Bang Rock and Roll '  by  @ Art_Brut_  .  It is been too long since I have played this one loud .  ART BRUT TOP OF THE POPS . ,Non-Disaster
"St steel coffee cafetiere exploded this am with loud bang hot coffee  &  grounds shot over table clean crockery phone
tablet .  How ? ",Disaster
matako_milk :  Breaking news !  Unconfirmed !  I just heard a loud bang nearby .  in what appears to be a blast of wind from my neighbour ' s ass . ,Non-Disaster
need to work in an office I can bang all my fav Future jams out loud,Non-Disaster
ColnHarun :  Breaking news !  Unconfirmed !  I just heard a loud bang nearby .  in what appears to be a blast of wind from my neighbour ' s ass . ,Non-Disaster
I do not laugh out loud at many things .  But man I really lol  @  the big bang theory . ,Non-Disaster
 @ Samantha Turner It was .  Nagaski another act of mass murder sanctioned and forgiven cause the Allies won .  Not by me . ,Disaster
 @ TANSTAAFL23 It is not an  ' impulse '  and it does not end in mass murder .  Correlation does not imply causation . ,Disaster
 @ ColdMpress You up to commiting mass murder tonight ? ,Disaster
The media needs to stop publicizing mass murder .  So many sick people do these things for the eyes of the world  &  the media is not helping . ,Disaster
 @ Samantha Turner IIt may logically have been the right call .  maybe .  But it is an act of mass murder and I cannot sanction it . ,Disaster
We have different moral systems .  Mine rejects the mass murder of innocents yours explicitly endorses such behavior .  ,Disaster
 @ DoctorDryadma mass murder here we come,Disaster
RT owenrbroadhurst RT JuanMThompson :  At this hour 70 yrs ago one of the greatest acts of mass murder in world hist ,Disaster
If abortion is murder then blowjobs are cannibalism and masturbation is mass genocide . ,Disaster
" @ noah_anyname That is where the concentration camps and mass murder come in .  
 
EVERY .  FUCKING .  TIME . ",Non-Disaster
 @ D1ff3r3nt1sG00d  @ RiceeChrispies What if he committed a mass murder ? ,Disaster
 @ tuicruises  @ aida_de Cruise Industry Supports Mass Murder of Whales in  # Faroe Islands !   ' Everything the  ( cont )  ,Disaster
Hiroshima  -  one of history ' s worst examples of mass murder    # hiroshima  # war  # atombomb  # japan,Disaster
 @ guardian Has Japan ever truly come to terms with devastation and mass murder of millions of Chinese and others with traditional weapons ? ,Disaster
Oh the usual .  Mass murder and world domination plans over coffee .  How ' s your day going ? ,Disaster
  @ Royal Carribean do your passengers know about the mass murder that takes place in the  # Faroe Islands every year ? ,Disaster
 @ noah_anyname The utopian impulse inevitably ends in gulags and mass murder . ,Disaster
Urgent !  Save the Salt River  # Wild Horses !  Mass murder by the very ppl supposed to protect them ?    -  >    @ CNN  @ CBC,Disaster
This Attempted Mass Murder brought to You by the Obama Administration ,Non-Disaster
He made such a good point .  White person comings mass murder labelled as criminal minority does the same thing .  ,Non-Disaster
  @ Fred Olsen Cruise Please take the  # Faroe Islands off your itinerary until the mass murder of dolphins  &  whales stops . ,Non-Disaster
 @ FLGovScott We allow Farrakhan to  to challenge 10000 males to rise up  &  commit mass murder as he just did in Miami ?  ,Disaster
The media needs to stop publicizing mass murder .  So many sick people want the eyes of the world and the media .  ,Non-Disaster
 @ yelllowheather controlled murder is fine .  mass murder to a crowd of undeserving people is not .  case closed . ,Disaster
 @ Re_ShrimpLevy I am always up for mass murder,Disaster
 @ JakeGint the mass murder got her hot and bothered but at heart she was always a traditionalist . ,Disaster
 @ Metropolitan Nashville Police Department  @ MontalbanoNY sadly suicide by cop .  Wed 2PM  @  Dollar movie does not a mass murder make . ,Disaster
 @ billy_hodge Aurora theater shooting trial :  Gunman expected notoriety for mass murder and nothing else  ,Disaster
" # debate questions we want to hear Why does  # Saudi arabia and  # Israel get away with mass murder ? 
 # Wahhabism  # Zionism",Disaster
Okay not sure the word  ' mass murder '  applies during this war but it was horrendous none the less .  ,Disaster
Another white guy trying to mass murder people for no apparent reason just because let me guess he is mentally ill blah blah blah  # Antioch,Disaster
Hiroshima :  70 years since the worst mass murder in human history .  Never forget .  ,Disaster
 @ CarlaChamorros HILLARY A MASS MURDERER . ,Non-Disaster
Kach was a group to which belonged Baruch Goldstein a mass murderer who in 1994 shot and killed 29 Palestinian ,Disaster
 @ TrillAC_ I think we have only had like one black mass murderer in the history of mass murders white people do that shit . ,Disaster
Mass murderer Che Guevara greeting a woman in North Korea  ' ,Disaster
 [ Creel : You must think I am a real moron Flag man !  A brainless mass of muscle !  ]  I do . But I do not think you are a mass murderer ! ,Non-Disaster
 # gun sense answer to  # GFZ ' s :  break law on the minuscule chance a mass murderer shows up .  ,Disaster
 # TheaterShooting DEFENDANT / MASS MURDERER CHOSE NOT 2 TESTIFY IN FINAL PHASE 3 so he will not therefore B subject 2 cross - exam or jury questions,Disaster
It is like God wants me to become a mass murderer with how many dickheads I have to deal with on a daily basis . ,Non-Disaster
 @ atljw  @ CNN Breaking News fine line btw mass murderer and terrorist .  Yes we do not know if there is polit .  or social aspect yet ;  however he went to a,Non-Disaster
White people I know you worry tirelessly about black on black crime but what are you going to do about your mass murderer problem ? ,Disaster
 @ defendbutera i look like a mass murderer in it,Non-Disaster
 .  @ LibertyGeek83 Something about kissing the ass of mass murderer does not sit right with me .   @ POTUS feels this is ok .  ,Non-Disaster
You happen to conveniently  ' forget '  about how you Zionists revere and  ' honour '  mass murderer Baruch Goldstein .   ,Disaster
seeing as how this person is a mass murderer and has like FBI CIA grade equipment to do evil shit . ,Non-Disaster
Hey  # movietheatre mass murderer wanna - be we do not play that shit in the  # 615 ! ,Disaster
Julian Knight  -   @ SCVSupremeCourt dismisses mass murderer ' s attempt to increase prisoner pay .  Challenged quantum of 5 %  increase 2013 . ,Disaster
 @ bettyfreedoms  @ AbnInfVet hillary mass murderer . ,Disaster
"Reminder :  Mass murderer and white supremacist Anders Breivik was also unsurprisingly an anti - feminist . 
",Disaster
 @ TheEconomist Step one :  get that mass murderer ' s portrait off the yuan . ,Non-Disaster
"If your friends really were your friends they would support you regardless of your decisions . 

Unless you become a mass - murderer or something",Non-Disaster
 @ VictoriaGittins what do you take me for I am not a mass murderer !  Just the one . ,Non-Disaster
Happy boy to mass murderer ,Disaster
 @ NeanderRebel If you take the suit off him I would not be surprised to hear this is the face that belonged to another democrat mass - murderer,Disaster
Has gun law ever dissuaded a potential mass murderer ? ,Disaster
Another White mass murderer .  Thank God I live in California .   ,Disaster
 @ TelegraphWorld lets hope it is a upper class white mass murderer .  '  '  '  Mmmm,Non-Disaster
Another White mass murderer .  Thank God I am from California .   @ FrauTrapani,Disaster
Not only are you a mass murderer but at a movie theatre where niggas dropped bread to see a movie ?  Cmon man . ,Non-Disaster
 @ BenignoVito  @ LibertyBell1000 HILLARYMASS MURDERER . ,Non-Disaster
Nazi Mass Murderer Became Chairman At Vaccine Drug Company In .  ,Disaster
Another White mass murderer .   # Antioch  ,Disaster
 @ blairmcdougall and when will you be commenting on Ian Taylor ' s dealings with mass  -  murderer Arkan ? ,Disaster
 @ AFK_10  @ Dr_JohanFranzen ISIS are orchs .  But they do not have the ability to massacre civilians far from the frontlines like the tyrant . ,Disaster
" @ Cameron_WATE
 Parents of Colorado theater shooting victim fear copycat massacre


 # Antioch

",Disaster
UK police link Tunisian beach massacre with Bardo museum attack ,Disaster
Baby elephant dies just days after surviving massacre of his family ,Disaster
" @ abc3340 
Parents of Colorado theater shooting victim fear copycat massacre


 # Antioch

",Disaster
I just bought tickets to DEATH BED  /  DUDE BRO PARTY MASSACRE III with  @ Patton Oswalt Live at  @ AlamoDC !  ,Non-Disaster
This Friday !  Palm Beach County  # Grindhouse Series one night screening of   # TexasChainsawMassacre   @ morbidmovies,Non-Disaster
 @ AnimalLogic LOTG smoothed out once blue bird and moth were caught and let go .  Chalked up mouse massacre to a subtle Disney diss . ,Non-Disaster
3 Years After the Sikh Temple Massacre Hate - Violence Prevention Is Key  |   @ dviyer  @ Colorlines  ,Disaster
"Massacre at  # Sinjar  :  Has the World Forgotten the  # Yazidi  ? 

 #  ? _ ? _ ?   # yazidi_shingal_genocide  # EzidiGenocide",Disaster
Colorado movie massacre trial jurors reach verdict on mitigating factors  ,Disaster
Still Uninvestigated After 50 Years :  Did the U . S .  Help Incite the 1965 Indonesia Massacre ?  ,Disaster
" @ KabarMesir  @ badr58 
Never dies a big Crime like RABAA MASSACRE as long the revolution is being observed . 
 # rememberRABAA",Disaster
Bad day,Non-Disaster
 @ eileenmfl are you serious ? ,Non-Disaster
Bestie is making me watch texas chainsaw massacre  ? ,Disaster
Petition / No Medals for 1890 Massacre Justice for Wounded Knee Killings of Native Americans !   ,Disaster
I see a massacre ! ,Disaster
"Headed to the massacre 
Bodies arriving everyday 
What were those shells you heard 
Picking the bones up along the way",Disaster
" @ Bloodbath_TV favourite YouTube channel going right now . 
Love everything you guys do and thank you introducing me to Dude Bro Party Massacre",Non-Disaster
The Fake of Nanking Massacre - 4 Eyewitnesses  ( English )  :     # Obama  # Clinton  # Bush  # GOP  # ABC  # CBS  # BBC  # CNN  # WSJ  # WPO,Disaster
Remember this was a massacre of civilians .   # Hiroshima ,Disaster
do not mess with my Daddy I can be a massacre .   # BeCarefulHarry,Non-Disaster
Tunisia beach massacre linked to March terror attack on museum ,Disaster
 @ CIA hey you guy ' s i stopped a massacre so you   send the cops to my house to make this town permanently hate me wtf ? ,Non-Disaster
 @ freddiedeboer  @ Thucydiplease then you have rise of Coates Charleston massacre Walter Scott and black twitter more broadly as well . ,Disaster
Review :  Dude Bro Party Massacre III  by Patrick BromleyThe title sa  ,Non-Disaster
 @ gigagil IOF murdered over 513 Palestinian children  ( 70 %  under 12 )  during Gaza Massacre where was zionist morality - zionism is a world evil ! ,Disaster
Sousse beach massacre linked to Tunis museum attack ,Disaster
Soap and education are not as sudden as a massacre but they are more deadly in the long run .   -  Mark Twain,Non-Disaster
Tell  @ BarackObama to rescind medals of  ' honor '  given to US soldiers at the Massacre of Wounded Knee .  SIGN NOW  &  RT !  ,Disaster
" @ nataliealund 
Parents of Colorado theater shooting victim fear copycat massacre


 # Antioch

",Disaster
" @ WKRN 
Parents of Colorado theater shooting victim fear copycat massacre


 # Antioch

",Disaster
 @ MartynWaites It is a well - known fact that the St Valentine ' s Day massacre could have been avoided with some  ' oompah - period '  Tom Waits . ,Disaster
The Martyrs Who Kept Udhampur Terrorists at Bay Averted a Massacre :  It was two young  SPS,Disaster
Is this the creepiest youth camp ever ?  .  ,Non-Disaster
Beach Reads in August  # Giveaway Hop  &   @ StuckInBooks is giving away any book in Mayhem series !   ,Non-Disaster
 @ CVinch_WAOW thank you !  Drove by the mayhem .  How scary !   - Stacy,Non-Disaster
Slayer Reflects on Low Mayhem Festival Attendance King Diamond  &  Jeff Hanneman ' s Passing ,Non-Disaster
I guess ill never be able to go to mayhem . ,Non-Disaster
I liked a  @ YouTube video from  @ Justin Stuart  GUN RANGE MAYHEM ! ,Disaster
 @ RaynbowAffair Editor In Chief  @ DiamondKesawn Releases Issue  # 7  of  # Royal Academy Magazine .   # Fashion  # Models and  # Mayhem,Non-Disaster
 @ Alex Belloli I do It just seemed like the pages were out of order,Non-Disaster
Tonight It is Going To Be Mayhem  @   # Foreplay Thursdays .  Everybody Free with Text .  1716 I ST NW  ( 18 +  )  ,Non-Disaster
Mayhem is beautiful,Non-Disaster
 @ Mayhem_114 are you reading right to left,Non-Disaster
Anyone else think that Stephen sounds like Andy Dick when he gets excited ?  The difference being .  I actually like Stephen .   # MasterChef,Non-Disaster
 # No Surrender Results :  Full Metal Mayhem World Title Match Bully Ray Taken Out A Career Comes To An End and More !  ,Non-Disaster
 @ Alex Belloli well now I know lol,Non-Disaster
 # TBT to that time my best friend and I panicked at the disco .  ,Non-Disaster
Magic City Mayhem :  Kissimmee adventures  ?  Aug .  5 2015 ,Non-Disaster
"_
 ? RETWEET
 ? 
 ? FOLLOW ALL WHO RT
 ? 
 ? FOLLOWBACK
 ? 
 ? GAIN WITH 
 ? 
 ? FOLLOW  ?  @ ganseyman  # RT_4_A_MENTION
 # TY",Non-Disaster
They are the real heroes .  RIP Brave hearts .  ,Non-Disaster
The Campaign :  Will Ferrell and Zach Galifianakis commit comic mayhem in this hilarious political farce .  4 *  ,Non-Disaster
Asbury Park shooting reported  via  @ AsburyParkPress,Disaster
Ive seen lots ask about this MT  @ JMCwrites  # Pitchwars I asked for magic realism but not fantasy .  What is the diff ?  ,Non-Disaster
The best .  Mind is clear content and observations for days .   ,Non-Disaster
 @ Akcsl bit of both .  going to venture out once I have chosen suitable music for the mayhem . ,Non-Disaster
BREAKING :  Authorities respond to Ocean fire ,Disaster
 < meltdown of proportions commences I manage to calm myself long enough to turn the waters to hot and wait for the steam to cloud my vision - ,Non-Disaster
the straight bass dubloadz droppd when they opened  @  meltdown had everyone meelllttting ,Non-Disaster
Deepak Chopra ' s EPIC Twitter Meltdown ,Non-Disaster
The ol '  meltdown victory for the Mets . ,Disaster
 @ DrDrewHLN              ' A simple meltdown !  '   Areva have you ever seen an out of control kid ? ,Non-Disaster
 @ tinybaby  @ adultblackmale  @ mattytalks meltdown mwednesday,Disaster
 @ kinkyconnors IM sorry for my meltdown last night laughing my ass off but I am getting my tooth fixed Friday  ? ,Non-Disaster
One of these candidates is going to have a Frank Grimes level meltdown with how voters love Trump no matter what .  ,Non-Disaster
I had a meltdown in Demi ' s instagram comments ,Non-Disaster
 @ nashhmu have a meltdown he noticed you,Non-Disaster
Whenever I have a meltdown and need someone  @ Becca_Caitlyn99 is always like  ' leaving in 5 '  and I do not know how I got so lucky  # blessed,Non-Disaster
Looks like it may have been microsofts anti virus trying to update causing the meltdown,Non-Disaster
DFR EP016 Monthly Meltdown  -  On Dnbheaven 2015 . 08 . 06   # Drum and Bass  # heavy  # nasty ,Non-Disaster
THE GLOBAL ECONOMIC MELTDOWN is out !   Stories via  @ seagull07  @ AleisStokes  @ intelligencebar,Disaster
" @ JustinTrudeau 

Most respected in world
Best job recovery G7 and G20
Best led during 2008 world meltdown

What exactly have you done  ? ",Non-Disaster
 @ crowdtappers  @ joinvroom OMG I remember the meltdown the day I did her hair like ELSA and not ANNA .  OHHHH THE HORROR !  LOL  # tangletalk,Non-Disaster
 @ DmoneyDemi I had my meltdown yesterday .   I am going to miss you so much .  You are forsure my DTB for life .  When I get back watchout  ? ,Non-Disaster
Why must I have a meltdown every few days ?   ? ,Non-Disaster
 @ nprfreshair I really cannot believe he is skipping out before the Republican meltdown . I mean  ' debate '  . ,Non-Disaster
Commodities are Crashing Like It is 2008 All Over Again  via  @ business,Non-Disaster
A back to school commercial came on and my sister had a meltdown .   ? ,Non-Disaster
 ?  ice age :  the meltdown,Non-Disaster
 E - Mini SP 500 :  Earnings letdown equals market meltdown !    # Amazon,Non-Disaster
"def louis is tired plus the meltdown of fans when he confirmed he is a dad but some fans are reaching 
making conclusions and stuff",Non-Disaster
Ever since my Facebook  # Mets meltdown after the Padres fiasco -  mets are 6 - 0 .  You are welcome,Non-Disaster
Currently :  Uncontrollable meltdown number 2,Non-Disaster
Pam ' s Barry Island wedding meltdown  ? ,Non-Disaster
 @ LeMaireLee  @ danharmon People Near Meltdown Comics Who Have Free Time to Wait in Line on Sunday Nights are not a representative sample .   # 140,Non-Disaster
Meltdown,Non-Disaster
Have you read this awesome book yet ?   The Two Trillion Dollar Meltdown  ,Non-Disaster
Byproduct of metal price meltdown is a higher silver price ,Disaster
President Barack Obama has on air meltdown over opposition to Iran nuclear deal  via  @ examinercom,Disaster
LOL Warthen in the midst of bullpen meltdown reaching for Double Bubble .   # Mets,Non-Disaster
 # 3 :  TITAN WarriorCord 100 Feet  -  Authentic Military 550 Paracord  -  MIL - C - 5040 - H Type III 7 Strand 5 / 16 '  di .  ,Non-Disaster
 @ FurTrix then find cougars who look like her even better if they are in military uniform ! ,Non-Disaster
"Russian  # ushanka  # winter  # military fur hat  ( xl61 - 62 )  with soviet badge LINK : 
 ",Non-Disaster
Senator  ' alarmed '  by reports U . S .  military families harassed :  A U . S .  Senator said on Wednesday he was alarmed by ,Disaster
 @ YMcglaun THANK YOU FOR UNDERSTANDING  THE GOV .  ONLY TELLS US ABOUT 5 %  OF WHATS REALLY GOING ON I HAVE MILITARY HOUSE  &  CIA CONNECTS  ! ,Non-Disaster
 @ UnivSFoundation For the people who died in Human Experiments by Unit 731 of Japanese military  ,Disaster
Mike Magner Discusses A Trust Betrayed :   via  @ YouTube  # military  # veterans  # environment,Non-Disaster
"Hat  # russian soviet army kgb  military  # cossack  # ushanka  LINK : 
 ",Non-Disaster
 @ kiranahmedd US military and Nato are fighting Talibans too,Disaster
Army names 10th Mountain units for Iraq Afghanistan deployments  ( Deeds )  ,Non-Disaster
Ford  :  Other Military VERY NICE M151A1 MUTT with matching M416 Trailer  -  Full read by eBay  ,Non-Disaster
"Thank You Senator  @ Tim Kaine for your Leadership on  # Iran Deal 
Our Military deserves nothing less .  THANK YOU ! 

",Non-Disaster
i strongly support our military  &  their families just not the cock suckers in DC they work for,Non-Disaster
 @ stfxuniversity For the people who died in Human Experiments by Unit 731 of Japanese military  ,Disaster
13 reasons why we love women in the military    -  lulgzimbestpicts  ,Non-Disaster
Online infantryman experimental military training tutorials shower down upon assertative intelligence as regard . ,Non-Disaster
 @ 2for1Lapdances For the people who died in Human Experiments by Unit 731 of Japanese military  ,Disaster
How do you call yourself a base conservative when u think it is okay 2 duck military service  &  contribute thousands 2  # HillaryClinton 2012 ? ,Non-Disaster
We are  # hiring !  Read about our latest  # job opening here :  Registered Nurse  -  Call - in  -  Military Program  -    # Nursing,Non-Disaster
Courageous and honest analysis of need to use Atomic Bomb in 1945 .   # Hiroshima Japanese military refused surrender .  ,Disaster
Listen LIve :    # Author  # Interview Beth Underwood of  # Gravity on  # Military  # Mom  # TalkRadio,Non-Disaster
 @ Hendrick Motorsports  @ Hendrick Motorsports  @ RIRInsider Fingers crossed that there will be a driver from Hendricks in Military Hospitality with  @ neanea2724 ! ,Non-Disaster
 @ UniversityofLaw For the people who died in Human Experiments by Unit 731 of Japanese military  ,Disaster
Lot of 20 Tom Clancy Military Mystery Novels  -  Paperback   # tomclancy,Non-Disaster
 @ CochiseCollege For the people who died in Human Experiments by Unit 731 of Japanese military  ,Disaster
I remember when I worked at Mcdonalds I use to be hours late because we used military time and I use to mess up when I had to be there  :  / ,Non-Disaster
Pakistan Supreme Court OKs Military Courts to Try Civilians :  The Supreme Court ruling would empower the milita .  ,Non-Disaster
Bad News for US :  China Russia Bolstering Military Cooperation in Asia  /  Sputnik International  via  @ SputnikInt,Non-Disaster
Study :  Wider Variety of Therapies Could Help Vets Troops With PTSD  |    via  @ Militarydotcom,Non-Disaster
the MOFO in DC will leave our military unarmed to be gunned down by terrorist  &  a lot worseits not their sorry asses,Non-Disaster
Stu Dorret ' s mudslide rubber tyre cake may have saved you  # GBBO,Non-Disaster
 ' It looks like a mudslide !  '  And  # GBBO is back with a belter ! ,Disaster
STERLING - SCOTT on the Red Carpet at a fundraiser for  ' OSO Mudslide '   ,Disaster
Stu put beetroot in his cake and even lost to a mudslide,Non-Disaster
 @ Pete_r_Knox  @ Gemmasterful I think the mudslide cake lady will go and the hipster will unfortunately stay . ,Non-Disaster
Hope Dorett ' s  ' mudslide '  cake wins ?   # GBBO,Non-Disaster
 ' It looks like a mudslide '   ' It is like chewing on rubber '   # GBBO  ? ,Non-Disaster
The 19 year old ' s smug face when Dorret brings out her mudslide Black Forest gateau  # priceless  # GBBO,Non-Disaster
 @ marc_holl  @ NenniCook  @ AitchKayCee  @ vixstuart  @ benjbeckwith It is not pretty  ?  # disaster  # GBBO  # mudslide,Disaster
Looks like a mudslide and tastes like rubber oh how I love the bake off !   # britishbakeoff  # paulhollywood,Non-Disaster
 ' It looks like a mudslide '  poor thing !   ?   # great british bake off,Disaster
God bless you and your mudslide cake Dorret  ? ,Non-Disaster
Flood and Mudslide Warning for East Fjords  |  Iceland Review   # icelandreview via  @ iceland_review,Disaster
Someone split a mudslide w me when I get off work,Non-Disaster
Loved the opener and still feeling guilty for gasping and giggling at the mudslide  -  Dorret we live you   # GBBO,Non-Disaster
2 great new recipes ;  mudslide cake and so sorry stew !   # GBBO,Non-Disaster
 @ SophieWisey I could not .   # mudslide,Disaster
" # GBBO The difference between Paul and Mary my dears
Paul :   ' it looks like a mudslide ' 
Mary :   ' I have a feeling it is going to taste great ' ",Non-Disaster
DORETTE THATS THE NAME OF THE mudslide CAKE MAKER,Non-Disaster
RT RabidMonkeys1 :  Ah  the unique mudslide cake  ?  # GBBO ,Non-Disaster
 @ brobread looks like mudslide ? ,Disaster
" @ Lolly_Knickers It is a mudslide .  
It is like chewing on a rubber tyre . 
And with those I am DONE . 
 # vaginaorcake  # GBBO",Disaster
You ' ve 100 %  fucked up when Paul says your cake looks like a  ' mudslide '  and tastes like  ' rubber ' ,Non-Disaster
First impressions :  glad hat man is leaving in lieu of more interesting ladies .  Hope mudslide lady triumphs next week . ,Non-Disaster
 @ hazelannmac ooh now I feel guilty about wishing hatman out .  I bet the mudslide was delicious ! ,Non-Disaster
 @ UrufuSanRagu a Mudslide ? ,Disaster
British bake off was great pretty hilarious moments  # mudslide,Non-Disaster
 @ new_hart2010  # mudslide .  nuff said  # GBBO,Disaster
Oso Washington Mudslide Response Interview  Part 1 ,Disaster
 # Bake Off Friends the one with the mudslide,Non-Disaster
HE CALLED IT A mudslide AW,Non-Disaster
 @ MarianKeyes Rubber Mudslide !  Still laughing ! ,Non-Disaster
 # Bake Off Friends  # GBBO  ' The one with the mudslide and the guy with the hat ' ,Non-Disaster
When bae soak you in mudslide at backroom ?   # this is why we cannot have nice things ,Non-Disaster
her cake looks like a mudslide hah,Non-Disaster
First time getting into  # gbbo2015 and physically gasped at the cake  ' mudslide '  incident already way too emotionally invested . ,Disaster
 @ nikistitz even the one that looked like a mudslide ? ,Non-Disaster
she is a natural disaster she is the last of the American girls  ? ,Non-Disaster
" ' Up to 40 %  of businesses affected by a natural or man - made disaster never reopen ' 
",Non-Disaster
 @ Doylech They are refugees :   ' people who have been forced to leave their country in order to escape war persecution or natural disaster ' ,Disaster
On the sneak America has us spoiled .  A natural disaster will humble niggas . ,Disaster
RaÌ¼l sends a message of condolence to Vietnam following natural disaster ,Disaster
 @ Cali74142290 lol natural disaster / hospital crisis something is needed to get rid of some cast members . ,Disaster
Rationing of food and water may also become necessary during an emergency such as a natural disaster or terror attack . ,Non-Disaster
Some people are really natural disaster too,Disaster
What Natural Disaster Are You When You Get Angry ?  ,Non-Disaster
Coming later this year~  ' THE MAN THAT TATTOOED WOMEN .  '  A novel based on a real serial killer from  # Arkansas  &  a natural disaster .   # NOLA,Disaster
RaÌ¼l sends a message of condolence to Vietnam following natural disaster :  On behalf of the Cuban government an .  ,Disaster
 @ TwopTwips make natural disaster reporting more interesting by adding  ' The '  to headlines such as  ' Rescuers are sifting through the wreckage ' ,Non-Disaster
Expert Prepper :  Financial Collapse Natural Disaster Failed Grid .   ,Disaster
Rise up like a natural disaster we take the bat and then we take back the town ? ,Non-Disaster
its only getting colder and colder and faster and faster and when i first realized it it was like a natural disaster,Disaster
anyway 2 me ?  Mateo just doesnt exist ?  Hes a mirage a pointless addition to our Generation .  a human natural disaster .  Im sorry but its true,Non-Disaster
natural disaster  News Stories About natural disaster  -  Page 1  |  Newser ,Disaster
And you are loving me like water slipping through my fingers such a natural disaster love,Non-Disaster
I added a video to a  @ YouTube playlist  Natural Disaster Survival  -  HUG BY A GUEST !  on Roblox,Non-Disaster
"This is the natural and unavoidable consequence of socialism everywhere it has been tried . 
 A",Disaster
Suncorp net profit rises to  $ 1 . 13 billion in worst year of natural disaster claims ,Disaster
Of course the one day I have to dress professionally aka unsensibly for class is the day I have try and outrun a natural disaster ! ,Disaster
 * books a flight to Burma when country is enduring political unrest and a natural disaster *  no wonder it was so cheap ay,Disaster
 @ ConnorFranta  # AskConnor if you were a natural disaster what would you be ? ,Non-Disaster
We have overrun a Natural Disaster Survival server ! ,Disaster
"This is the natural and unavoidable consequence of socialism everywhere it has been tried . 
 E",Non-Disaster
Hello natural hazards / disaster recovery  &  emergency management ppl can u recommend good hashtags to follow OR send me links of good reads ? ,Non-Disaster
 @ BookTubeAThon A world in which people are not dying from natural and supernatural disaster and war most likely . ,Non-Disaster
Savings and sewing in Guatemala :  Savings and sewing in Guatemala .  When a natural disaster hit seamstress Elvia .   ,Disaster
Patriot Survival Guide :  Do you know how survive when the governments collapse or other natural disaster happens ?  ,Disaster
"This is the natural and unavoidable consequence of socialism everywhere it has been tried . 
 F",Non-Disaster
Is your team ready for a natural disaster a violent client or power outage ?  Contact Ready Vet to design .  ,Non-Disaster
beforeitsnews  :  3 former executives to be prosecuted in Fukushima nuclear disaster   )  ,Disaster
Alarming Rise in Dead Marine Life Since the  # Fukushima Nuclear Disaster :   ,Disaster
"Nuclear deal disaster . 

 # Iran Deal  # NoNuclearIran  # BadIran Deal  @ JebBush  @ BarackObama ",Non-Disaster
If i tweet daily  # Fukushima  # Japan global nuclear disaster &   # Chernobyl ppl dont care there is no hope 4 humanity C >  ,Disaster
" ?  # FUKUSHIMA ?  # TEPCO ? 
Fukushima Nuclear Disaster  |  Increased Thyroid Cancer in  # US  -  Integrative Cancer Answers
",Disaster
Though serious  # natural  # disaster increased in  # Japanjapan  # Nuclear safety standard is far inferior to  # US standard .  # anonymous  # Nytimes,Disaster
Physical sense helps preserve memories of 2011 triple disaster  ( 8 / 4 AJW )    # jishin_e  # nuclear  # Minamisoma,Disaster
"
ANOTHER DISASTER WAITING TO HAPPEN AND YOUR ALLOWING IT ? ",Disaster
 @ DalaiLama then have the biggest nuclear disaster to ever have happened,Disaster
 # Obama signed up to a deal that far from making the world a safer place  via  @ upi  # Iran  # Nuclear  # IranNuclearDeal,Disaster
3 former executives to be prosecuted in Fukushima nuclear disaster ,Disaster
 @ emmerdale can we have a public vote for the next annual village disaster ?   i want an isis strike or a nuclear accident  &  end this forever,Disaster
Fukushima Nuclear Disaster  |  Increased Thyroid Cancer in U . S .  ,Disaster
The people who tweet and care about  # Japan  # Fukushima nuclear disaster are not the problem those who ignore are the problem . ,Disaster
We want to see no more Hiroshima and Nagasaki nuclear bomb disaster in this beautiful world . Lets be peaceful  &  save this human civilization . ,Disaster
 # Japan  # Fukushima the most serious man made disaster in human history .   a marker of radiation brain damage ,Disaster
 # refugees of  # nuclear disaster in western  # Japan will be beyond 500 thousand at least .   # AFP  # guardian  # WPS  # NYTimes,Disaster
3 Former Executives To Be Prosecuted In Fukushima Nuclear Disaster ,Disaster
 @ drvox Trump can say nice things about nuclear power but  ' drill baby drill !  '   +  AGW denial  =  policy disaster for nuclear power . ,Non-Disaster
CLOSING THEIR EYES TO DISASTER !   State Department Unaware of Reports Iran is Sanitizing Nuclear Sites ,Disaster
"3 Former Executives to Be Prosecuted in Fukushima Nuclear  # Disaster . 

The story :   via  @ nytimes",Disaster
Any disaster impairs mental health especially in vulnerable individuals .  ,Disaster
Fukushima  ' mutant vegetable '  images sweep across the region two years after nuclear disaster  via  @ MailOnline,Disaster
Bombing  # Iran would result in a never - ending game of  # nuclear whack - a - mole .  Here is why :   ,Disaster
Fukushima :  The Story of a Nuclear Disaster  ,Disaster
The president spoke of Kennedy ' s diplomacy to avert nuclear disaster during the Cold War to bolster his own pitch for Congress '  approval,Disaster
573 deaths have been certified by the Government as nuclear disaster - related deaths,Disaster
3 Former Executives to Be Prosecuted in Fukushima Nuclear Disaster ,Disaster
70 years ago today 1945  # Hiroshima was the first nuclear atomic bomb leaving a major disaster in the wake .  ,Disaster
If U care about life on land sea  &  in air then dont pretend  &  ignore the nuclear disaster in  # Japan  # Fukushima this is a  # global problem,Disaster
" # Nuclear policy of  # Japan without responsibility about Nuclear  # Disaster will repeat same  # failure . 
 # annonymous  # guardian  # NYTimes  # Reuters",Disaster
Over half of poll respondents worry nuclear disaster fading from public consciousness   # fukushima,Non-Disaster
Chernobyl disaster  -  Wikipedia the free encyclopedia do not you just love the nuclear technology it is so glorious  ,Disaster
Err : 509,Non-Disaster
Check out this awesome profile on  # GE ' s swimming  # robot used in  # nuclear reactors !    # innovation ,Non-Disaster
Finnish Nuclear Plant to Move Ahead After Financing Secured -  >  ,Non-Disaster
Global Nuclear Reactor Construction Market grew 4 . 5 %  between 2013 and 2014 ,Disaster
Has An Ancient Nuclear Reactor Been Discovered In Africa ?   Your .  ,Non-Disaster
Salem 2 nuclear reactor shut down over electrical circuit failure on pump :  The Salem 2 nuclear reactor had bee .  ,Disaster
Quick Fact :  No  # nuclear reactor has come into operation in the  # US for over 43 years .   ,Non-Disaster
US Navy Sidelines 3 Newest Subs  -   :  DefenseNews . comUS Navy Sidelines 3 Newest SubsD .    # navy,Disaster
"Germany has  39 gigawatts of installed solar capacity
_One gwatt is about equal to the capacity of a nuclear reactor . 
",Non-Disaster
US Navy Sidelines 3 Newest Subs ,Non-Disaster
 ' Nuclear reactor is like a woman .  You just have to read the manual and press the right button .  ' ,Non-Disaster
Nuclear reactor railguns would be a great way to deliver t1000s . ,Non-Disaster
 @ RobertHarding  @ RepJohnKatko Crazy to use the Netanyahu argument Iran can flush A NUCLEAR REACTOR DOWN THE TOILET,Disaster
Government under pressure to abandon plans to construct UKs first nuclear reactor for more than 20 year     ,Non-Disaster
Nuclear - Deal :  Indo - Japan pact lies at the heart of two US reactor - based projects :  If Japan were to go ahead an .   ,Disaster
Nuclear  # Solar Power  # Japanese  # Fukushima Reactor Energy Japan Temperature No .  Fuel Pool More   ,Disaster
Japan ' s Restart of Nuclear Reactor Fleet Fast Approaches ,Disaster
If I am also not mistaken we are sitting right next 2 a nuclear reactor .  Not smart when we have a cataclysmic event  &  that reator melts down . ,Disaster
 @ Willie_Am_I  @ JusttheBottle I would cry in to my nuclear reactor cooling tank !    # winechat,Non-Disaster
Magnetic and electrostatic nuclear fusion reactor ,Non-Disaster
 @ stunckle  @ Gordon_R74  @ crazydoctorlady  . I am no expert but raw uranium and nuclear reactor fuel rods are 2 very different creatures . ,Disaster
Finnish ministers :  Fennovoima nuclear reactor will go ahead via  / r / worldnews ,Non-Disaster
Navy sidelines 3 newest subs ,Non-Disaster
US Navy Sidelines 3 Newest  # Subs ,Non-Disaster
Rolling sandunes the gentle lapping of the sea the call of gulls and a nuclear reactor  # sizewell ,Disaster
Finnish nuclear plant to move ahead after financing secured  via  @ business,Non-Disaster
US Energy Department Offers  $ 40Mln for New Nuclear Reactor Designs  /  Sputnik International ,Non-Disaster
A little filming inside a Nuclear Reactor at  # Chernobyl  @ SonyProUSA  @ LumixUSA  @ DJIGlobal  @ ProfBrianCox  @ RT America ,Non-Disaster
Salem 2 nuclear reactor shut down over electrical circuit failure on pump ,Disaster
Finnish ministers :  Fennovoima nuclear reactor will go ahead   # worldnews  # news  # breakingnews,Disaster
Salem 2 nuclear reactor shut down over electrical circuit failure on pump  -   ,Disaster
Finnish ministers :  Fennovoima nuclear reactor will go ahead ,Non-Disaster
Aug .  5 :  The Fort Calhoun Nuclear Station is at 100 %  capacity today according to the NRC :  ,Non-Disaster
 @ SnowyWolf5  @ TheGreenParty Besides would you rather shut down a whole nuclear reactor for maintenance or a wind turbine at a time ? ,Disaster
HamptonRoadsFor . me US Navy Sidelines 3 Newest Subs  -   ,Non-Disaster
A 17 year Boy Scout created a mini nuclear reactor in his home,Non-Disaster
 @ dicehateme  @ PuppyShogun This makes sense .  Paper beats rock paper comes from wood so wood should be able to support and obliterate rock . ,Non-Disaster
The  People ' s  Republic  Of  China   (   PROC   )  :  Abandon the West Philippine Sea and all the  .   via  @ ChangePilipinas,Non-Disaster
 @ Donald Trump to obliterate notion  &  pattern political style seemly lead voter beliefs Sarcasm Narcissism  # RichHomeyDon  # Swag  # USA  # LIKES,Non-Disaster
" # fun  # instagramers 

Jeb Bush said earlier this week that not only does he want to obliterate Planned Parenthood bu",Non-Disaster
Souda leave Lady Sonia alone or I shall obliterate you  # KneelBot,Non-Disaster
 @ klavierstuk does not so LVG is forced into the market .  May beat Spurs and smaller teams with Blind LCB .  Top 4 /  CL teams will obliterate us . ,Non-Disaster
Whereas Jez will obliterate the national debt  -  and give lots of new benefits  -  by simply printing money !  Genius !  ,Disaster
 # LOL Plymouth  ( Lets Obliterate Litter )  ,Non-Disaster
According to prophecy and also CNN a Mac tablet will completely obliterate the need for other gadgets .  Combining ,Non-Disaster
 @ JoseBasedGod I am obliterate you to the shadow realm . ,Non-Disaster
GOP debate tonight but no Jon Stewart next week to obliterate them  ?   # Jon Stewart,Non-Disaster
 @ McCaineNL Think how spectacular it will look when the Stonewall riots obliterate the white house . ,Disaster
Watch Sarah Palin OBLITERATE Planned Parenthood For Targeting Minority Women !   BB4SP ,Disaster
 @ SkyNews how is this scum still alive obliterate this cancer,Non-Disaster
WWE 2K15 :  Universe Mode  -  Part 149  -  OBLITERATE !  :   via  @ YouTube,Non-Disaster
Time to obliterate this sin ! ,Non-Disaster
"Know them recognize them . then obliterate them !  
 # gym  # gymflow  # gymtime  # team  # assassins ",Non-Disaster
Dc I love you but please obliterate power girl,Non-Disaster
 @ Gargron good sir I did not wish to but now I am forced to .  I must obliterate you,Non-Disaster
 @ holymileyray  @ moonIighthunty Focus on Me is going to obliterate careers tea,Non-Disaster
Do you ever just want to obliterate an entire species off the face of the earth ?  I vote for mosquitoes,Non-Disaster
Someone teaching you that obedience will obliterate trials in your life is trying to sell you a used car .  Jesus ' s life blows that theory .  ' ,Disaster
Wondering if gold could gap up  $ 50 on the jobs numbers tomorrow and just obliterate the shorts .  A big player with guys could smash them,Non-Disaster
It should be our duty to obliterate superstition from our society  :  Swami Agnivesh,Non-Disaster
Meek Mill Begging Nicki Minaj To Let Him Obliterate .   # ovofest  # nowplaying  ,Non-Disaster
World of warships makes me mad sometimes but it is soooo satisfying when you cross the T on a battleship and just obliterate it,Non-Disaster
 ' But time began at last to obliterate the freshness of my alarm ;  .  '  ,Non-Disaster
 @ MacBreck I know what it means . It means I will go on Twitter and obliterate any CHANCE of EVER winning another election for Pres . bad at math . ,Non-Disaster
 ' We are now prepared to obliterate more rapidly and completely every productive enterprise the Japanese have above ground in any city .  ' ,Non-Disaster
 @ horiikawa i played online last night and got my ass obliterated,Non-Disaster
RIZZO IS ON  ?  THAT BALL WAS OBLITERATED,Non-Disaster
Obliterated,Non-Disaster
Damnnnn  $ GMCR got obliterated  - 26 %   ; that should pay HUGE to whomever played accordingly,Non-Disaster
air sunrays obliterated on its hairy head like a dried wire spiderweb,Non-Disaster
I am about to be obliterated,Non-Disaster
 @ breakingnewslh  @ bree_mars watch cnn ' s the seventies terrorism episode .  Iran has always hated the U . S .  They want us obliterated . ,Disaster
"Me -  do not bother calling or texting me because my phone is obliterated

 * has 7k missed calls and messages * ",Non-Disaster
WACKOES like  # Michele Bachman predict the WORLD will SOON be OBLITERATED by a burning firey INFERNO but cannot accept  # GlobalWarming !  HELLO ! ,Non-Disaster
This the same dude that obliterated meek mill .  Dont judge a book by its cover .  ,Non-Disaster
Drunk Meals 101 :  What To Cook When You are Totally Obliterated ,Non-Disaster
 @ Sweet2Young I came in !  Had he fucking moved his entire existence would have been obliterated . ,Non-Disaster
We destroyed the  # Zimmerman fan club on Twitter  @ rzimmermanjr and we obliterated Renewsit reduced her to a sock acc .  ,Non-Disaster
 @ Rock Bottom Radio As a kid I remember hearing rules about 30 to 90 days wo a defense and you are stripped .  Brock obliterated that,Non-Disaster
So it looks like my  @ SoundCloud profile shall be no more !  Nothing left to offer !  DJ mixes obliterated  ?   # byebyesoundcloud,Non-Disaster
God the  @ mets are so cocky right now and I love it .  Uribe OBLITERATED that ball then strutted the fuck out of the batters box . ,Non-Disaster
I was obliterated last night ? ,Non-Disaster
WACKOS like  # Michele Bachman predict the WORLD will SOON be OBLITERATED by a burning firey INFERNO but cant accept  # GlobalWarming !  HELLO ! ,Disaster
Uribe just obliterated a baseball . ,Non-Disaster
 @ Silverhusky Shtap !   Before your town is obliterated and the earth is salted T_T,Non-Disaster
I cannot wait to be beyond obliterated this weekend,Non-Disaster
Obliterated my phone screen today with a drum stick .   # blessed,Non-Disaster
Poway hcg diet -  ensures mole obliterated whensoever nevermore comes above :  sizYgwWF,Non-Disaster
 @ TheEvilOlives It is the closest structure to the hypo centre that was not completely obliterated . ,Disaster
Very glad that you got obliterated in X Men First Class .  You fully deserved it after all  @ kevinbacon soz,Non-Disaster
 &  on the rare occasion I do go out I am complete obliterated the next day .  Throwing up and passing out .  My body is accustomed to alcohol,Non-Disaster
Just absolutely obliterated a moth my new purchase is boss,Non-Disaster
I think I will get obliterated tonight,Non-Disaster
Kontrolled Media say  ' US good .  Putin bad .   # WW3 good Peace bad '  .  TOTAL BS !  Leave Russia alone .  DO NOT DICE WITH obliteration .   # demonization,Disaster
This is interesting !  - Why did God order obliteration of ancient Canaanites ?   via  @ worldnetdaily,Non-Disaster
 @ LaurenJauregui I would say I am dead but I am not that right there was obliteration,Non-Disaster
Why did God order obliteration of ancient Canaanites ?   via  @ worldnetdaily,Non-Disaster
OH .   # TeamHennessy  # NJ Obliteration   @ tprimo24 ROUND 1 Happy Birthday  @ djeddygnj Colombian Festival ,Non-Disaster
I need an arcade shooter fix but CTE is empty  &  only running obliteration .  I would even buy a CoD title if they were not all overpriced on steam,Non-Disaster
 @ ThatSabineGirl you get me sis .  this planet could do with a huge dose of obliteration . ,Disaster
Are people not concerned that after  # SLAB ' s obliteration in Scotland  # Labour UK is ripping itself apart over  # Labourleadership contest ? ,Non-Disaster
 @ AuntieDote  @ RioSlade  @ Locke_Wiggins  @ akarb74 Not if one side is set on obliteration of govt and the other on fixing it .  That is too far,Non-Disaster
Why did God order obliteration of ancient Canaanites ?  ,Non-Disaster
 @ tiggr_ why only Squad Obliteration ? ,Disaster
Back in 02 to 03 would never said that 50 would have ended ja like obliteration,Non-Disaster
 @ Eganator2000 There are not many Obliteration servers but I always like to play when there are  : D,Non-Disaster
What a win by Kerry .  7 - 16 .   # obliteration,Non-Disaster
 @ ashberxo  @ mind_mischief the removal of all traces of something ;  obliteration . ,Non-Disaster
Why did God order obliteration of ancient Canaanites ?   via  @ worldnetdaily # Homosexuality is the downfall of a society . ,Non-Disaster
I added a video to a  @ YouTube playlist  GTA 5 Funny Moments  -   ' obliteration !  '   ( GTA 5 Online Funny Moments ) ,Non-Disaster
There are no four truths - of pain of desire that is the origin of pain of the obliteration of that desire of the pain to that obliteration . ,Non-Disaster
Alhaji Putin is far from being a good person sha .  At least I had front row seat to his complete obliteration of Ibeto cement a competitor . ,Non-Disaster
Dead Space  -  Obliteration Imminent  [ 2 / 2 ]  :   via  @ YouTube,Non-Disaster
Which is true to an extent .  The obliteration of white privilege would reduce unfair favoritism . ,Non-Disaster
Does Renovation Mean Obliteration ?    # entrepreneur  # management  # leadership  # smallbiz  # startup  # business,Non-Disaster
For maximum damage !  Activate  [ BIG BAND MODE ]  for old - timey obliteration ! ,Non-Disaster
He is justifying why this quarrel would one day end in d obliteration of what remains as the state of Pakistan .  ,Non-Disaster
Fear is the mind killer .  Fear is the little - death that brings total obliteration .   Bene Gesserit Litany Against Fear Dune    @ atgrannyshouse,Non-Disaster
"Path of Obliteration
Back From The Dead
Story by  @ KyleWappler  @ thisishavehope

 ",Disaster
SB57  [ NEW ]  Deepwater Horizon Oil Spill distribution of funds from BP settlement road and bridge projects in Bal .  ,Disaster
California oil spill might be larger than projected :   ,Disaster
Refugio oil spill may have been costlier bigger than projected :  A Plains All American Pipeline oil spill off  .  ,Disaster
LA Times :  Refugio oil spill may have been costlier bigger than projected ,Disaster
 ' California :  Spring Oil Spill Estimate Grows  '  by THE ASSOCIATED PRESS via NYT ,Disaster
Refugio oil spill may have been costlier bigger than projected ,Disaster
Sydney Traffic HAZARD Oil spill  -  BANKSTOWN Stacey St at Wattle St  # sydtraffic  # trafficnetwork,Disaster
Plains All American Pipeline company may have spilled 40 %  more crude oil than previously estimated  # KSBYNews  @ lilitan ,Disaster
SYD traffic HAZARD Oil spill  -  BANKSTOWN Stacey St at Wattle St ,Disaster
"Watch our video of Wendell Berry speaking about the BP oil spill in the Gulf of Mexico . 

Its the birthday .  ",Disaster
National Briefing  |  West :  California :  Spring Oil Spill Estimate Grows :  Documents released on Wednesday disclos .  ,Disaster
DTN Brazil :  Refugio oil spill may have been costlier bigger than projected :  A Plains All American Pipeline oi .  ,Disaster
Hannah :   ' Hiroshima sounds like it could be a place in China .  is not that where the oil spill was ?  ' ,Disaster
Refugio oil spill may have been costlier bigger than projected  ( LA Times )  ,Disaster
California :  Spring Oil Spill Estimate Grows :  Documents released on Wednesday disclosed that an oil sp .    # OSI2016,Disaster
Refugio oil spill may have been costlier bigger than projected   # LosAngelesTimes  # latimes  # news,Disaster
National Briefing  |  West :  California :  Spring Oil Spill Estimate Grows :  Documents released on Wednesday d .    ( NYT ) ,Disaster
Plains All American Pipeline company may have spilled 40 percent more crude oil than previously estimated .  ,Disaster
 @ Kinder_Morgan cannotwill not tell  @ cityofkamloops how they would respond to an oil spill .  Trust them ?  See Sec 4 . 2  # Kamloops ,Disaster
news @  Refugio oil spill may have been costlier bigger than projected ,Disaster
 @ TroySlaby22 slicker than an oil spill,Non-Disaster
Plains :  Calif .  Oil Spill Could be Larger than Estimated .  ,Disaster
 @ News @  Refugio oil spill may have been costlier bigger than projected ,Disaster
Refugio oil spill may have been costlier bigger than projected   # news,Disaster
Refugio oil spill may have been costlier bigger than projected   |  ,Disaster
News @  Refugio oil spill may have been costlier bigger than projected ,Disaster
Refugio oil spill may have been costlier bigger than projected  A Plains All American Pipeline oil spill off the S,Disaster
Senator voices concerns over BP oil spill settlement ,Disaster
Families to sue over Legionnaires :  More than 40 families affected by the fatal outbreak of Legionnaires '  disea .  ,Disaster
Families to sue over Legionnaires :  More than 40 families affected by the fatal outbreak of Legionnaires '  disease in Edinburgh are to  . ,Disaster
Legionnaires '  Disease :  What is Being Done to Stop Deadly Outbreak ,Disaster
10th death confirmed in Legionnaires '  outbreak in South Bronx ;  total cases reaches triple digits ,Disaster
More than 40 families affected by the fatal outbreak of Legionnaires '  disease in Edinburgh are to sue two comp .  ,Disaster
A Mad Catastrophe  :  The Outbreak of World War I and the Collapse of the .   ,Disaster
Wow - the name  # LegionnairesDisease comes from an outbreak of pneumonia at the  @ AmericanLegion convention in Philly in 1976 - 29 died from it . ,Disaster
 ' Legionnaires '  Disease :  What is Being Done to Stop Deadly Outbreak '    #  ? _ ? ,Disaster
Families to sue over Legionnaires :  More than 40 families affected by the fatal outbreak of Legio .    # MuhamadJabal,Disaster
DTN Italy :  Families to sue over Legionnaires :  More than 40 families affected by the fatal outbreak of Legionna .  ,Disaster
 @ SenateMajLdr let us try to do our best to prevent another outbreak of violence by talking to each other both the people and the politics,Disaster
New York City Outbreak :  What Is Legionnaire ' s Disease ?    ,Disaster
 @ DrAtomic420 where did you get that pic from where it shows that there is 2 trophies for Outbreak ?  Or did they photoshop it ? ,Non-Disaster
8th person dies in NY Legionnaires '  disease outbreak   # SEBEE,Disaster
Legionnaires '  Disease :  What is Being Done to Stop Deadly Outbreak :  The worst - ever outbreak of Legio .    # losangeles,Disaster
Families to sue over Legionnaires '  disease outbreak in Edinburgh  -  BBC News ,Disaster
 # News Families to sue over Legionnaires :  More than 40 families affected by the fatal outbreak of Legionnaires '  .  ,Disaster
Families to sue over Legionnaires :  More than 40 families affected by the fatal outbreak o .    # News  # check  # follow,Disaster
An outbreak of Legionnaires '  disease in New York has killed at least 8 people  now officials think they have fo .  ,Disaster
An outbreak of Legionnaires '  disease in New York has killed at least 8 people  @ BI_Video  ,Disaster
" # BREAKING 10th death confirmed in Legionnaires '  outbreak in South Bronx ;  total cases reaches triple digits
",Disaster
Tube strike  =  absolute pandemonium,Non-Disaster
Pandemonium In Aba As Woman Delivers Baby Without Face  ( Photos )  .   ,Disaster
Element of Freedom :  The Biggest Party of the Summer  @  Mirage Saturday !  Tickets at ,Non-Disaster
 @ hashtagteaclub place out .  It was ex Pars defender Andy Tod in full uniform .  It was instant pandemonium .  Utter mayhem ensued ! ,Non-Disaster
Pandemonium In Aba As Woman Delivers Baby Without Face  ( Photos )   -  ,Disaster
 @ J3Lyon I am going to put the FFVII ones out at the weekend so I think Pandemonium !   ( do not forget the exclamation mark )  would be midweek . ,Non-Disaster
 @ Heroes of the Storm Would love to see a Diablo map themed after places like Westmarch or Mt .  Arreat or Pandemonium . ,Non-Disaster
 @ Minhaz Merchant Govt should pass the bills in the Pandemonium .  UPA used to do it why cant NDA ? ,Non-Disaster
I will be at SFA very soon .  # Pandemonium ,Disaster
Proud of you  @ JoeGoodmanJr for watching the  # CopaLibertadores and the Argentinean pandemonium .  ,Non-Disaster
Pandemonium In Aba As Woman Delivers Baby Without Face  ( Photos )  ,Non-Disaster
 # Pandemonium . iso psp ,Non-Disaster
Pandemonium use to be my fav cd  ?  I had to get it ,Disaster
World Class Tgirl Ass 02  -  Scene 4  -  Pandemonium ,Non-Disaster
Hey all take a look at my review of  ' Pandemonium '   &   ' Requiem '  by Lauren Oliver .  Enjoy !  ,Non-Disaster
Element of Freedom at Mirage Saturday !  21 +  Ladies Free Before Midnight !  '  ,Non-Disaster
 @ KhalidKKazi mate they have taken another 2 since I posted this tweet it is pandemonium,Disaster
 >  >   @ GidiExclusixe Shock In Aba As Woman Delivers Faceless Baby  [ Photo ]  :  There was pandemonium .    # BennyCapricon,Non-Disaster
 @ Dr_Baseball41  @ GrantTamane8  @ DrewWTaylor  @ Dtop77   On the Christie Hillside :  Game 4 :  Pandemonium at the Pits .  ,Non-Disaster
If she do not know bout that Pandemonium album  # Shestooyoung,Non-Disaster
Pandemonium In Aba As Woman Delivers Baby Without Face  ( Photos )   @  .  ,Non-Disaster
Exquisite asian in sto .    # cumshot  # sex  # porn  # video  # porno  # free,Non-Disaster
My workplace is going to be pandemonium when the season starts  ? ,Non-Disaster
Pandemonium In Aba As Woman Delivers Baby Without Face  ( Photos )   ,Non-Disaster
 -   Pandemonium In Aba As Woman Delivers Baby Without Face  ,Non-Disaster
Cyclists it is pandemonium on the roads today .  Drive carefully ! ,Non-Disaster
 @ PBohanna Probably a dead boring 1st hour and a half after the pandemonium of the last Test .   # justaguess,Non-Disaster
Photo :  deadgirltalking :  unfortunemelody :  jaylenejoybeligan :  tarynel :  dredougie :  santanico - pandemonium :  .  ,Non-Disaster
Pandemonium In Aba As Woman Delivers Baby Without Face ( Photos )  ,Disaster
Truly a scene of chaos unprecedented in frenzy .  Pandemonium even .  Utter disorder .  That anyone survived such mania is astounding .   @ catovitch,Disaster
  - PANDEMONIUM !  Playstation One PS1 Retro Classic Original Platform Platinum Rare # Deals_UK ,Non-Disaster
it is do not panic,Non-Disaster
Obligatory middle of the night panic attack,Non-Disaster
 @ brokenscnecal I just though about panic !  at the disco when I said that,Non-Disaster
Drake spokes rep for the raptors . Beg to differ the other night when shots rang out at Musik was not a goodlook . Running in panic no fun,Non-Disaster
The cool kids asked me if I wanted to hang out after school so I had a panic attack and had to go to the hospital  # autismawareness,Non-Disaster
Love it when Jesse suffers a panic attack .  ,Non-Disaster
 @ tim_micallef when do u think Yankees hit the panic button ?   # TroubleOnMyMind,Non-Disaster
 @ JetixRestored Here is Part 2 Of Teamo Supremo Pogo Panic !  I Want You Make It Better !  OK !   :  )   via  @ YouTube,Non-Disaster
Is it time to panic now ?  ,Non-Disaster
Plane Panic What kind of douchebag .  Bubble Gum,Non-Disaster
 ' If plan A does not work do not panic bc there are 25 more letters .  '  I like this but feel like I may be running out of letters -  thoughts ? ,Non-Disaster
I added a video to a  @ YouTube playlist  Panic !  At The Disco :  Girls / Girls / Boys  [ OFFICIAL VIDEO ] ,Non-Disaster
i just drove with both my parents in the car laughing my ass off that was a panic attack waiting to happen,Non-Disaster
 @ elielcruz just watching the streams was bad  -  I do not think I could actually walk in there I would panic and get sick,Disaster
we was all just laughing and talking junk now everyone in panic mode,Non-Disaster
The good thing is that the  # Royals will not face a newbie in the playoffs .  No real reason to panic . ,Non-Disaster
Despite the crippling anxiety and overwhelming panic attacks I would say I am fairly well - adjusted . ,Non-Disaster
"Panic over :  Patient in Alabama tests negative for Ebola
",Disaster
I added a video to a  @ YouTube playlist  Panic !  At The Disco :  Miss Jackson ft .  LOLO  [ OFFICIAL VIDEO ] ,Non-Disaster
Every time I feel a new pain or strain in my body I panic because I need it for my career  ? ,Non-Disaster
Panic !  at the Disco is the best song by this is gospel  ( acoustic )  ,Non-Disaster
"Lose bus card . 
Panic . 
Kind bus driver . 
Replace bus card . 
Find bus card . 
Headdesk . ",Non-Disaster
Savs contact fell out but she was convinced it didnt  &  went on to guage her eyeball out  &  now shes having a panic attack over caused damage,Non-Disaster
" @ james_justus  * returns her * 

Relax .  You know I always return her so no need to panic .  I just gave her some of those corn flakes .   : P",Non-Disaster
 @ montetjwitter11  @ nolesfan05  @ NutsAndBoltsSP I say concern but not panic .  Too many games left .  And some games left against each other . ,Non-Disaster
 @ panic awesome thanks . ,Non-Disaster
 @ montetjwitter11  @ Mets  @ audreyp77  @ teena_797  @ darryl_brooks  @ EliteSportsNY  @ LopezandtheLion no panic from  # NatsNation but concern for sure,Non-Disaster
 @ biggangVH1 looks like George was having a panic attack .  LOL . ,Non-Disaster
 # dream  # magic The  # linden method lite version  -   # 1 anxiety panic cure program :   THE LIND ,Non-Disaster
Someone asked me about a monkey fist about 2 feet long with a panic snap like the one pictured to be used as a .  ,Non-Disaster
tomorrow ' s going to be a year since I went to the Panic !  concert dressed as afycso ryan do u guys remember that,Disaster
Romantic dramatic but never panic original sensei write rhymes in the attic,Non-Disaster
I added a video to a  @ YouTube playlist  Panic !  At The Disco :  Collar Full  ( Audio ) ,Non-Disaster
just had a panic attack bc I do not have enough money for all the drugs and alcohol I wanted to buy this year let alone my fall bills,Non-Disaster
I had school today and I have already had a panic attack .  Thank you high school for sucking  ! ,Non-Disaster
Panic attacks are the worst  ? ,Non-Disaster
Panic at the disco te amo,Non-Disaster
Have to laughtraders panicking over market down 1 %  .  Some see these as positive capitulation .  THAT ' S A JOKE .  More to come may be ugly,Non-Disaster
 @ QuotesTTG Save the panicking for when you get to Helios .   ;  ) ,Non-Disaster
 @ Dirk_NoMissSki yea but if someone faints why are they panicking ?  .  thats basic stuff  ? ,Disaster
OKAY I CAN ' T FIND IT SO I am KINDA PANICKING,Non-Disaster
New post :   ' People are finally panicking about cable TV '  ,Non-Disaster
I hear the mumbling i hear the cackling i got em scared shook panicking,Non-Disaster
You made my mood go from shitty af to panicking af istg,Non-Disaster
Okay NOW I AM PANICKING,Non-Disaster
idm if you burn the whole gotham city bcs I am just gonna laugh at everyone while theyre panicking . ,Non-Disaster
You certainly are  @ Ian_Bartlett !  Great to see all you  # HS2 astroturfers panicking at the thought of cross party support crumbling . ,Non-Disaster
it is 11 : 30 and I am already panicking and crying bc I am so stressed NICE,Non-Disaster
People are finally panicking about cable TV ,Non-Disaster
 @ Adumbbb oh that is not too bad then haha .  I would have been panicking tho . ,Non-Disaster
 @ beauscoven nah man he is panicking .  He just found out his brothers had it off with his now wife debbie is in hospital he is stressed,Non-Disaster
Panicking because maybe my bff left me at China Bar or maybe tindering on the toilet for 20mins,Non-Disaster
 @ ushiocomics I may be panicking a little I was not as fast submitting the form as I usually am,Non-Disaster
all that panicking made me tired  ; _ ;  i want to sleep in my bed,Disaster
Yet Brits are panicking about the UK ,Non-Disaster
 ? You should be scared .  You should be screaming and panicking .  ?  THIS REDEEMER   # romanticsuspense,Non-Disaster
My dad is panicking as my weight loss means he needs to hurry up with my new clothes fundwhen I reach my goal .    ? ,Non-Disaster
Already panicking about school starting again  :  -  ) ,Non-Disaster
People are finally panicking about cable TV  ,Non-Disaster
I feel like I should be panicking more as Idk I get my results back in a week .  I am Alarmingly calm,Non-Disaster
Just realized that maybe it not normal to sit up front with an Uber driver ?  Panicking,Non-Disaster
 @ c_pinto001 I see people are panicking about Orpik all over again . ,Non-Disaster
Ay I am fully panicking lol,Non-Disaster
When he lets you drive his truck and you start panicking because you had to  ' flip that bitch '  .   ?  ,Non-Disaster
 @ jeannathomas not gonna lie .  I am panicking a little bit .  Vic / Hardy not there .  Freeman not practicing . ,Non-Disaster
you can stop panicking  ?   @ ogtomd  ,Non-Disaster
My sis can now sit on a cam witho panicking ,Non-Disaster
why are people panicking about results day though hahahah like worrying is going to change your results,Non-Disaster
America said it had a war on terrorism .  Then police took my AR - 15 when I was ready to start shooting the enemies ! ,Disaster
Police :  Gunman reported dead at Nashville area theater :  A suspect who carried a gun and a hatchet at the Carmi .  ,Disaster
 # BREAKING411 4 police officers arrested for abusing children at police - run boot camp in San Luis Obispo Calif .   -   .  ,Disaster
These fucking police cannot touch me  these fuck niggas am not fucking w me,Non-Disaster
 # World  # News Qld police wrap Billy Gordon investigation :  QUEENSLAND Police have wrapped up their investigation .   ,Disaster
 ' Gunman who opened fire at Tennessee movie theater killed by police '   Anyone suspect suicide - by - cop ? ,Disaster
Police kill hatchet - wielding gunman who opened fire inside Nashville movie theater :  Amiddle - aged manarmed wi .  ,Disaster
Police unions retard justice  &  drain gov  $  but cops vote 4 Rs so Rs go after teachers unions instead !   @ DCCC  @ VJ44  @ Lawrence  @ JBouie  @ mmfa,Non-Disaster
Maid charged with stealing Dh30000 from police officer sponsor   |  ,Non-Disaster
A Santa Ana Police Union Blocks Video of the Raid at Sky High Holistic Pot Dispensary  -  The Atlantic   # SmartNews,Disaster
4 police officers arrested for abusing children at police - run boot camp in San Luis Obispo Calif .   -   @ ABC7 :  ,Disaster
Vinnie Jones goes on the beat with Northumbria Police ,Non-Disaster
Now Trending in Nigeria :  Police charge traditional ruler others with informants  murder ,Disaster
California police officer pulls gun on man without any apparent provocation  ( VIDEO )   via  @ dailykos,Disaster
Police expand search for missing pregnant woman in Beloeil :  Police in Richelieu - Saint - Laurent are expanding th .  ,Non-Disaster
Good that the police are taking care of this and also have extra security   # Harry Be Careful,Non-Disaster
"Why Are  # BAYONETS Being Distributed To Local Police Departments ? 
 @ RandPaul wants to know



 # EvilEmpire
 # JadeHelm15",Non-Disaster
UNWANTED PERSON at 200 BLOCK OF SE 12TH AVE PORTLAND OR  [ Portland Police  # PP15000266818 ]  17 : 10  # Portland Police,Non-Disaster
Episcopal priests on road trip with interracial family shares harrowing story of police harassment  via  @ dailykos,Non-Disaster
Oops :  Bounty hunters try to raid Phoenix police chief ' s home :    -  A group of armed bounty .  ,Disaster
 $ 1 million bail for man accused of  # shooting at Fife  # police  -  Aug 5  @  8 : 16 PM ET ,Disaster
DT  @ georgegalloway :  RT  @ Galloway4Mayor :  The CoL police can catch a pickpocket in Liverpool Stree .  ,Disaster
 @ BrandonMulcahy  @ fpine Here is the story ,Non-Disaster
Police kill gunman at Nashville movie theatre  -  Times of India :  Times of India Police kill ,Disaster
Oops :  Bounty hunters try to raid Phoenix police chief ' s home ,Non-Disaster
 @ robbiewilliams U fkn asswipe playing for Israeli child killers .  The fkn karma police will get U . ,Disaster
New technology designed to help prevent dangerous police chases :  In an effort to reduce injuries Milwaukee police ,Non-Disaster
 @ ArizonaDOT Price Rd North bound closed from University to Rio Salado .  Lots of police .   What is crackin ? ,Disaster
Selection September Bridgeport men charged in home invasion Police looking for burglar .   -  ,Disaster
Police walk up on me I be blowin smoke in dey face  wanna lock me up cus I got dope shit is gay,Non-Disaster
Police :  Man killed ex grandmother after son wasn &  # 8217 ; t named after him  OMG !  Absolutely Crazy ! ,Disaster
 -  =  - 0 !  .  Photo :  LASTMA officials challenge police for driving against traffic in Lagos ,Disaster
 # helpme what do I do ?  My friend has been ticketed by Police in Wayne County Michigan into never -  sending poverty cycle .  How do I help him ? ,Non-Disaster
3 Options To Fix Your Facebook Cover Violation  and Keep the  # Facebook Police away .   # socialmedia  # strategy,Non-Disaster
CNN :  Tennessee movie theater shooting suspect killed by police ,Disaster
Oops :  Bounty hunters try to raid Phoenix police chief ' s home :  A group of armed bounty hunters surrounded the h .  ,Disaster
 .  @ slosheriff :  2 South Gate police officers and 2 Huntington Park officers arrested after child abuse investigation at boot camp,Non-Disaster
Reddit Will Now Quarantine   # online communities  # reddit  # armageddon  # freespeech  # Business ,Disaster
Reddit Will Now Quarantine Offensive Content ,Non-Disaster
Reddit Will Now Quarantine Offensive Content   # Technology  # technews  # puledo_tech_update,Non-Disaster
 # Reddit updates  # content  # policy promises to quarantine extremely offensive communities ,Disaster
Reddit updates content policy promises to quarantine extremely offensive communities ,Non-Disaster
RT skanndTyagi WIRED  :  Reddit will now quarantine offensive content   (  ,Non-Disaster
Reddit Will Now Quarantine Offensive Content  ,Disaster
Update :  still have not eaten since 6 : 30 am still have to clean the dry lot and fill water in quarantine .  May pass out,Non-Disaster
Check Out :   ' Reddit Will Now Quarantine Offensive Content '  ,Non-Disaster
 # Bangalore  Reddit updates content policy promises to quarantine  ' extremely offensive '  communities   # Startups   # in,Non-Disaster
Aannnnd  -   ' Reddit Will Now Quarantine Offensive Content '  ,Non-Disaster
Herman Cranston :  WIRED  :  Reddit will now quarantine offensive content   (  ,Non-Disaster
Reddit Will Now Quarantine Offensive Content :  Reddit co - founder and CEO Steve Huffman has unveiled more specif .  ,Non-Disaster
 # wired  # business Reddit Will Now Quarantine Offensive Content ,Non-Disaster
RT  @ WIRED :  Reddit will now quarantine offensive content ,Non-Disaster
Reddit Will Now Quarantine Offensive Content   # online communities  # reddit  / via  @ wired,Non-Disaster
Wired :  Reddit Will Now Quarantine Offensive Content  -  Reddit co - founder and CEO Steve Huffman has unveiled more sp .  ,Non-Disaster
 @ missambear your Tweet was quoted by  @ WIRED  ,Non-Disaster
Yet another company trying to censor the Internet .  Reddit has started to quarantine their content :    # cc,Non-Disaster
Reddit Will Now Quarantine Offensive   # online communities  # reddit  # armageddon  # freespeech ,Non-Disaster
Loved Chicago so much that it game me Pink Eye .  Now I sit and design in quarantine and in the dark . ,Non-Disaster
Top link :  Reddit is new content policy goes into effect many horrible subreddits banned or quarantined ,Non-Disaster
when you are quarantined to a little corner bc you are too sick to be in the office but work is piling up and they need you kinda day,Non-Disaster
Reddit is new content policy goes into effect many horrible subreddits banned or quarantined  ,Non-Disaster
 # hot  Reddit is new content policy goes into effect many horrible subreddits banned or quarantined   # prebreak  # best,Non-Disaster
Officials :  Alabama home quarantined over possible Ebola case ,Disaster
Reddit is new content policy goes into effect many horrible subreddits banned or quarantined ,Non-Disaster
"Here we go again .  EBOLA !  Run for your lives !  aaarrrgghhh ! 

",Disaster
Fucking yes  / r / antiPOZi is quarantined .   Triggered the cucks we have . ,Non-Disaster
Are Users of this Sub to be Quarantined ?  ,Non-Disaster
Officials :  Alabama home quarantined over possible  .  ,Disaster
 @ _ScrambledEggs calling it now :  KIA gets banned or quarantined before month ' s end,Non-Disaster
"Officials say a quarantine is in place at a Birmingham home over a possible Ebola case . 

Edward Khan of the .  ",Disaster
"gmtTy mhtw4fnet

Officials :  Alabama home quarantined over possible Ebola case  -  Washington Times",Disaster
Alabama home quarantined over possible Ebola case :  Officials say a quarantine is in place at  .    # Bluehand  # PJNET,Disaster
Hm MT  @ Ebolatrends :  Alabama Home Quarantined Over Possible Ebola Case  ,Disaster
I am just going to say it .  Under the new reddit policy changes I think  / r / conspiracy will be quarantined and how that is bad for the truth m,Non-Disaster
okay the cat has been quarantined in my bathroom . its meowing really loud but I turned up the TV louder . things just might work out okay,Non-Disaster
Alabama firefighters quarantined after possible Ebola exposure  reports ,Disaster
"0nPzp mhtw4fnet

Officials :  Alabama Home Quarantined Over Possible Ebola Case  -  ABC News",Disaster
Alabama home quarantined over possible  # Ebola case :  An ambulance sat outside the University of Alabama at ,Disaster
Hey  @ reddit  -  the concept of a  ' quarantine '  makes no sense if the people you have quarantined can just wander out  &  about whenever they want,Non-Disaster
Ebola :  Alabama Home Quarantined Over Possible Ebola Case .  Related Articles :  ,Disaster
"oc73x mhtw4fnet

Officials :  Alabama home quarantined over possible Ebola case  -  Washington Post",Disaster
cannot DL a patch to fix the error in symantec as it is quarantined the computer ergo stopped all wireless exchange .  lol technology  ? ,Non-Disaster
 Nuclear Emergency Current USA radiation levels monitoring site,Non-Disaster
I liked a  @ YouTube video  US CANADA RADIATION UPDATE EMERGENCY FISHING CLOSURES,Disaster
WIPP emergency activated because of slightly elevated levels of radiation .   # sejorg,Disaster
Some of worst radiation exposure from Fukushima meltdown happened 47km northwest - Proof that small emergency planning zones dont cut it,Disaster
DOE ' s WIPP facility in NM investigating a site filter radiation reading ;  has activated its Emergency Ops Center ;  says no offsite release . ,Non-Disaster
Radioactive Box Quarantined  -  Israels Ashdod Port was evacuated when emergency teams discovered radiation emittin .  ,Disaster
Radiation emergency  # preparedness starts with knowing to :  get inside stay inside and stay tuned  via  @ Centers for Disease Control and Prevention,Disaster
Who Else Wants Documents Radiation Emergency Procedures 06 24 09  # radiation  # emergency  # procedures  # 06  # 24  # 09 ,Non-Disaster
" # CCOT  # TCOT  # radiation Nuclear Emergency Tracking Center

",Non-Disaster
Due to the rainstorm last night cupcake decorating is happening NOW at the Rec Hall !   $ 2  -  proceeds to  # IWK !  ,Non-Disaster
"Rainstorm downtown Gloucester
 # gloucester  # capeann  # seagulls  # triciaoneill  # triciaoneillphoto ",Disaster
 @ myrtlegroggins  < gasp !  >  I forgot Sunday !  OMG,Non-Disaster
Wow what beauty lies within every storm .  Taken today after a rainstorm at A & B Pipeliners ,Disaster
Rainstorm Destroys 600 Houses in Yobe State :  Rainstorm Destroys 600 Houses in Yobe State .   [ Daily Trust ]  Damatu .   ,Disaster
Going to the beach with Jim Alves means a guaranteed rainstorm .    # lucky ,Non-Disaster
 # DnB  # NewRelease EDGE Jimmy  -  Summer Rainstorm  ( Lapaka Sounds )   via ,Non-Disaster
 ' Three  # people were  # killed when a severe  # rainstorm in the  # Italian  # Alps caused a  # landslide '  ,Disaster
Landslide in Italian Alps kills three :  ROME  ( Reuters )   -  Three people were killed when a severe rainstorm in th .  ,Disaster
Rainstorm Destroys 600 Houses In Yobe  |  iReporter  via  @ sharethis,Disaster
Stuck in a rainstorm ?  Stay toward the middle of the road .  Most streets are crowned so water tends to pool on the sides . ,Non-Disaster
major rainstorm happening !  I am gonna lie down and drift away to the storming around me for a little while .  bebacksoon . ,Disaster
Landslide in Italian Alps kills three  -  ROME  ( Reuters )   -  Three people were killed when a severe rainstorm in the I .  ,Disaster
If you cannot have the roar of the waves a rainstorm  &  some rolling ,Non-Disaster
Robot_Rainstorm :  We have two vacancies on the  # Castle Fantasy Football team !  Join us .  Its fun .   ? ,Non-Disaster
 @ Calum Hood you look like you got caught in a rainstorm this is amazing and disgusting at the same time,Non-Disaster
Rainstorm Update :  Further North or Further South ?   ,Disaster
Nigeria :  Rainstorm Destroys 600 Houses in Yobe State :   [ Daily Trust ]  Damaturu  - Over 600 ,Disaster
"RAIN RAIN GO AWAY .  A soaker is on the way 
 -  >    <  -  ",Non-Disaster
 @ NathanFillion Hardly !   ? ,Non-Disaster
Tomorrow ' s evening commute receives a RED LIGHT .  A rainstorm impacting the region will push it is way in late evening .  ,Disaster
That rainstorm did not last nearly long enough,Disaster
 @ Robot_Rainstorm I am . sort of interested in what fonts they are using . ,Non-Disaster
lizzie363  @ CstSmith I drove thru deep water in a flash flood - rainstorm repair cost  $ 14000 .  25 yrs later people still thnk cars float ! ,Disaster
Best believe all the wrong decisions are being made out here in these Memphis streets during this here rainstorm lol my folk doe,Non-Disaster
I want it to rainstorm PLEASE,Non-Disaster
Waking up sick with a rainstorm outside would usually make me sad .  Not today though .  Put some The Kooks on the stereo and let us do this . ,Non-Disaster
Yay I can feel the wind gearing up for a rainstorm in  # Vancouver !  Bring it on  # drought  # deadgrassandflowers  # wildfires,Disaster
 @ Robot_Rainstorm I am a huge football fan as you know but I have never done fantasy leagues .  Patience for a newbie ? ,Non-Disaster
 ' The way you move is like a full on rainstorm and I am a house of cards ' ,Disaster
Rainstorm Destroys 600 Houses in Yobe State ,Disaster
The way you move is like a full on rainstorm and I am a house of cards . ,Non-Disaster
Landslide caused by severe rainstorm kills 3 in ItalianAlps  ,Disaster
Former Freedom Surf / Spa Razed to Make Way for New Homes ,Non-Disaster
The Latest :  More Homes Razed by Northern California Wildfire  -  ABC News ,Disaster
TENSION IN ABIA AS INEC OFFICES RAZED GOVERNOR IKPEAZU PDP APGA REACT ,Disaster
The Latest :  More homes razed by Northern California wildfire :  The latest on wildfires burning in California and ,Disaster
The Latest :  More homes razed by Northern California wildfire  -   ,Disaster
 The Latest :  More homes razed by Northern California wildfire  -  Lynchburg News and Advance ,Disaster
 # News  :  The Latest :  More Homes Razed by Northern California Wildfire  -  New York Times   # TAFS  # FB100 % ,Disaster
 @ petereallen  @ HuffPostUK  @ bbc5live How significant do you think the iconic pic of Church  ( maybe )  ruins and less substantial efforts razed ? ,Non-Disaster
 @ David Vonderhaar At least you were sincere  ? ,Disaster
More homes razed by Northern Calif .  wildfire   # sandiego ,Disaster
George Njenga the hero saved his burning friend from a razing wildfire ,Disaster
today will be another dualcom with  @ Im_Razed  !  if you enjoyed yesterdays check out todays at 5 pm easter ! ,Non-Disaster
The Latest :  More Homes Razed by Northern California Wildfire  -  ABC News   # GN,Disaster
The Latest :  More homes razed by  # NorthernCalifornia wildfire   # Zipped News ,Disaster
George Njenga the hero saved his burning friend from a razing wildfire .  ,Disaster
Vassalboro house to be razed to make way for public gazebo  @ PeteL_McGuire reports .  ,Non-Disaster
This just - married Turkish couple gave 4000 Syrian refugees an incredible gift  Fed them instead of family  &  friends . ,Disaster
Police Monitoring 200 Jihadis in Poland  via  @ freedomoutpost,Disaster
Turkish newlyweds donate wedding money  -  what a beautiful gesture !  Still have faith in humanity .  ,Non-Disaster
This just - married Turkish couple gave 4000 Syrian refugees an incredible gift  # WashingtonPost ,Disaster
Repulsive !  Refugees - Victimiser -  # Dutton Evangelical - Liar -  # Abbott c / o  # LNP on a dupe the press overdrive ;   # CHOPPERGATE !  # BRONWYNBISHOP !  # AUSPOL,Non-Disaster
 # retweet Cameroon repatriating about 12000 Nigerian refugees due to Boko Haram ,Disaster
Newlyweds feed Syrian refugees at their wedding  -  CBC News  -  Latest Canada World Entertainment and Business News ,Non-Disaster
wowo -  =  12000 Nigerian refugees repatriated from Cameroon,Disaster
 .  /  . hmm 12000 Nigerian refugees repatriated from Cameroon   /  ( ,Disaster
 .  /  /  .  /  /  whao .  12000 Nigerian refugees repatriated from Cameroon ,Disaster
 ' imagine an entire aisle dedicated to making people look like serbian refugees .  '   -  director of whole foods clothing section,Non-Disaster
 @ Viral Spell :   ' Couple spend wedding day feeding 4000 Syrian refugees .  http :  /  / t .   see more ,Non-Disaster
reaad /  plsss 12000 Nigerian refugees repatriated from Cameroon,Disaster
Top story :   @ Viral Spell :   ' Couple spend wedding day feeding 4000 Syrian refugees  see more ,Non-Disaster
Refugee Connections Indiegogo campaign will be going live tomorrow !  Support us and help launch the only online community for  # refugees . ,Disaster
you all read 12000 Nigerian refugees repatriated from Cameroon ,Disaster
Short of throwing them overboard himself I do not think any other leader could do much worse by  # refugees than  @ Tony Abbott worst pm ever ! ,Disaster
Cameroon Repatriated 12000 Nigerian Refugees ,Disaster
Captain Abbott must go down with LNP boat  # refugees  # christianvalues ,Non-Disaster
A Turkish couple spent their wedding day feeding 4000 Syrian refugees   ?  A Turkish couple who got marrie  ,Non-Disaster
How One Couple Is Using Drones to Save Refugees at the World ' s Deadliest Border ,Disaster
 # Turkish couple decided to feed 4000  # Syrian  # refugees as part of their  # wedding celebrations  ,Non-Disaster
" @ fadelurker  @ dalinthanelan  <  right now . 

Even after two years there were still refugees camped just south of Redcliffe village and Aidan  > ",Disaster
Newlyweds feed thousands of Syrian refugees instead of hosting a banquet wedding dinner   # Age  # news,Non-Disaster
In Photos :  The Young Refugees Forced to Flee Burundi ' s Violence  |  VICE News  see more ,Disaster
 @ KristinDavis  @ UN  @ Refugees Thank you  @ UN and  @ Refugees for helping so many people in need all over the world .   ,Non-Disaster
Newlyweds feed thousands of Syrian refugees instead of hosting a banquet wedding dinner  -    via  @ smh,Disaster
 Paci ? c Media Centre  |  articles :  AUSTRALIA :  RSF protests over new security gag over reporting on . ,Non-Disaster
recap /  12000 Nigerian refugees repatriated from Cameroon ,Disaster
The Most Generous Bride on Earth :  Couple Feeds 4000 Syrian Refugees on Their Wedding Day  via  @ thedailybeast love it ! ,Non-Disaster
The 46 returned refugees  -  what were they fleeing from  &  how will the Vietnamese Govt treat them now they are returned ?   # Dutton  # presser,Disaster
CHPSRE :  RT :  Refugees :  For our followers in Paris do visit  ' A Dream of Humanity '  exhibition by rezaphotography   ,Disaster
Policyholders object to Clico rescue plan  ,Disaster
do not Panik !   # KelbyTomlinson to the rescue !  ,Non-Disaster
Coastal German Shepherd Rescue OC shared a link .    # animal rescue  |  ,Non-Disaster
UD :  Rescue  ( Structural Collapse )   -  Scott Road  @  Ypres Road York  ( 14 Trucks ) ,Disaster
Rescue of the day :  Its World Cat Day Saturday Aug 8th Black Black / White Cats just  $ 5   # NewBeginningsAnimalRescue,Non-Disaster
I am on 2 blood pressure meds and it is still probably through the roof !  Long before the  # PPact story broke I was involved in animal rescue,Non-Disaster
Coastal German Shepherd Rescue OC shared a link :   ' Ecstatic Rescued Racco .    # animal rescue,Non-Disaster
Suggs  &  Vivian to the rescue !    # psychrewatch,Non-Disaster
Any lengths to rescue a cat in need !  ,Non-Disaster
Last Chance Animal Rescue has 3 new posts .    # animal rescue  |  ,Non-Disaster
Sammy and todd always to the rescue may not be in uniform but still to the rescue laughing my ass off .  Forever KFC fam . ,Non-Disaster
"Lunch for the crew is made .  Night night it is been a long day !  
~Peace~Love~Rescue~",Non-Disaster
Tell the United Nations :  Plantations are NOT forests !   via  @ RainforestResq,Non-Disaster
Mary coming to Troy rescue .   ?  ,Non-Disaster
Flood - zone  :  General Raheel Sharif visits Chitral :  He  also lauded the efforts of  FWO army troops and army aviation in rescue opera . ,Disaster
Last Chance Animal Rescue has 3 new posts .    # animal rescue,Non-Disaster
 @ LisaVanderpump How many dogs do you have and are they all rescue dogs ? ,Non-Disaster
Officials rescue 367 migrants off Libya ;  25 bodies found  -  Fox News   # News,Disaster
 @ Zak_Bagans this is Sabrina my dad rescued her from some dude who kept her in a cage .  We have had her since I was 4 ,Disaster
Britons rescued amid Himalaya floods  (  )   ,Disaster
4 kidnapped ladies rescued by police in Enugu  |  Nigerian Tribune ,Disaster
Rescued Med migrants arrive in Sicily ,Disaster
 @ TennoAtax I hand you a glass of water and sit down .   ' I was rescued by a Tenno .  I have lived in my ship around the dojo for about a year .  ' ,Non-Disaster
 ' Trust us to get rescued by the dopey ones !  '  Val is hilarious shame she is probably going to die  # emmerdale,Non-Disaster
Summer  # summervibes  # california  # puppy  # pitmix  # rescued  # brixton  # banksy  # happy  # mybabies ,Non-Disaster
Man Who Buried Dog Alive Thought No One Would Find Her But She Was Rescued Just In Time ,Non-Disaster
10 - Month - Old Baby Girl was Rescued by Coastguard after She Floated HALF A MILE Out to Sea !   # social news ,Disaster
But now  # Skyrim awaits to be rescued . again . ,Non-Disaster
The Finnish hip hop pioneer Paleface will be  ' rescued from a drifting raft '  and brought into the container later  # enkelbiljett  # menolippu,Non-Disaster
18 bovines rescued 3 smugglersnabbed ,Disaster
Funds Needed for Rescued then Abandoned Cocker Spaniels ,Non-Disaster
I liked a  @ YouTube video  RomanAtwoodVlogs  |  RESCUED SICK KITTENS ! ,Non-Disaster
 # news Britons rescued amid Himalaya floods ,Disaster
A brave little dog gets rescued from the river .   His recovery will inspi .   via  @ YouTube,Non-Disaster
Homeless Man Traveling Across USA With 11 Stray Dogs He Rescued Gets A Helping Hand From Strangers  via  @ Reshareworthy,Non-Disaster
 @ BrittanyPetko breaking news tonight kids were rescued from play room after a week with no food or water do to parents sex life haha,Disaster
 ' You can only be rescued from where you actually are and not from where you pretend you are .  '  Giorgio Hiatt,Non-Disaster
We rescued my dog at least 9 years ago  ?  she is old but still sweet as ever  ?   @ Zak_Bagans ,Non-Disaster
 Rescued Med migrants arrive in Sicily :  Hundreds of migrants rescued ,Disaster
Why were not they taken back to Africa once rescued ?   # c4 news,Disaster
Migrants Rescued After Boat Capsizes Off Libya ,Disaster
Young children among those rescued from capsized boat off Libya  via  @ IrishTimesWorld,Disaster
Heroes !  A Springer Spaniel  &  her dog dad rescued a stranded baby dolphin :   ,Disaster
Trust us to get rescued by the dopey ones .    # Emmerdale   # Summer Fate,Non-Disaster
Three beached whales rescued in Kerry  -  ,Disaster
Rescued TB goes on to ribbon at HITS :   via  @ offtrackhorse,Non-Disaster
Turn back to me !  I have rescued you and swept away your sins as though they were clouds .  Isaiah 44 : 22 Contemporary English Version,Non-Disaster
 @ Zak_Bagans pets r like part of the family .  I love animals .  ?  The last 2 pets I had I rescued !  Breaks my heart when animals are mistreated ? ,Non-Disaster
I liked a  @ YouTube video  Homeless dog living in a cardboard box gets rescued  &  has a heartwarming,Non-Disaster
Angry Mistrustful Rescued Elephant Finds Peace and Friendship in Her New Home  ( PHOTOS )   via  @ OneGreenPlanet,Non-Disaster
Photo :  Hundreds of rescued migrants await disembarkment from an Irish naval vessel at Palermo Italy  -   @ tconnellyR ,Disaster
VIDEO :   ' We are picking up bodies from water '  :  Rescuers are searching for hundreds of migrants in  .    # Africa  # News,Disaster
VIDEO :   ' We are picking up bodies from water '  :  Rescuers are searching for hundreds of migrants in the Mediterran .  ,Disaster
VIDEO :   ' We are picking up bodies from water '   -  Rescuers are searching for hundreds of migrants in the Mediterranean .  ,Disaster
 # world Fears over missing migrants in Med :  Rescuers search for survivors after a boat carrying as many a .    # news,Disaster
 @ Durban_Knight Rescuers are searching for hundreds of migrants in the Mediterranean after a boat carr .    @ Nosy_Be,Disaster
I have an unexplainable desire to watch The Rescuers .   # childhooddefined,Non-Disaster
 # RoddyPiperAutos Fears over missing migrants in Med :  Rescuers search for survivors after a boat carrying as ma .   ,Disaster
 @ AndyGilder Channel 5 have been doing the same for the RSPCA with Dog Rescuers .  ' The Infomercial '  has crept in the back door . ,Non-Disaster
VIDEO :   ' We are picking up bodies from water '  :  Rescuers are searching for hundreds of migrants in the Mediterranean after a boat carryi . ,Disaster
Womans GPS app guides rescuers to injured biker in Marin County ,Disaster
Last Second Ebay Bid RT ?   Shaolin Rescuers  ( dvd 2010 )  Shen Chan Nan Chiang Five Venoms Kung Fu  ? Please Favori,Non-Disaster
" # WorldNews
 VIDEO :   ' We are picking up bodies from water '   -  BBC News  -  Home : 
Rescuers are searching for hundreds of .  ",Disaster
 VIDEO :   ' We are picking up bodies from water '  :  Rescuers are searching for hundreds ,Disaster
AH - Mazing story of the power animal rescuers have !  A starving homeless dog with no future was rescued by a person .  ,Disaster
Rescuers are searching for hundreds of migrants in the Mediterranean after a boat carrying as many as 600 people capsized off the coast of,Disaster
 # News :   ' Many deaths '  in shipwreck :  Rescuers are trying to save hundreds of migrants after the .   via  @ TheNewsHype,Disaster
When Rescuers Found Him He Was Barely Alive .  But They Had No Idea He Was Allergic To THIS !  ,Disaster
Fears over missing migrants in Med :  Rescuers search for survivors after a boat carrying as many as 600 migrant .  ,Disaster
Woman ' s GPS app guides rescuers to injured biker in Marin County  -  SFGate ,Disaster
Fears over missing migrants in Med :  Rescuers search for survivors after a boat carrying as many as 600 migrants ,Disaster
Rescuers find survivors of Nepal earthquake buried  .  ,Disaster
"Rescuers recover body of 37 - year - old Calgary man from lake near Vulcan 
                            
              ",Disaster
VIDEO :   ' We are picking up bodies from water '  :  Rescuers are searching for hundreds of migrants in the .    # BBC  # News,Disaster
To All The Meat Loving Feminists Of The World Riot Grill Has Arrived :  Pop quiz !  Which do you prefer :  fem .    # art,Non-Disaster
Stuart Broad Takes Eight Before Joe Root Runs Riot Against Aussies,Non-Disaster
 @ PipRhys I predict a riot . ,Disaster
" @ teamVODG Discovered by  @ Nick Cannon 
 Listen  /  Buy  @ Mandy Rain  # RIOT on  @ iTunes Music  @ iTunes    # BlowMandyUp",Non-Disaster
To All The Meat Loving Feminists Of The World Riot Grill Has Arrived   # arts ,Non-Disaster
 Rascal Flatts Riot Tour Atlantic City Beach Concert - August 20 2015 - 2 Tickets ,Non-Disaster
To All The Meat Loving Feminists Of The World Riot Grill HasArrived ,Non-Disaster
Seriously do we have to do a tactical riot against the headquarters of Disney and Marvel . ,Non-Disaster
 @ Dani_Riot keep an eye out we will be looking for lots of new team members in coming days / weeks  :  ) ,Non-Disaster
To All The Meat Loving Feminists Of The World Riot Grill Has Arrived :  Pop quiz !  Which do you prefer :  feminist .  ,Non-Disaster
 @ Live_Workshop selfie at booth or riot Kappa,Disaster
 @ AcaciaPenn I will start a big ass riot  send me to jail today mfs shidddd  ? ,Non-Disaster
"Riot Kit Bah  -  part of the new concept Gear coming for Autumn / Winter
 # menswear  # fashion  # urbanfashion ",Non-Disaster
" @ abran_caballero Discovered by  @ Nick Cannon 
 Listen  /  Buy  @ Mandy Rain  # RIOT on  @ iTunes Music  @ iTunes    # BlowMandyUp",Non-Disaster
I liked a  @ YouTube video  Thorin ' s Thoughts  -  Riot and Sandbox Mode  ( LoL ) ,Non-Disaster
Stuart Broad Takes Eight Before Joe Root Runs Riot Against Aussies :  Stuart Broad took career - best figures of 8 .  ,Non-Disaster
"Retweeted Sarah Silverman  (  @ SarahKSilverman )  : 

Soundtrack of my walk starts w Tracey Ullman They do not Know .   perfect",Non-Disaster
To All The Meat Loving Feminists Of The World Riot Grill Has Arrived ,Disaster
After all that time Riot should really make an official Satan Teemo skin ,Non-Disaster
I liked a  @ YouTube video  Sick Riot Shield Slide Spots ! ,Non-Disaster
 @ ByTorrecilla Torrecilla We Always info the Secret on LoL Game Check the Secret to get 600 . 000 Riot Points on my Bio,Non-Disaster
Transwomen and drag queens of color lead the riot a well known butch lesbian is usually credited for inciting it . ,Non-Disaster
 @ eac4AU You can now PRE - ORDER the film on ITUNES  &  watch 9 / 15 !  YAY !    ,Non-Disaster
 ' Without an ally near you cannot use this skill .  '  How did you get hired ?  Really cause it is making every Riot staff member look incompetent . ,Non-Disaster
Pop quiz !  Which do you prefer :  feminist revolution or fried ravioliwith porcini and ricotta  ,Non-Disaster
To All The Meat Loving Feminists Of The World Riot Grill Has Arrived  OliviaMiles01,Non-Disaster
 @ DavidJordan88  @ Stephanenny Except we do not know who started the riot or if it even makes sense to credit any particular individuals . ,Disaster
 @ Trollkrattos Juan Carlos Salvador The Secret Tips to Get 100 . 000 Riot Points LoL are out now !  check the Secret on on my Bio,Non-Disaster
Southeast Dirt Riot Series Crowns Champions :   Southeast Dirt Riot Series Crowns ChampionsBLACKFOOT ID :  The So .  ,Non-Disaster
Sweetpea ' s are running riot at the allotment  -  and brightening up a rainy day ,Disaster
Riot police intervene after Southampton and Vitesse Arnhem supporters clash :   Fans clash in buildup to second .  ,Disaster
" @ JWalkerLyle Discovered by  @ Nick Cannon 
 Listen  /  Buy  @ Mandy Rain  # RIOT on  @ iTunes Music  @ iTunes    # BlowMandyUp",Non-Disaster
 ?  Cracker  -  White Riot  ?    # nowplaying,Non-Disaster
But the government will not care .  Police will stop rioting eventually of protestors .  Eventually some skyscrapers become plant - covered  . ,Disaster
New doco tonight at 9pm Setanta Sports Ireland freeview .  The largest police presence at a soccer game in Ireland stop prevent the rioting,Non-Disaster
Eric Clapton shot the sheriff in 1974 and guess how many people were rioting ?  Right none . ,Disaster
if they kill off Val I am rioting  # Emmerdale,Non-Disaster
 ' Money cannot buy happiness '  is just a lie we tell poor people to keep them from rioting . ,Disaster
Bloody hell it is already been upgraded to  ' rioting '  .   # hyperbole  # saintsfc,Disaster
Twitter is doing a count down to the rioting and financial collapse of Brazil  # Rio2016 ,Disaster
if that would of been a black dude Antioch would be rioting,Non-Disaster
" .  @ runjewels recently met with the  @ BBC to discuss race relations in America  &  the benefits of rioting .   # LoveIsLove 
",Non-Disaster
 @ Reuters people like you should be charged after the inevitable rioting for contributing to it with your lies,Non-Disaster
  Cindy Noonan @ Cindy Noonan - Heartbreak in  # Baltimore  # Rioting  # YAHIstorical  # Underground Railraod,Disaster
Leeds fan .  rioting in Embra at a lower tier /  league cup final  .  dee dum,Disaster
Still rioting in a couple of hours left until I have to be up for class . ,Disaster
 @ CloydRivers there were plenty of black people rioting when tOSU won the championship as well . ,Non-Disaster
" @ evacide The Ferguson RIOTS worked .  This of this the next time you say RIOTING does not change anything . 

There fixed it for you . ",Disaster
 ` bbc news The Ass .  of British Insurers says rioting will cost insurers   &  # 163 ; 163 ; millions .  But police numbers are reduced by blind fat contr,Disaster
 # BHRAMABULL Watch Run The Jewels Use Facts to Defend Rioting in Ferguson :  The socially minded duo takes on the .  ,Disaster
I think Twitter was invented to keep us insomniacs from rioting in the wee small hours . ,Non-Disaster
 @ BLutz10 People are not rioting because justice has been served and that murderer is behind bars .  Simple !  No justice = no peace Justice = peace . ,Disaster
Still rioting in to Gmail . ,Non-Disaster
 @ jasalhad  @ brianboru67  @ Jimskiv92  @ hijinks1967 Rioting . ,Disaster
 @ RyleeDowns02  @ nevaehburton33 if I do not get my money by tomorrow rioting  ? ,Non-Disaster
RT  :  Why Sweden is not Venezuela :  There have been a few days of rioting in Venezuela with the riots directed at gr ,Disaster
 @ davidolszak or the rioting in happy valley after penn state loses ? ,Non-Disaster
 @ aelinrhee a group of mascara smeared girls rioting will be horrific I think,Disaster
The last time a high profile name was due to be signing for  # nffc the City was rioting !  Wesley Verhoek now a household name !   # do notpanic,Disaster
 @ Georgous_ what alternatives ?  Legal alternatives ?  Protesting ?  Rioting may not be the most peaceful thing but it is a demonstration of how,Non-Disaster
 @ halljh1720 .  I am so sick of criminals parents and friends rioting when they are killed by police .  You do not give a Damn when officer is . ,Disaster
 @ BLutz10 But the rioting began prior to the decision for the indictment so you are not really making sense at this point,Disaster
The Ashes Test match is currently more interesting than stupid Congress rioting . ,Disaster
"people rioting everywhere and I think I would be one of them .  ' 

Usami - san love",Disaster
Football hooligan jailed for rioting before game in Scotland was already banned from matches in England  # UkNews ,Disaster
AM  ` bbc news The Ass British Insurers says rioting will cost insurers163 ; millions .  But police numbers are reduced by blind fat controllers . ,Disaster
 @ fa07af174a71408 I have lived  &  my family have lived in countries where looters were shot on sight where rioting was not tolerated .  Why here,Disaster
 ' Refuse to let my life be reduced to rubble .  When the shit keeps piling up get a shovel .  '   @ ExpireHC,Non-Disaster
China ' s Stock Market Crash :  Are There Gems In The Rubble ?  :  China ' s stock market crash this su .    .   via  @ Forbes,Non-Disaster
 ' If you go on with this nuclear arms race all you are going to do is make the rubble bounce .  '   ?  Winston Churchill,Non-Disaster
 @ accionempresa China ' s stock market crash this summer has sparked interest from bargain hunt .    @ gerenciatodos ,Disaster
My parents are so impulsive sometimes .  I remember coming home to my room filled with dust  &  rubble just because they wanted it redesigned .   ? ,Non-Disaster
"Turning rubble from disasters into  ' Lego '  bricks you can build houses with .  This one belongs in  # crazyideascollege 
",Non-Disaster
 # 360WiseNews  :  China ' s Stock Market Crash :  Are There Gems In The Rubble ?  ,Non-Disaster
 [ FORBES ]  :  China ' s Stock Market Crash :  Are There Gems In The Rubble ?  :  China ' s stock market crash this summer ha .  ,Non-Disaster
 # forbes  # europe China ' s Stock Market Crash :  Are There Gems In The Rubble ?  ,Disaster
China ' s stock market crash this summer has sparked interest from bargain hunters and bulls betting on a rebound .  D ,Non-Disaster
 @ JasonPope2  @ JohnFugelsang again I did not say it was .  I was referring to the main 2 buildings .  7 was hit by rubble,Disaster
China ' s Stock Market Crash :  Are There Gems In The Rubble ?  ,Non-Disaster
Jun 2015 .  Yemenis search for survivors under the rubble of houses in the old city of Sana following an .  ,Disaster
China ' s Stock Market Crash :  Are There Gems In The Rubble ?    # forbesasia,Disaster
Steve Buscemi was a firefightr B4 fame  &  workd 12hr shifts diggin thru WTC rubble lookg 4 survivors .  ,Disaster
China ' s Stock Market Crash :  Are There Gems In The Rubble ?    # tcot  # p2  # news,Non-Disaster
China ' s Stock Market Crash :  Are There Gems In The Rubble ?  :  China ' s stock market crash this summer h .   by  . Forbes,Non-Disaster
I found a diamond in the rubble,Non-Disaster
 # TNN :  China ' s Stock Market Crash :  Are There Gems In The Rubble ?  ,Disaster
China ' s Stock Market Crash :  Are There Gems In The Rubble ?    # ROIMentor  # yycwalks,Disaster
China ' s Stock Market Crash :  Are There Gems In The Rubble ?    |   ,Non-Disaster
New post :   ' China ' s Stock Market Crash :  Are There Gems In The Rubble ?  '  ,Non-Disaster
China ' s Stock Market Crash :  Are There Gems In The Rubble ?  :  China ' s stock market crash this summer has sparked  .  ,Non-Disaster
Photo :  postapocalypticflimflam :  Prodding around the rubble .  ,Non-Disaster
 @ okgabby_ damn suh .  do not let that ruin your year bruh .  this our year .  better start carpooling like we did back in the day,Non-Disaster
If I cannot ruin his mood then I may have lost my direction .  ,Non-Disaster
I ruin everything  ? ,Non-Disaster
 # quote Never let your problems ruin your faith . ,Non-Disaster
Im so anxious though because so many ppl will me watching me meet them and that makes me uncomfortable BUT I CANT LET THAT RUIN THE MOMENT,Non-Disaster
smokers that ruin that new car smell  ? ,Non-Disaster
 @ ChrisDyson16 Just wait until your friends at  # MTA ruin it  # Sorrybutitstrue,Non-Disaster
I am really sad about red 7 closing  :  (  yuppies n tourists ruin everything,Non-Disaster
Always gotta ruin my mood,Non-Disaster
I understand you wanting to hang out with your guy friends I will give you your space but do not ruin my trust with you . ,Non-Disaster
like why on earth would you want anybody to be unhappy do not purposely ruin somebody else ' s happiness,Non-Disaster
fresh out da shower lookss  ?   ( still loving this new hair does it ruin my brand ?  )   # yes ,Non-Disaster
 @ savannahross_4 see tryna ruin my life,Non-Disaster
well done me !  everyone applaud me and how terrific i am and how i never ruin anything,Non-Disaster
Four Things That May Ruin Your Personal Injury Accident Claim ,Disaster
How to ruin the holidays in 3 wordk :   ' It is a Zmne !  ' ,Non-Disaster
every time I have a really good day someone just has to ruin it,Non-Disaster
You wanna ruin a relationship ?  Just ask  ' what are your intentions '  and you will do it,Non-Disaster
And then I go a ruin it all with something awful .   # minions ,Non-Disaster
IT WAS REALLY AWFUL AND I CANT EVEN WORK WITH A MAKE UP ARTIST NOW BECAUSE THEY WILL RUIN THINGS . ,Non-Disaster
Damn Wale knows how to ruin a song ? ,Non-Disaster
 ' Cause you play me like a symphony play me till your fingers bleed .  I am your greatest masterpiece .  You ruin me ? ,Non-Disaster
Why does my family have to ruin something that is actually going good for me ? ,Non-Disaster
I hate that Im so awkward and I ruin things,Non-Disaster
Long Road To Ruin  -  Foo Fighters,Non-Disaster
Why do u ruin everything ?    @ 9tarbox u ruined the sour cream and u put a brick of cheese in the freezer . dummy,Non-Disaster
do not let a few assholes ruin your night,Non-Disaster
Lol The real issue is the the way the NFL is trying to ruin this guy ' s legacy .  ,Non-Disaster
RT to ruin  @ connormidd  ' s day .   ,Non-Disaster
Greedy bastards  @ Fullscreen way to ruin creativity .   CENSORSHIP ON YOUTUBE :  ,Non-Disaster
 @ JulieChen she should not .  Being with them is gonna ruin her game and Vanessa is a great player,Non-Disaster
 @ clnv_ Yes Yes !  I will .  I dont wanna ruin my life .  Lol,Non-Disaster
 @ nbc I wanna see you reboot The Fresh Prince of Bel - Air bring back the original cast and everything  &  do nothing that will ruin the show . ,Non-Disaster
You can only make yourself happy .  Fuck those tryna ruin it keep smiling  ? ,Non-Disaster
there are a few people I would let ruin my life my soul my cervix my everything .  Odell is definitely top of that list . ,Non-Disaster
I will ruin my life if I have to . ,Non-Disaster
babe I am gonna ruin you if you let me stay,Non-Disaster
 @ CTAZtrophe31 Everything must be OK because she is listening to  ' Sandstorm '  now . ,Non-Disaster
Watch This Airport Get Swallowed Up By A Sandstorm In Under A Minute ,Disaster
 @ Hienshi  @ Gbay99 it wouldnt turn into a sandstorm if riot gave a good answer .   Instead they gave dumb excuses .  At least new client is there,Non-Disaster
I liked a  @ YouTube video  Darude  -  Sandstorm,Non-Disaster
A sandstorm in Jordan has coated the Middle Easts largest refugee camp in a layer of grit  ,Disaster
SANDSTORM !  WOO HOO ! ,Disaster
Who need friends when there is booze and Darude  -  Sandstorm  : D,Non-Disaster
SocialWOTS :  GLOBI_inclusion :  RT NRC_MiddleEast :  Sandstorm engulfs caravans and tents in the  # Zaatari refugee camp  ,Disaster
 @ SunderCR two hours of Sandstorm remixes .  All merged together .  No between - song silence . ,Non-Disaster
PUT SANDSTORM DOWN !  ,Non-Disaster
"Come out to Sandstorm tryouts Aug 15th at Lower Woodland ! 
MS Tryout :  3 - 4 : 30pm
HS Tryout :  4 : 30 - 6pm",Disaster
 @ VillicanaAlicia  [ Is it Darude Sandstorm ?  ] ,Non-Disaster
I cannot listen to Darude Sandstorm without expecting airhorns now,Non-Disaster
Now playing :  Darude  -  Sandstorm  -  radio edit  ,Non-Disaster
I slammed my phone to the ground and then screamed ahahahga,Non-Disaster
 @ InfiniteGrace7 I just screamed to the world how much I love My Little Pony  ? ,Non-Disaster
Update :  The police seemed like nice enough people .  I felt bad when I transformed and they screamed .  do not worry they are only unconscious . ,Non-Disaster
someone ' s gonna get screamed at for getting the lyrics wrong laughing my ass off,Non-Disaster
I JUST SCREAMED SIDJSJDJEKDJSKDJD  .  I CANT STAND YOU  ?  ,Non-Disaster
 @ GodOf_Mischief_  - of Loki ' s daggers she pulled it out and jammed it into Mina ' s thigh .  When Mina screamed and grabbed at her leg sif - ,Disaster
"OMFG ? 
Didnt expect Drag Me Down to be the first song Pandora played 

OMFG I SCREAMED SO LOUD
My coworker is scared ",Disaster
She screamed when she got the microchip needle .  Tbh I would have cried too the needle was massive ya haram,Non-Disaster
I heard the steven universe theme song from upstairs and screamed his name at the part of the song and scared my cousin,Non-Disaster
 @ mogacola  @ zamtriossu i screamed after hitting tweet,Non-Disaster
THE GIRLS NEXT TO ME SCREAMED WHAT THE FUCK IS A CHONCE I am CRYIBG,Non-Disaster
I thought the loudest goal I ever screamed was Higuain ' s offside goal against Germany,Non-Disaster
I ran with earbuds in which I now realize means I probably did not politely say hi to Jared but more or less screamed at him  ? ,Non-Disaster
I just got screamed at for asking my dad to move half a step so I could get through . ,Non-Disaster
 @ CortezEra I dead ass screamed when we signed him I could not fucking believe it,Non-Disaster
do not stop believing just came on the radio at this restaurant and a lil white bit screamed  ' it is mommys song ' ,Non-Disaster
brooke just face timed me at the concert and just screamed for 2 minutes straight,Non-Disaster
 * wants to make tweet about how much I dislike todays femnism movement but does not want to be screamed at '  ,Non-Disaster
26 people have screamed right in my ear this week at camp .  TWENTY - SIX !  And we still have 1 / 2 day left .   # CedarGlade2015,Non-Disaster
Some kids going to leadership camp came into my work today asking for the bathroom and my inner ASB kid screamed a lot .  I miss camp  ? ,Non-Disaster
Vacation update :  my great aunt just killed a spider with her bare hand after I screamed in fear .   # fierce,Disaster
Not because i want to cheat or anything .  Just feels good to vent to my twitter without a txt being screamed at lol,Non-Disaster
I am sorry I am so wild in 1d shows like in my wwa show niall started singing steal my girl I literally screamed shut the fuck up,Non-Disaster
I JUST SCREAMED IN 57 LANGUAGES THIS IS SO GOOD ,Non-Disaster
I SCREAMED AT THE END OAMSGAJAGAHAHAH IM LAIGHIGN  # OTRAMETLIFE  ,Non-Disaster
I have never screamed so loud ,Non-Disaster
I SCREAMED  ' WHATS A CHONCe '  ,Non-Disaster
 @ Real_Liam_Payne I SCREAMED AT THE TOP OF MY LUNGS WHEN YOU SAID YOU GUYS WOULD COME BACK TO S . A SO KEEP YOUR PROMISE   # AddTexasToNext1DTour,Non-Disaster
 @ ThatWitchEm  @ EmmaChosenOne  @ JessieNovoaRP  @ Jessie_Novoa_  @ Liana_Novoa why you screamed,Non-Disaster
 @ Ariana Grande I literally walked out of the concert and screamed MY SOUL HAS BEEN BLESSED,Non-Disaster
I just screamed what the fuck is a hond,Non-Disaster
I JUST SCREAMED  @ toddyrockstar ,Disaster
 /  / kinda screamed  > _ <  ,Non-Disaster
i dont even remember slsp happening i just remember being like wtf and then the lights turned off and everyone screamed for the encore,Non-Disaster
Love waking up to my dad screaming at me  ? ,Non-Disaster
If you are quiet enough you can literally hear the phandom screaming at the tyler tweet,Non-Disaster
I am SCREAMING AND FANGIRLING OH MY GOD  ,Non-Disaster
during drag me down last night I was screaming  ' shell of a mannequin '  instead of  ' shell of a man '  and I think everyone hated me there,Non-Disaster
 @ camila cabello Internally and externally screaming,Disaster
 * CUE THE JARIANA STANS SCREAMING,Non-Disaster
 @ BizzleMahomie SCREAMING,Non-Disaster
 @ camila cabello NOW IM INTERNALLY SCREAMING,Non-Disaster
 @ estellasrevenge the first time i went swiming in it i was basically screaming WHY DOES IT SMELL / TASTE SO BAD,Non-Disaster
SCREAMING  @ MariahCarey  @ Ariana Grande ,Non-Disaster
Lhh silent screaming was mastered  ,Non-Disaster
 @ noahshack he is hot  &  he can sing I am screaming ? ,Non-Disaster
 /  it is fine baby I was screaming at the TV x ,Non-Disaster
"Harshness Follows Us a
Better Day
by Sarah C
Racing thoughts with screaming sirens
Pacing back and forth for .  ",Non-Disaster
MY FAVS I am SCREAMING SO FUCKING LOUD ,Non-Disaster
 @ tyleroakley IM SCREAMING,Non-Disaster
 @ Scalpium SCREAMING,Non-Disaster
CAMILA ' S DOING A FOLLOW SPREE TONIGHT IM SCREAMING OF HAPPINESS,Non-Disaster
 @ stvmlly Sorry for screaming at you and  @ Safferoonicle from the car I just kinda  ' I KNOW THOSE PEOPLE LET ' S YELL !  '   :  / ,Non-Disaster
My Dad a screaming coach always gave his vocal chords quite the workout on the field .    # FunnyDadCoach,Non-Disaster
 '  [  + 54  - 9 ]  How do people not know who Kendall Jenner is ?  She has 6 times the Instagram followers of GD '  SCREAMING LMAO,Non-Disaster
 @ MissDaOh and if she had a screaming baby you would have loved that so much more,Non-Disaster
 @ Ariana Grande  @ justin bieber I am SCREAMING OMG  # IDOLS  # 22DAYS  # WDYM,Non-Disaster
 @ justin bieber  @ Ariana Grande Can you hear me screaming  ! ,Non-Disaster
 @ KamKasteIIano  @ BluntedJayt FUCKING SCREAMING  ! ,Non-Disaster
 @ Ariana Grande  @ justin bieber All the loves be screaming at this one  ? ,Non-Disaster
"Hey there lonely girl
Did you have to tell your friends
About the way I got you screaming my name ? ",Non-Disaster
" # NoChillLukeHammings
IM SCREAMING",Disaster
 @ danisnotonfire if you follow me I will go into town and advertise your youtube channel by screaming and walking around with a sign .  Pls ? ,Non-Disaster
 @ justin bieber  @ Ariana Grande SCREAMING,Non-Disaster
 @ blanksocietyx  @ emmerdale IM SCREAMING HES MY FAVOURITE,Non-Disaster
 @ justin bieber  @ Ariana Grande IM SCREAMING,Non-Disaster
SCREAMING IN 22 DIFFERENT LANGUAGES ,Non-Disaster
 @ justin bieber   I AM SCREAMING HELL YES AHHHH OMG ,Non-Disaster
like little boy you better sit your ass down stop screaming at my mother stop pulling your hair  &  crying like a 3 year old  &  grow tf up,Non-Disaster
 @ Ariana Grande  @ justin bieber OMGGGG IM SCREAMING,Non-Disaster
 @ TromboneTristan OOOOOHSHIT OOOHSHIT SCREAMS hell I LOVE,Non-Disaster
 @ DaneMillar1  * screams 666 * ,Non-Disaster
 /  / screams in the distance /  /  ,Disaster
When you on the phone and  @ Worstoverdose screams  ' jaileens caked up on the phone '  so everyone looks at you  ? ,Non-Disaster
 * screams in 25 different languages * ,Non-Disaster
 * screams internally * ,Non-Disaster
 * screams *  ,Non-Disaster
 @ HimeRuisu I am going to ram your ass so hard I will have to shove your face on the pillows to muffle your screams of pain and pleasure~,Non-Disaster
I come downstairs trying to look as normal as possible in front of my mom and Rhiannon screams  ' HUNGOVER ?  Huh ?  '  Uhmmmm no  ? ,Non-Disaster
He hit a tailor fucking made double play and Kay screams he was robbed of a hit . ,Non-Disaster
"Apparently my face screams 
 ' Get me emotionally attached and then cheat on me ' ",Non-Disaster
 @ drag0nking0201  * Screams * do not scare me and its Animatronics,Non-Disaster
Gets on battlefield 3 screams into Mic at cunts,Non-Disaster
~Still echoes of their screams~,Non-Disaster
in every bts song jimin screams,Non-Disaster
Casually on the phone with Jasmine while she cries and screams about a spider,Non-Disaster
 @ RealJaxClone  * screams * ,Non-Disaster
"IS THE UPDATE RLY LIFE NOW IS IT IS It / Screams 
vibrates i cant handle",Non-Disaster
" @ saku_uchiha_  @ Ya_Boi_Luke 

Screams and gets a face full of Saku genitals",Non-Disaster
 @ heyot6 Im not home .  I need to watch .   [ Screams ] ,Non-Disaster
In light of recent events all I would like to say is  * screams for five years * ,Non-Disaster
So  @ LawsonOfficial just followed me and I cannot contain my screams of joy !   # Thankyou !   ? ,Non-Disaster
 @ 4Tiles  @ ZacB_ my dell tablet screams with Windows 10,Non-Disaster
 @ OllyMursAus I do feel sorry for him !  He is not a piece of meat !  He is a nice guy .  People do not need to rush him and screams in his face ! ,Disaster
I agree with certain cultural appropriation things but honestly if u looked at my house it screams appropriation bc Buddhas and stuff - ,Disaster
This Looney Tunes - Blake Griffin commercial screams their making a Space Jam 2,Non-Disaster
"SCREAMS .  WHERE IS EVERYONE . 

oh wait school

ok

im ok",Non-Disaster
Aw man .   ' Apollo Crews '  just screams  ' we cannot think of a name for this black guy quick name some and mash them together ' ,Non-Disaster
 @ QueenWendy_ go to sleep before someone screams at us ? ,Non-Disaster
When you go to a concert and someone screams in your ear .  Does it look like I wanna loose my hearing anytime soon ? ,Disaster
 @ wisdc  &  obama supports  death2USA  .  ,Non-Disaster
The little girl next to me sees the spot lights in the sky and screams  '  mom !  Look I see Angels in the sky !  '   ? ,Disaster
 @ harveymaine AAAA ok lemme move to another roomr so no one hears my gay ass screams,Non-Disaster
 *  Screams  * ,Non-Disaster
SCREAMS AT MY OWN MOTHER ,Non-Disaster
Oil and Gas Exploration ,Disaster
Man is reading a list of famous musicians who oppose nuclear power . wow powerful evidence .  They must know a lot about seismic risks . ,Non-Disaster
SEISMIC RISK :  a COMPARISON between 2 case studies :  CALABRIA AND MALTA ,Disaster
 @ hebrooon u better learn derivative of formula seismic rather than thinking about things like that or you are a things like that ?  Haha,Non-Disaster
Exploration takes seismic shift in  # Gabon to  # Somalia ,Disaster
29 %  of  # oil and  # gas organizations have no real - time insight on  # cyber threats .  See how  # EY can help ,Non-Disaster
Exploration takes seismic shift in Gabon to Somalia  -  World Oil  ( subscription )    #  ?   # Somalia,Non-Disaster
The 08 / 06 / 2015 AlabamaQuake seismic summary with  # earthquake  # news  &  history  ,Disaster
 ' Seismic '  Apple TV service to stream 25 channels across all d .    |   ,Non-Disaster
 @ marek1330  * Zar cringes at the blows but does not let Marek go *   * He uses Seismic Toss,Non-Disaster
SEISMIC AUDIO SA - 15T SA15T Padded Black Speaker COVERS  ( 2 )   -  Qty of 1  =  1 Pair !   ,Non-Disaster
 # Sismo Detected  # Japan  [ Report 1 ]  01 : 01 : 56 Okinawa Island region M4 . 0 Depth 10km Maximum seismic intensity 3 JST  #  ? ,Disaster
ON THE USE OF PERFORATED METAL SHEAR PANEL SFOR SEISMIC - RESISTANT APPLICATIONS ,Non-Disaster
 [ Report 5 ]  18 : 22 : 45 Ibaraki Prefecture offing M5 . 5 Depth 60km Maximum seismic intensity 4  # Earthquake,Disaster
Thanks Benson  &  Clegg for the  # follow !  Check out our  # maps at ,Non-Disaster
On Thursday at 00 : 25 we updated our  # kml of 2D and 3D  # seismic exploration vessels .   # offshore  # oil ,Non-Disaster
Oil and Gas Exploration Takes Seismic Shift in Gabon to Somalia  -  Bloomberg   #  ?   # Somalia,Disaster
" @ kakajambori  ? 
U control the future of india . 
Yor Subject :  Exploration or seismic Maintenance (  Electrical or Mechanical ) ",Non-Disaster
 # Sismo Detected  # Japan  [ Report 3 ]  01 : 02 : 17 Okinawa Island region M3 . 8 Depth 10km Maximum seismic intensity 3 JST  #  ? ,Disaster
Agency seeks comments on seismic permits ,Non-Disaster
Still no plans ?  do not worry we got you covered .  Plenty of Seismic IPA and Seismic Squeeze Radler to help .  ,Non-Disaster
 # OilandGas Exploration Takes Seismic Shift in  # Gabon to  # Somalia  via  @ business,Disaster
"Exploration Takes Seismic Shift in  # Gabon to  # Somalia
 ",Disaster
New post from  @ SeismicSoftware :  3 Major Challenges of Channel Sales Enablement ,Non-Disaster
Panoramic Resources cuts jobs after seismic event ,Disaster
ENGLAND EAST COAST .  Dogger Bank Westward .  1 .  Seismic survey in progress by M / V Western Regent towing a 8400 metre long cable within area,Non-Disaster
A subcontractor working for French seismic survey group CGG has been kidnapped in Cairo and is held by Islamic State the company said on W,Disaster
The Art World ' s Seismic Shift Back to the Oddball  -  Observer ,Non-Disaster
 # Sismo Detected  # Japan 06 : 32 : 43 Miyagi Estimated seismic intensity 0 JST  #  ? ,Disaster
"Sinkhole Selfies :  You Wont Believe What is In The Brooklyn Sinkhole !  :  
        Sinkhole Selfies :  You Wont Belie .  ",Non-Disaster
MRW when a sinkhole opens up beneath my friends and I .   # gif  # funny  # lol  # comedy  # iFunny  # video  # image  # RT ,Disaster
Talk on GOZ is fantastic .  Most interesting fact so far is that they manually bought all the  . ru domains to sinkhole rather than seek co - op . ,Non-Disaster
nothing surprises me anymore and i am sure there is more to come .  ,Non-Disaster
Large sinkhole swallows entire pond in Lowndes County Georgia :  Large sinkhole   # Occasion2B,Disaster
10News  ?  Water main break disrupts trolley service ,Disaster
Sinkhole closes Falmer Drive in Bethlehem Township ,Disaster
A sinkhole grows in Brooklyn :  six - meter crater swallows street ,Disaster
 @ Azimel  ' Screaming Mad Scientist deceased after tumbling over heels and falling into sinkhole during investigation ' ,Non-Disaster
Gaping sinkhole opens up in Brooklyn New York ,Disaster
 @ FDNY :  This morning  # FDNY responded to a sinkhole in  # Brooklyn .  Units remain on - scene with  @ NYCBuildings  &  others .  ,Disaster
"150 - Foot Sinkhole Opens in Lowndes County Residential Area
WCTV - 35 minutes ago",Disaster
Large sinkhole swallows entire pond in Lowndes County Georgia   # YoNews,Disaster
I have been trying to write a theological short story about a monster living in a sinkhole .  Then I heard about Brooklyn .   # accidentalprophecy,Non-Disaster
Sinkhole Selfies :  You Wont Believe What is In The Brooklyn Sinkhole !  ,Non-Disaster
 @ MoorlandsChmbr Loads of stuff going on recently .  See the blog at   # sinkhole  # piling ,Non-Disaster
150 - Foot Sinkhole Opens in Lowndes County Residential Area ,Disaster
 # SanDiego  # News Sinkhole Disrupts Downtown Trolley Service :  The incident happened Wed .    # Algeria  #  ? ,Disaster
beforeitsnews  :  A sinkhole grows in Brooklyn :  six - meter crater swallows street   )  ,Disaster
Massive Sinkhole Emerges In Brooklyn  ,Disaster
 # LoMasVisto THOUSANDS OF HIPSTERS FEARED LOST :  Giant Sinkhole Devours Brooklyn Intersectio .    # CadenaDeSeguidores,Disaster
150 - Foot Sinkhole Opens In Lowndes County Residential Area ,Disaster
Sinkhole Disrupts Downtown Trolley Service  # SanDiego  -  ,Disaster
Sinkhole swallows Brooklyn intersection  video  ,Disaster
i could die by falling in a sinkhole and I would still be blamed for it,Non-Disaster
Damn that sinkhole on sunset ? ,Disaster
Water main break disrupts trolley service   # sandiego ,Disaster
RT twit_san_diego  ' Possible sinkhole disrupts trolley service :  A depression in a portion of asphalt in downtown Sa  ' ,Disaster
"Sinkhole Selfies :  You Wont Believe What is In The Brooklyn Sinkhole !  :  
        Sinkhole Sel .    @ hinterestin  # funny",Non-Disaster
Some Evansville residents told to limit water usage due to sinkhole construction :  Some Evansville residents have ,Disaster
 @ DavidCovucci We cannot because a sinkhole swallowed every taco place in the neighborhood,Non-Disaster
Sinkhole on west side damaging cars via  @ WEWS ,Disaster
Georgia sinkhole closes road swallows whole pond ,Disaster
Does that sewer look like it is sinking to you ?  Is this what happens pre - sinkhole ?  and I am going insane ,Non-Disaster
"Sinkhole leaking sewage opens in housing estate
Irish Independent - 3 Aug 2015",Disaster
A random hole just broke out in the street  ?  ,Non-Disaster
 # MTSAlert Orange  &  Blue Line riders :  Expect delays downtown due to a sinkhole that is developed in the vicinity of 4th  &  C Street . ,Disaster
There is a sinkhole in Brooklyn  ?  ! ,Disaster
Share Large sinkhole swallows entire pond in Lowndes County Georgia A large   # YoNews,Disaster
Do you feel like you are sinking in low self - image ?  Take the quiz :   ,Non-Disaster
After a Few Years Afloat Pension Plans Start Sinking Again ,Disaster
Do you feel like you are sinking in unhappiness ?  Take the quiz :   ,Non-Disaster
With a sinking music video tv career Brooke Hogan should be THANKING her Dad for the free publicity . although I doubt it will help her . ,Non-Disaster
 @ supernovalester I feel so bad for them .  I can literally feel that feeling of your heart sinking bc you did not get anyone ugh jfc,Non-Disaster
 # nowplaying Sinking Fast  -  Now or Never on North East Unsigned Radio listen at ,Non-Disaster
that horrible sinking feeling when you have been at home on your phone for a while and you realise its been on 3G this whole time,Disaster
Nigga car sinking but he snapping it up for fox 13 .   # priorities ,Non-Disaster
 @ abandonedpics You should delete this one it is not an abbandoned nor sinking .  Thats the darsena of the Castello scaligero di Sirmione . ,Non-Disaster
4 equipment ego break upon dig your family internet hoke excepting versus a sinking term :  dfLJEV,Disaster
Currency transgress before payday - prison ward sinking - fund payment unsecured loan :  jBUmZQpK,Non-Disaster
 ? that horrible sinking feeling when you have been at home on your phone for a while and you realise its been on 3G this whole time,Non-Disaster
If you are lost and alone or you are sinking like a stone carry onnnn,Non-Disaster
Lying Clinton sinking !  Donald Trump singing :  Let us Make America Great Again !  ,Non-Disaster
" @ AP 
 Too slow report the sinking boat in the Mediterranean sea what a shame",Disaster
We walk the plank of a sinking ship,Non-Disaster
The Sinking Ship  (  @ sinkingshipindy )  :  Scarlet Lane Lenore  is on replacing Stone Saison  (  @ StoneBrewingCo ) ,Non-Disaster
In the movie  ' Titanic '  Jack and Rose both could have stayed on the wooden beam without it sinking . ,Non-Disaster
If your lost  &  alone or your sinking like a stone carry onå¡å¡,Non-Disaster
If there is a chance will get a gander of the sinking ship that is  # TNA too .  Cannot help but appease my morbid curiosity .   # DestinationIMPACT,Non-Disaster
So happy to be exercised of the demon of  @ ATT .  Price kept rising service kept sinking .   # goodbye,Non-Disaster
INVESTMENT NEWS Keurig Green Mountain Inc .  Third - Quarter Earnings :  Shares Sinking After - Hours  -  Stocks in the New ,Non-Disaster
 @ WCCORosen did Lloyds of London insure your bet with  @ CoryCove  # sinking  # twins,Non-Disaster
Sinking the Slipper or Putting the Boot In ,Non-Disaster
"In your eyes I see the hope
I once knew . 
I am sinking . 
I am sinking
away from you . 
do not turn around
you will see . 

You can make it . ",Non-Disaster
That horrible sinking feeling when you have been at home on your phone for a while and you realise its been on 3G this whole time . ,Non-Disaster
 ' I am sinking down in the darkest dream so deep so cold this pain inside of me my love for you is more dan I can bear '  Jota Esse ? ,Non-Disaster
Sinking carb consultative assembly plans could subconscious self live straight a leading way of escape :  XkDrx,Non-Disaster
This is Lara she likes sinking her teeth into my flesh and clawing my arms  ?  ,Non-Disaster
Spent too many hours sinking into the wonderfully created worlds of Mafia and Mafia II in my life .  Excited for another installment . ,Non-Disaster
That horrible sinking feeling when you have been at home on your phone for a while and you realise its been on 3G this whole time,Disaster
ITS JUST NOW SINKING IN THIS IS THE LAST EPISODE MY HEART HURTS SO BAD,Non-Disaster
Slowly sinking wasting  ?   @ Ed Sheeran,Non-Disaster
The  # Tribe just keeps sinking everyday it seems faster .  As for this year it is been a titanic disaster . ,Disaster
each time we try we always end up sinking,Non-Disaster
I just made a weird high pitched noise and then I heard a siren ofnsixjks  ? ,Non-Disaster
Today is Corii Siren ' s birthday !  Spoil her now :    # wishlist ,Non-Disaster
 '  @ Ma3Route :  Haha jam imeshika hapa garden city mats bumper to bumper with AAR ambulance . we decide to chill via  @ BonnieG434 '  piga siren kijan,Non-Disaster
 @ stacedemon oh shit ! ,Non-Disaster
Big Love  @ IbeyiOfficial ,Non-Disaster
 ' Amateur Night '  Actress Reprises Role for  ' Siren '   -  HorrorMovies . ca  # horror ,Disaster
Lol  '  @ j2bone :   * cousin  '   @ Foxy_Siren :  Coursing *   '  @ WEYREY_gidi :  Now they are causing Di Maria .  LOL '  ' ,Non-Disaster
What .  The .  Fuck .  ,Non-Disaster
I am more into the healing / reviving side of the game rather than better attacking so for now Siren  >  all other characters  ( except new girl )  . ,Non-Disaster
A demoness with the voice of an angel .  Like a siren ' s call beckoning me to the void .  do not  ?  on this ,Non-Disaster
WHELEN MODEL 295SS - 100 SIREN AMPLIFIER POLICE EMERGENCY VEHICLE  -  Full read by eBay  ,Non-Disaster
 Its the best time of day !    @ Siren_Voice is  # liveonstreamate ! ,Non-Disaster
 ?   # nowplaying SONG TO THE SIREN  -  JOHN FRUSCIANTE  ( 2009 )  ,Non-Disaster
So when r u getting married '  @ Foxy_Siren :  Oh finally Jennifer Aniston got married ?  .  I am so happy for her  ?  ' ,Non-Disaster
Super sweet and beautiful  :  )  ,Non-Disaster
Apparently they are going to have a WW2 siren to announce something .  Not sure if that is fun or dull bc the WW2 siren is a v monotonous sound . ,Non-Disaster
There is a weird siren going off here . I hope Hunterston is not in the process of blowing itself to smithereens . ,Disaster
 @ tomarse99 they all are intending to go .  Just waiting for winds to drop .  Siren just gone off to signal they allowed to leave arena . none gone,Disaster
Internet firms to be subject to new cybersecurity rules in EU .  ,Non-Disaster
I do not think I have forgiven Angelina Jolie yet sef ? ,Non-Disaster
Coursing *   '  @ WEYREY_gidi :  Now they are causing Di Maria .  LOL ' ,Non-Disaster
I added a video to a  @ YouTube playlist  siren 1 gameplay / walkthrough part 1,Non-Disaster
 @ optich3cz  # askH3cz I am jealous now .  Bc i wanted a elgato hd for my bday so i can record videos but i didnt have the money for it . ,Non-Disaster
Look at them '  @ Ayhoka_ :  Co happy bn too long '  @ Foxy_Siren :  Oh finally Jennifer Aniston got married ?  .  I am so happy for her  ?  '  ' ,Non-Disaster
 @ EnvySeven My beautiful Aquarius queenmy Siren of the cliffs and pretenses of overtures . Please sing this phantom songfor you alone shall,Non-Disaster
"Pharma overloaded with a loud cry like an emergency siren .  

 . fucking . ",Non-Disaster
 @ Siren_Song21 my pc account got hacked .  Someone tried to pull out over 1200 bucks which was not there Now I have an nsf  &  no idea who or why,Non-Disaster
do not argue cheap now .  You are better than that .   ? ,Non-Disaster
The real question is why is the tornado siren going off in Dyersburg ? ,Disaster
"Can you save
Can you save my
Can you save my heavydirtysoul ? ",Non-Disaster
Siren Test complete  :  The test has concluded,Non-Disaster
Serephina the Siren love ,Non-Disaster
 @ LA_Siren Thanks for joining the foot .   @ VVorm,Non-Disaster
Outdoor Siren Test 2pm  :  The FGCU Siren will be tested at 2pm today .  Another message will be sent when the test is concluded . ,Non-Disaster
 @ SoonerMagic_ I mean I am a fan but I do not need a girl sounding off like a damn siren,Disaster
I hate this damn Milwaukee IndyFest .  All the cars sound like a really long tornado siren going off and it woke me up from my nap,Non-Disaster
Any new games coming soon  @ BreachGamingORG  ? ,Non-Disaster
 @ FEVWarrior  - with the screeching siren accompanying it just before he walked out . ,Non-Disaster
This cop seriously just turned on their siren to get through traffic and turned it right back off like wtf,Non-Disaster
u know the music good when you hear the siren and you get chills,Non-Disaster
Reasons I should have gone to Warped today :  tony played issues showed up sleeping w sirens played attila is there issues issues issues,Disaster
"Thu Aug 06 2015 01 : 20 : 32 GMT + 0000  ( UTC ) 
 # millcityio  # 20150613
theramin sirens",Disaster
 @ RAYCHIELOVESU On the block we hear sirens &  stories of kids getting Lemonade only to see their life get minute made .  we talking semi paid,Non-Disaster
A segment of the V / H / S anthology series is getting the feature film treatment :  .  ,Non-Disaster
 @ _DANGdaddy the sirens are telling you to get ready to TURN UP ?  ,Non-Disaster
Fuck Sleeping With Sirens . ,Non-Disaster
my dad said I look thinner than usual but really im over here like ,Disaster
Rappers stop sampling police sirens and start sampling whale song .  ? ,Non-Disaster
Yay for sirens,Non-Disaster
To ouvindo sleeping with sirens awn,Non-Disaster
 # SirensIcebreaker What is one fantasy work about a diverse heroine that you think everyone should read ?  ,Non-Disaster
 @ KIRO7Seattle Just saw a Bomb Squad car heading north on Elliott with sirens on  -  any word on where they are headed ? ,Disaster
 ' I know a dill pickle when I taste one '   - me,Non-Disaster
Marketforce Perth named winner of Sirens round 2 for  ' iiNet NBN Buffering Cat Shark '  radio spot ,Non-Disaster
 @ TravelElixir Any idea what is going on ?  I hear no sirens but this damn helo is flying so low my apt is shaking ! ,Disaster
Lets Goooooooo ,Non-Disaster
A new favorite :  Midfield General  Disco Sirens House Edm Version Soni Soner by  @ sonisoner  on  # SoundCloud,Non-Disaster
Photoset :  hakogaku :   ? I am a kurd .  i was born on a battlefield .  raised on a battlefield .  gunfire sirens .  ,Disaster
 @ iK4LEN Sirens was cancelled . ,Non-Disaster
 ' If you looking for my niggas you can follow the sirens .  '   ? ,Non-Disaster
What is going on in Hollywood ?   # abc7eyewitness  @ ABC7 helicopters and sirens .   # HometownGlory,Non-Disaster
"connor franta :  damn sirens I hope everyone is okay .  

dan howell :  can you PLEASE get MURDERED on ANOTHER STREET",Disaster
Gostei de um vÌ_deo  @ YouTube de  @ christinartnd  Sleeping with Sirens Postcards and Polaroids acoustic cover,Non-Disaster
A Rocket To The Moon   ?  Sleeping With Sirens  ? A Rocket To The Moon  ? ,Non-Disaster
Marketforces Cat Shark wins Sirens round two   # radio  # news,Non-Disaster
I added a video to a  @ YouTube playlist  Cher Lloyd  -  Sirens,Non-Disaster
sleeping with sirens vai vir pra sp,Non-Disaster
Kyle is one of the last people I would expect to like Sleeping with Sirens . ,Non-Disaster
It is  ' Run From Sirens '  by  ' Half Hour Hotel '   @ halfhourhotel  @ Edgarsgift .   ' Premium Promotion '  OFFER ,Non-Disaster
What is wrong with just a lil smoke and good conversation  ? ,Non-Disaster
 @ LifeAintFairKid if I did I would smoke you up brooo ! ,Non-Disaster
I barely smoke with people i solo all my blunts,Non-Disaster
smoke whatever you got,Non-Disaster
Smoke the Weed  -  Snoop Lion Ft .  Collie Buddz,Non-Disaster
And all you girls that smoke .  have you notice that you started to lose ALOT OF WEIGHT  ?  HMMM do not know body want no thin girl tf,Non-Disaster
Smoke with me baby and lay with me baby and laugh with me baby I just want the simple things,Non-Disaster
IM GONNA GET NAKED AND SMOKE MY CIGARETTE someone call me radneck or is it just too hot in here,Non-Disaster
SMOKE ALOT OF WEED LIKE FUCK KIDNEYS PUT A DUTCH IN ME,Non-Disaster
 @ SidelineSavage what like a pipe made of peanut butter or a pipe you can smoke peanut butter out of ? ,Non-Disaster
I want to smoke  ? ,Non-Disaster
In 2014 I will only smoke crqck if I becyme a mayor .  This includes Foursquare . ,Non-Disaster
when you burp and smoke comes out,Non-Disaster
if you are dating someone who does not let you smoke leave them and date someone who also smokes .  trust me .   ? ,Non-Disaster
niggas selling weed just so they can smoke  &  stay high .   YALL NIGGA IN THE WAY . ,Non-Disaster
I wanna drink a little  smoke a little,Non-Disaster
Smoke ave streets hottest youngins,Non-Disaster
 @ PianoHands You do not know because you do not smoke .  The way to make taxis and buses come is to light a cigarette to smoke while you wait . ,Disaster
 [ 55436 ]  1950 LIONEL TRAINS SMOKE LOCOMOTIVES WITH MAGNE - TRACTION INSTRUCTIONS  ,Non-Disaster
 @ Sammysosita smoke a blunt  &  get through it .  no more ciggs for you . ,Non-Disaster
I smoke toooooo much laughing my ass off I was scared to text this number bck but now it all makes sense lol,Non-Disaster
 @ TheTshirtKid I am tryna smoke that MF out,Non-Disaster
Be Trynna smoke TJ out but he a hoe,Non-Disaster
 @ BillMcCabe  sky looks clear .  No smoke from the fires .  Enjoy your time in Tahoe .  One of my favorite places ! ,Disaster
So does Austin smoke too since he agreed to that name or what ?   Lol no ,Non-Disaster
Smoke it all ,Non-Disaster
I get to smoke my shit in peace,Disaster
If you wanna smoke cigs that is your own problem but when your breath smells like an old ash tray .  that is fucking disgusting,Non-Disaster
 @ bre_morrow neither of them even smoke so I dk what was going on lol,Non-Disaster
Smoke eat sleep,Non-Disaster
I miss Josie cause I wanna smoke splifs and go to taco bell  ? ,Non-Disaster
Mental / Twitter Note :  Make sure my smoke alarm battery is up to snuff at all times or face many twitter reminders of changing my battery . ,Non-Disaster
 @ TeamAtoWinner no .  i mean when is mino said that he does not smoke ?  u mention it before .   :  ) ,Non-Disaster
I just wanna smoke some weed and get some commas,Non-Disaster
 ' Snowstorm '  36 ' x36 '  oil on canvas  ( 2009 )    # art  # painting,Non-Disaster
Manuel hoping for an early Buffalo snowstorm so his accuracy improves . ,Disaster
Hi yall this poem is called is the one about the snowstorm when we meet in space and that one time it rained .  Thx .  Ur watching disney chann,Non-Disaster
For some reason knocking on someone ' s door at 3am in a snowstorm while wearing footed pajamas is not the best way to get into their bathroom,Non-Disaster
"sorry - I built a fire by my desk already .  RT @ irishirr
 @ MChapmanWSAZ  @ WSAZ_Brittany  @ kellyannwx  . please maintain that snowstorm til I arrive . ",Non-Disaster
Sassy city girl country hunk stranded in Smoky Mountain snowstorm  # AoMS   # I book love  # book boost,Disaster
 @ Groupon_UK it will not let me as you do not follow me,Non-Disaster
New  # photo Oak in a snowstorm  taken in  # winter on the  # South Downs  # Hampshire  # photography  # art  # tree  # treeporn,Disaster
you are the snowstorm I am purified .  the darkest fairy tale in the pale moonlight . ,Non-Disaster
Mini Lalaloopsy Dolls Seed Sunburst June Seashore Sweater Snowstorm Autumn Spice  -  Full re  ,Non-Disaster
 @ Habbo bring back games from the past .  Snowstorm .  Tic tac toe .  Battleships .  Fast food .  Matchwood . ,Disaster
" @ dirk_trossen 

I have still got some of the snowstorm / hailstorm ! ",Disaster
Can you list 5 reasons why a London  # Tube Strike is better than a Snowstorm ?  Read here .  ,Non-Disaster
" @ LordBrathwaite :  Everyone Here :  Ahh I hate snow ! 

Me :  Lol u call this a snowstorm .  ? 

 # growingupincolorado",Disaster
 @ CacheAdvance besides your nasty thunderstorm or snowstorm nah .  Cannot say that I have . ,Non-Disaster
 ' Cooler than Freddie Jackson sippin '  a milkshake in a snowstorm ' ,Non-Disaster
Transportation panel showing a video of a pileup of 18 - wheelers in a snowstorm in WY .  Crash crash crash Make it stop !   # AMSsummer,Disaster
 @ PyrBliss ah I remember those days .  In a snowstorm too . ,Disaster
Picking up a man in a bar is like a snowstorm you never know when he is coming how many inches you will get or how long ' ll he will stay . ,Non-Disaster
 # NowPlaying Last Smoke Before The Snowstorm by Benjamin Francis Leftwich  -  hopefully new album coming soon  :  )   ?  ,Non-Disaster
New  # photo Oak in a snowstorm  on the  # South Downs  # Hampshire  # Winter  # photography  # art  # tree  # treescape  # treeporn,Non-Disaster
I liked a  @ YouTube video  Boeing 737 takeoff in snowstorm .  HD cockpit view  +  ATC audio  -  Episode 18,Disaster
Photo :  mothernaturenetwork :  What is thundersnow ?  Hearing thunder during a snowstorm is extremely uncommon .  ,Disaster
 # Lake Effect  # Snowstorm Twill Denim Jackets    *  ALL MY PROCEEDS FOR ITEMS WITH THIS DESIGN WILL GO ,Disaster
LRT refer to the lyrics to hear Big Boi explain why hes as cool as sippin a milkshake in a snowstorm '  lame bars but effective at the time,Non-Disaster
 @ PrablematicLA  @ Adweek I am actually currently dressed for a snowstorm . despite being in the middle of a Texas summer .  Thanks office A / C . ,Disaster
Snowstorm planned outside  # Rome ' s St Mary Major tonight  -  annual occasion artificial snow remembering summer snow in 358 AD on same spot . ,Non-Disaster
FINALLY a storm,Non-Disaster
 # gamefeed Warcraft 3 - Inspired Mode Likely Hitting Heroes of the Storm :  Let us go back to the beginning .    # VideoGame,Non-Disaster
Typhoon Soudelor was captured in this incredible NASA photo on it is way to Taiwan !   ,Disaster
So this storm just came out of no where .   . fuck me its cool,Disaster
omfg .  I just woke up again . ,Non-Disaster
New on Ebay UK Star Wars Storm Trooper Pop !  Vinyl Bobble Head Figure POP Funko  ,Non-Disaster
"How to prepare your  # property for a  # storm : 

 ",Disaster
kesabaran membuahkan hasil indah pada saat tepat !  life is not about waiting for the storm to pass it is about learning to dance in the rain . ,Disaster
 @ Jenniferarri_ comeeeee !   . but why is it bout to storm tho,Disaster
RT  @ tonyhsieh :   ' The person who dances with you in the rain will most likely walk with you in the storm .  '   - Anonymous,Non-Disaster
The Secrets Of The Storm Vortex The Lightning Catcher Book   :    . ,Non-Disaster
Is it bad to say that I am kinda afraid of storms and we are in a storm ?  help,Disaster
Looks like a perfect storm - free evening coming up .   Check out the outdoor happenings featured at   # EventsPalmBeach . ,Disaster
Crazy storm hit and I am trapped inside a Hobby Lobby AMA ,Disaster
"It is okay I welcome the rain .  
Gave you all the storm that you could weather . ",Non-Disaster
Nike Golf Storm Fit Golf Jacket Black Medium  :   # SportingGoods ,Non-Disaster
Every time I buy a bag for life I think I have got 3 days left to live . ,Non-Disaster
What tropical storm ?   # guillermo by hawaiianpaddlesports  ,Disaster
New item :  Pillow Covers ANY SIZE Pillow Cover Grey Pillow Pillows Premier Prints Lulu Storm Grey by MyPillowStudio  ,Non-Disaster
this storm ? ,Non-Disaster
 @ johngreen storm and silence by  @ RobThier_EN,Non-Disaster
A Warcraft 3 - inspired mode is likely coming to Heroes of the Storm   ,Non-Disaster
The Storm Prediction Center has expanded the  ' Slight Risk '  area to include more of central NC .   # TWCNews  # ncwx ,Disaster
 ' Calgarians stunned by storm insurance companies busy handling calls '   # Alberta Storm ,Disaster
Finna storm .  Fuck my back boutta start hurting like a mf  ? ,Non-Disaster
Ready for this storm,Disaster
Severe T - storm Warning for Union County ~3 : 45pm .  Top threats include heavy rain lightning  &  damaging winds .  ,Disaster
ice cream  +  cupcake wars  +  storm  =  content sara,Non-Disaster
"NASA Hurricane ?  EASTERN PACIFIC  * Full Update *  Satellite Sees Formation of Eastern Pacific ' s Tropical Storm Hilda
Th ",Disaster
The sky ' s clear the storm has passed but it is still raining in my head,Non-Disaster
Happy birthday  @ lesley_mariiee  ?  I miss you so much  &  i hope you have a great birthday !  ? ,Non-Disaster
 # NASA announced that a massive  # solar storm is headed straight for us :  ,Disaster
My last two weather pics from the storm on August 2nd .  People packed up real fast after the temp dropped and winds picked up . ,Disaster
Doves  -  The Storm  +  Greatest Denier  ( Electric Proms Pt4 )  ,Disaster
Todays storm will pass ;  let tomorrows light greet you with a kiss .  Bask in this loving warmth ;  let your soul return to bliss . ,Disaster
"Somebody get the doctor I am feelin '  pretty poor .  Somebody get the stretcher
before I hit the floor",Non-Disaster
 @ Coach_Keith44  @ HannoMottola  @ TRPreston01  @ mlrydalch no but a stretcher would have been nice . ,Non-Disaster
Free Ebay Sniping RT ?   Lumbar Extender Back Stretcher Excellent Condition !   ? Please Favorite  &  Share,Non-Disaster
 @ Stretcher  @ invalid  @ Grazed  @ Rexyy  @ Towel I see the programme  (  : ,Non-Disaster
Dan Hughes was taken off on a stretcher after Danielle Robinson collided  @ OU_WBBall hope they are both ok he called SOME  games over years,Non-Disaster
FERNO would appreciate if everyone in EMS could dust off their engineering degree  &  inspect all stretcher components .  ,Non-Disaster
Stretcher brought out for Vampiro .  Cut to commercial is not a good sign .   # Ultima Lucha  # Lucha Underground,Non-Disaster
How to restore vinyl siding and make it look new again  ,Non-Disaster
 @ Stretcher  @ Rexyy  @ invalid  @ Towel let us have babies ?  ! ,Non-Disaster
organic natural horn stretcher expander earrings body jewelry with painting in tribal  .   ,Non-Disaster
NO WAYS !  A video for  ' Stretcher '  ?  !    @ Ofentse_Tsie,Non-Disaster
 * New !  *  Stretcher in 5 min   ( by FUJIWARA Shunichiro 2015 - 08 - 05 )   [ Technology ] ,Non-Disaster
 @ PLlolz  @ Grazed  @ Stretcher  @ invalid  @ witter  @ Towel still a lot,Non-Disaster
"How to Freeze Fruits and Veggies
",Non-Disaster
Homemade frozen yogurt pops ?  Have you had luck making them ?   ,Non-Disaster
The  ' 1pack 2pack 3pack '  line is on fleek if Stretcher is fire . ,Non-Disaster
Sweater Stretcher  ,Non-Disaster
Stretcher in 5 min  /  /  Speaker Deck ,Non-Disaster
 @ invalid  @ Grazed  @ Towel  @ Stretcher  @ PLlolz  @ witter I cannot stop,Non-Disaster
I should have known better than to think I would get anything done after a 2 hour capoeira class .  Stretcher - bearer ! ,Non-Disaster
 @ Grazed  @ invalid  @ Stretcher  @ Rexyy  @ Towel  ' Ben favorited ' ,Non-Disaster
He is being put on a stretcher  ?  do not want to see that . ,Non-Disaster
Lately I been stressing make me wanna put a fuck nigga on a stretcher ! ,Non-Disaster
Mxaaaa South Africans Just Cannot Appreciate Effort  # Stretcher Was Not That Bad  Stop Hating,Non-Disaster
Keep shape your shoes  ?  # Amazon  # foot  # adjust  # shape  # shoe Mini Shoe Tree Stretcher Shaper Width Extender Adjustable ,Disaster
Lately I have been under pressure make me wanna put a fuck niqqa on a stretcher,Non-Disaster
Stretcher - bearers were soldiers whose job was to follow behind the advance and bring the wounded back into their .  ,Non-Disaster
Scary stuff in San Antonio .  Stars head coach Dan Hughes was run into on the sidelines and fell over chairs onto the floor .  Stretcher now out,Disaster
 @ DareToTaha nah but thinking of getting a stretcher in my foreskin what u think ? ,Non-Disaster
 @ Stretcher  @ witter  @ Rexyy  @ Towel show me a picture of it,Disaster
1 )   ' Investigators say a Virgin Galactic spaceship crash was caused by structural failure after the co - pilot unlocked a braking system early ' ,Disaster
SpaceX Founder Musk :  Structural Failure Took Down Falcon 9 ,Disaster
 @ lizbon  @ KidicalMassDC It is more of a structural breakdown .  Or maybe a patience failure on their part . ,Non-Disaster
Virgin galactic crash :  early unlocking of brakes triggered structural failure ,Disaster
VIDEO :  Virgin Galactic crash :  Brakes blamed :  Investigators have said a Virgin Galactic spaceship crash was caused by structural failure,Disaster
Investigators have said a Virgin Galactic spaceship crash was caused by structural failure after the co - pilot  .  ,Disaster
Investigators say a fatal Virgin Galactic spaceship crash last year was caused by structural failure after the .  ,Disaster
Rightways :  Building structural integrity  &  failure :  problems inspections  repair  via  @ Richard Tan,Non-Disaster
 @ SirTitan45  Mega mood swing on a 24 hr schedule .  is not that how structural failure occurs ? ,Non-Disaster
The result of failure in correcting structural problems with West ' s financial markets collapse ,Disaster
3 .  excessive engine failure rate significant maintenance constantly emerging structural defects .  Phew that is a lot I say . ,Non-Disaster
Virgin galactic crash :  early unlocking of brakes triggered structural failure  -  Irish Examiner ,Disaster
 [ CLIP ]  Top - down coercion  -  The structural weakness ensuring government failure ,Non-Disaster
Investigators say a fatal Virgin Galactic spaceship crash last year was caused by structural failure after the co,Disaster
We offer  # preventative services such as cabling and bracing to stop structural failure of your trees .  Call 905 - 877 - 8591 to book yours .   # CTS,Non-Disaster
Rightways :  Building structural integrity  &  failure :  inspections damages defects testing  repair  via  @ Richard Tan,Disaster
NTSB :  Virgin Galactic ' s SpaceshipTwo crash due to structural failure when braking system unlocked early  via  @ KPCC  @ AP,Disaster
Investigators rule catastrophic structural failure resulted in 2014  .  ,Disaster
Investigators have said a Virgin Galactic spaceship crash was caused by structural failure after the co - pilot unlocked a braking system,Disaster
 @ sirtophamhat  @ SCynic1  @ NafeezAhmed  @ jeremyduns and of course you do not have to melt the steel in order to cause structural failure . ,Non-Disaster
CAP :   ' the DRIVE Act represents the failure of Senate Republicans to address the structural shortfalls plaguing the Highway Trust Fund ' ,Non-Disaster
Photo :  Failure in structural integrity affects us all .  Whether it is a barn raised upon a faulty concrete .  ,Non-Disaster
 @ sabcnewsroom sabotage ! I rule out structural failure,Non-Disaster
 '  @ Cato Institute :  The causes of federal failure are deeply structural and they will not be easily solved :   ' ,Non-Disaster
Slums are a manifestation state failure to provide housing to citizens .  Illegality discourse confounds structural problems .   # stopevictions,Disaster
Investigators say a fatal Virgin Galactic spaceship crash last year was caused by structural failure after the .   ,Disaster
 @ whvholst  @ leashless And this is a structural problem rather than just a failure of competence by traditional soc democratic parties . ,Non-Disaster
" ' Jet fuel cant melt steel ' 
 ' The structural failure is illogical ' 
 ' The second plane crashing into the building is fake ' 
 ' It was a bomb ' ",Disaster
Virgin galactic crash :  early unlocking of brakes triggered structural failure :  The crash of a Virgin Galactic  .  ,Disaster
Investigators rule catastrophic structural failure resulted in 2014 Virg .  Related Articles :  ,Disaster
NTSB :  Virgin Galactic crash caused by structural failure triggered when brakes unlocked early  ,Disaster
Investigators say a fatal Virgin Galactic spaceship crash last year was caused by structural failure after the co - pilot unlocked a braking,Disaster
 @ Fox NewsInsider All Obama is doing is giving a false time schedule on Iran testing there first bomb      Bomb  =  Nuclear Suicide Vest,Non-Disaster
If you ever think you running out of choices in life rembr there is that kid that has no choice but wear a suicide bomb vest,Non-Disaster
 # bestnaijamade :  16 year old PKK suicide bomber who detonated bomb in  .   bestnaijamade bestnaijamade bestnaijamade be,Disaster
Pic of 16 year old PKK suicide bomber who detonated bomb in Turkey Army trench released  ,Disaster
 @ AlfaPedia It might have come out ONLY too burst as a Bomb making him suicide bomber,Disaster
Pic of 16 year old PKK suicide bomber who detonated bomb in Turkey Army trench released ,Disaster
 .  /  /  .  /  /  whao .  Pic of 16 year old PKK suicide bomber who detonated bomb in Turkey Army trench released ,Disaster
Look at the previous battles .  Citizens were committing suicide so to not be under American control .  The bomb was the only way .   @ NBCNews,Disaster
she is a suicide bomb,Non-Disaster
See the 16 year old PKK suicide bomber who detonated bomb in Turkey Army trench  via  @ MsOreo_ ,Disaster
 /  /  .  /  .  /  .  Pic of 16 year old PKK suicide bomber who detonated bomb in Turkey Army trench released   -  / ,Disaster
recap /  Pic of 16 year old PKK suicide bomber who detonated bomb in Turkey Army trench released ,Disaster
11 soldiers killed in ISIS suicide bomb in air base east Homs SYRIA NEWS  |  ZAMAN ALWSL   -     # ISIS  # Homs,Disaster
16 year old PKK suicide bomber who detonated bomb in Turkey Army trench released ,Disaster
wo Pic of 16 year old PKK suicide bomber who detonated bomb in Turkey Army trench released   /  '  /  '  /  / ,Disaster
Iraq  -  Hashd Shaabi Theft ISIS Suicide Car bomb   # ISIS ,Disaster
ll /  / ll =  Pic of 16 year old PKK suicide bomber who detonated bomb in Turkey Army trench released   / ,Disaster
 # GR updates Pic of 16 year old PKK suicide bomber who detonated bomb in Turkey Army trench released  -  >  ,Disaster
 ?  19th Day Since 17 - Jul - 2015  -  Nigeria :  Suicide Bomb Attacks Killed 64 People ;  Blamed :  Boko Haram  [ L . A .  Times / AP ]   |  ,Disaster
16 year old boy pic PKK suicide bomber who detonated bomb in Turkey Army trench  ,Disaster
New post :  Pic of 16 year old PKK suicide bomber who detonated bomb in Turkey Army trench released ,Disaster
Suicide bomber kills 15 in Saudi security site mosque   # mercados,Disaster
Suicide Bomber Kills 13 At Saudi Mosque   # Saudi  # Tripoli  # Libya,Disaster
Six people were killed Thursday when a Taliban suicide bomber detonated an explosives - rigged truck outside a police compound in eastern,Disaster
ISIS claims responsibility for Saudi mosque suicide bombing  ,Disaster
Suicide bomber kills 15 in Saudi security site mosque ,Disaster
 # ISIS claims responsibility for Saudi suicide bombing  ,Disaster
Islamic State claims suicide bombing at Saudi Arabian mosque :  Ten members of emergency service .   via  @ josephjett,Disaster
 # saudiarabia 13 confirmed dead as suicide bomber attacks Saudi Arabian mosque  -  The I .    -  ,Disaster
Suicide bomber kills 15 in Saudi security site mosque  -  Reuters Canada :  Reuters CanadaSuicide bomber kills 15  .  ,Disaster
Suicide bomber kills 15 in Saudi security site mosque  via  @ Reuters,Disaster
News :   ' Islamic State claims suicide bombing at Saudi Arabian mosque '  ,Disaster
"17 killed in SArabia mosque suicide bombing

A suicide bomber attacked a mosque in Aseer south - western Saudi .  ",Disaster
Mosque bombing strikes Saudi special forces ;  at least 15 people dead :  A suicide bomber struck a mosque i .    # news,Disaster
Suicide bomber  ' hits Saudi mosque '  ,Disaster
Suicide bomber detonates in Saudi Arabia mosque 17 reportedly killed  ,Disaster
Suicide bomber kills 15 in Saudi security site mosque  -  A suicide bomber killed at least 15 people in an attack on .  ,Disaster
Suicide bomber kills 15 in Saudi security site mosque  -  Reuters ,Disaster
 #  ?   #  ?   #  ?   #  ?  Suicide bomber kills 15 in Saudi security site mosque  -  Reuters  ,Disaster
" @ Abu_Baraa1 Suicide bomber targets Saudi mosque at least 13 dead  -  Suicide bomber targets Saudi mosque at least 13 dead
This is ridiculous",Disaster
 Suicide bomber kills 15 in Saudi security site mosque  -  Reuters ,Disaster
 # deai  #  ?   #  ?   #  ?  Suicide bomber kills 15 in Saudi security site mosque  -  Reuters  ,Disaster
Suicide Bomber Kills More Than a Dozen in Saudi Mosque :  Saudi Arabia have started experiencing some terrorist  .  ,Disaster
Suicide Bomber Kills 13 At SaudiMosque ,Disaster
IS claims suicide bombing against Saudi police :  An Islamic State group suicide bomber on Thursday detonated an .  ,Disaster
 @ bbclaurak Why is no one talking about the risk of a suicide bomber hiding amongst the migrants stowing aboard the Eurotunnel  trains ? ,Disaster
I liked a  @ YouTube video from  @ noahj456  GTA 5  -  SUICIDE STICKY BOMBER  ( GTA 5 Online Funny Moments ) ,Non-Disaster
IS claims suicide bombing against Saudi police :  RIYADH  ( AFP )   -  An Islamic State group suicide bomber on Thursd .  ,Disaster
Suicide bomber kills 15 in Saudi security site mosque   # world  # news,Disaster
I was taught at school in the 1970s that piracy slavery and suicide - bombing were purely historical .  No one then expected them to re - occur,Disaster
After a suicide bombing in Sanliurfa that killed 32 people Turkey launches airstrikes against ISIL and Kurdistan Workers '  Party camps in Iraq . ,Disaster
 @ daisycuttertz  @ GROGParty  @ Tony_Burke He is been having lessons in suicide bombing from his imam ! ,Disaster
 @ sonofbobBOB  @ Shimmyfab  @ trickxie usually I would agree .  Once the whole chopping heads off throwing gays off rooftops  &  suicide bombing start,Disaster
"Suicide bombing for Da ' esh is  ( rightly )  despicable .  Suicide bombing for Ocalan /  Marxism ? 

 =  They share  ' our values '  .  ",Disaster
 <  25 Dead In Kuwait Mosque Suicide Bombing Claimed By ISIS Offshoot on ,Disaster
Suicide bombing is just the fear of dying alone,Disaster
 ' Suicide bombing at  [ location named ]  .  '   # premonitions ,Disaster
 @ JewhadiTM It is almost amazing to think someone thought suicide bombing would actually be a good idea . ,Disaster
13 security personnel killed in Iraq suicide bombing  |   ,Disaster
Turkish troops killed in Kurdish militant  ' suicide attack '  ,Disaster
Remembering Rebecca Roga 40 of the Philippines .  murdered by Hamas terrorists in the suicide bombing of Egged bus No .  361,Disaster
INFOGRAPHIC :  At least 20 Turkish security officials killed in PKK and ISIS terror attacks since Sanliurfa suicide bombing ,Disaster
Malik Saadthe best police officer produced by KPdied in a suicide bombing on 27 Jan 2007he was more than a brother to me .   # KPPolice . ,Disaster
bout to go suicide bombing ,Disaster
 <  Suicide Bombing Of European Union Car Kills At Least Three In Kabul on ,Disaster
 @ RayquazaErk There are Christian terrorists to be sure but I do not suicide bombing is employed often as it is in Islamic groups . ,Disaster
Alleged driver in  # Kuwait attack  ' joined ISIS just a day before the June 26 suicide bombing '  he confesses in court ,Disaster
 @ Haji_Hunter762  @ MiddleEastEye maybe some muzzies will spontaneously combust !  It is like Allah suicide bombing them as payback  ? ,Disaster
The number of security officials killed by PKK in terror attacks since the Sanliurfa suicide bombing has reached 22 ,Disaster
Erdogan ' s Bloody Gambit :  on July 20 a suicide bombing in Turkey took the lives of 31 socialists in Sanliurfa   @ Shareaholic,Disaster
Kurd Suicide Attack Kills 2 Turkish Soldiers ,Disaster
 @ NBCPolitics RUSSIA AND THAT BACK FIRED NOW 2015 look what happened 911bombing of marine barracks  suicide bombers attacks on world sites,Disaster
meek mill should join isis since he loves suicide - bombing his career for no good reason,Non-Disaster
"Imagine a school where suicide bombing Is being taught the teachers would say to the students . 

 ' Please pay .  ",Disaster
9 )   ' Without the bombing you would have to do hara - kiri you know commit suicide '  .   Hiroshima 70 years ago . ,Disaster
Remembering Mordechai Yehuda Friedman 24 of Ramat Beit Shemesh ;  murdered by Hamas terrorists in the suicide bombing of Egged bus No .  361,Disaster
Remembering Marlene Menahem 22 of Moshav Safsufa ;   murdered by Hamas terrorists in the suicide bombing of Egged bus No .  361,Disaster
1 of the major reason of suicide bombing is the absence of sexual interactions . ,Disaster
why was not this warship sunk ?       CNN :  First on CNN :  Iranian warship points weapon at U . S .  helicopter official says ,Disaster
literally just sunk in we got backty school in exactly a week  : S  : S  : s,Non-Disaster
I peeped you frontin '  I was in the jeepsunk in the seat tinted with heat beats bumpin '  . ,Non-Disaster
British diver Neil Anthony Fears found dead by the wreck of a steamship  -  Daily Mail ,Disaster
Near them on the sand half sunk a shattered visage lies .  ,Disaster
Aquarium Ornament Wreck Sailing Boat Sunk Ship Destroyer Fish Tank Cave Decor  -  Full read   ,Disaster
 @ aphyr Ive been following you this long Sunk cost fallacy or somethin,Non-Disaster
descended or sunk however it may be to the shadowed land beyond the crest of a striking cobra landing harshly upon his back ;  torch and,Non-Disaster
"So if I capsize on your thighs high tide B - 5 you sunk my battleship
 > ",Non-Disaster
has NOT sunk in that i leave for school in a month,Non-Disaster
It still has not sunk in that i will never see my nan again how has it been 2 months already  ? ,Non-Disaster
Japan FUSO Class Battleship YAMASHIRO Naval Cover 1999 PHOTO Cachet SUNK WWII  ,Disaster
 ' Blaaaaaaa '  he said as he sunk his face into your stomach making it vibrate  @ ResoluteVanity,Non-Disaster
Hasn ' t quite sunk in that I saw Johnny Marr and Primal Scream all in the space of a few hours on Sunday,Non-Disaster
 @ CodeMeW Were you opening regular or master packs ?  RT :  so sunk1 mil credits into light side did not pulloneyou sure about those odds ? ,Non-Disaster
Yup .  Still has not sunk in .   ?  ,Non-Disaster
 @ SaintRobinho86 someone has to be at the bottom of every league .  Tonight clearly demonstrated why the Lions are where they are  -  sunk ! ,Disaster
It still has not sunk in that I have actually met my Idol  ? ,Non-Disaster
 @ UntamedDirewolf  ' I .  Wow .  Alright .  '  Sansa shook her head and blinked rapidly as the new information sunk in .   ' I really do not know what - ,Non-Disaster
 @ BenAffleck  i respected you and liked you for your talent .  i guess i stil do but as a human being you have sunk low Mr . Affleck ! ,Non-Disaster
Once upon a time the fact that I decided to go to university 7 hours away actually sunk in,Non-Disaster
 # ArrestpastorNganga it so worrying 2 see how some police officers in Kenya have sunk to low to the point of collaborating with pick pockets,Non-Disaster
 @ time4me_sews I know !  It still has not quite sunk in  : D,Non-Disaster
The feeling of lonelyness has sunk into me strange depressing feeling . ,Non-Disaster
We may be just a week away from school but I do not think the idea of me being a senior has really sunk in yet,Non-Disaster
im getting a car wow it has not sunk in,Non-Disaster
FOOTBALL IS BACK THIS WEEKEND ITS JUST SUNK IN  ? ,Non-Disaster
One Direction is taking a break after this next album .  My heart has sunk it hurts and I am very upset .  They deserve a break .  My heart hurts,Non-Disaster
The courts reputation and prestige has sunk ever lower and Prosser who has served on the court since 1998 has .  ,Non-Disaster
 <  <  his lip as he sunk into the bed his arms crossed behind his head as he watched his Captain do a number on his body .   @ ResoluteShield,Non-Disaster
 @ ShekharGupta  @ mihirssharma high time TV channels realised what levels they have sunk for TRP and ads . it has become a mockery,Non-Disaster
 @ bonhomme37 would not that have sunk the sub ? ,Non-Disaster
Its like I never left .  I just sunk to the background,Non-Disaster
 @ UnrealTouch fuck sake john Jesus my heart just sunk . ,Disaster
 @ silverstar58200 I felt bad for Romero .  He cared but mental stuff sunk his career .  I worry same thing will happen to Hutch .   # BlueJays,Non-Disaster
Everything has sunk in except the fact that I am actually moving to the state of Colorado tomorrow .  Been dreaming of it since I was a kid .  ? ,Non-Disaster
Damn there is really no MLK center that has not sunk in yet,Non-Disaster
The Seven Seas  -  Wreck of the Giannis D .  sunk after hitting a submerged reef in the  ,Disaster
Hank Williams Jr .   -   ' Country Boys Can Survive '   ( Official Music Video )   via  @ YouTube,Non-Disaster
Parental experience may help coral offspring survive climate change :  Preconditioning adult corals to increased .  ,Non-Disaster
 @ lucypalladino and I do not have any classes together and I am not sure if I will be able to survive,Non-Disaster
I have my final tomorrow  ?   .  Ish is stressful  but I will survive,Non-Disaster
AHH forgot my headphones how am I supposed to survive a day without music AYHHHHHDJJFJRJJRDJJEKS,Non-Disaster
10 Ways To Survive and Escape Martial Law  |  World  ,Non-Disaster
How to Survive in the Markets   # oil  # investing  # money  # trading  # forex  # gold  # silver  # business ,Non-Disaster
So much shit has happened today wtf idk how I survive thruuu it all,Disaster
Ended today ' s staff meeting with the teacher version of  ' I Will Survive '   # tootrue ,Non-Disaster
how will I survive without dorrian,Non-Disaster
If I survive tonight .  I would not change one thing .   ? ,Non-Disaster
3 Things All Affiliate Marketers Need To Survive Online  -  Every affiliate marketer is always .  ,Non-Disaster
"DO NOT MAKE FUN OF THEM FOR TRYING
TO SURVIVE IN SUCH A RACIST ELITIST COUNTRY",Non-Disaster
We learn and grow and become stronger as we face and survive the trials through which we must pass .   # ThomasSMonson  # LDS  # Mormon,Non-Disaster
A country Chim can survive ! ,Disaster
I Will Survive by Gloria Gaynor  ( with Oktaviana Devi )   ,Disaster
"Escaping her captors was the 1st step .  Now she must survive a deadly storm  &  a wild - looking recluse . 
BETRAYED

 # books",Disaster
In a dream you saw a way to survive and you were full of joy . ,Non-Disaster
16 Stylishly Unique Houses That Might Help You Survive the Zombie Apocalypse  |   ,Non-Disaster
It is going on three years that we have been separated .  Sometimes you have to let a man know you will leave him .   &  that u can survive without,Non-Disaster
Now realized I honestly cannot survive without these glasses now lol,Non-Disaster
Help me survive the zombie apocalypse at the Zombie Fun Run on November 15th .    # teamsurvivors  # zombiefunrun2014,Non-Disaster
 @ mochichiiiii  @ hikagezero IT ' S IMPOSSIBLE FOR ME TOO WW like i cannot survive a day without meat wew,Non-Disaster
 :  Survive ? ,Non-Disaster
You cannot fight fate and you cannot survive alone .  I cannot help but notice that almost seems like a definition of who I am . ,Non-Disaster
 @ DDNewsLive  @ NitishKumar  and  @ ArvindKejriwal cannot survive without referring  @ Narendra Modi  .  Without Mr Modi they are BIG ZEROS,Non-Disaster
 @ adriennetomah how did people survive like that ?  ! ,Non-Disaster
Like it affects every level of life you are expecting me to buy everything and still survive with my limited pocket money,Non-Disaster
 # Autoinsurance industry clueless on driverless cars  :   # healthinsurance ,Disaster
If I survive I will see you tomorrow,Non-Disaster
 # Autoinsurance industry clueless on  # driverlesscars  :   # Markets  :   # Money Times ,Non-Disaster
Suicide of a Superpower  :  Will America Survive To 2025 ?  by Patrick J .  Buchana .   ,Non-Disaster
Survived another tube strike with the last person at office reaching home .  We are getting better at navigating strikes ! ,Non-Disaster
"Update :  I survived .  No canoe .  

May have been the fastest feed out in history though . ",Disaster
 @ TheDailyShow Mahalo nui loa for making my 20s .  My generation could not have survived the  ( W .  )  Bush years without you .   # Jon Stewart  # holomua,Non-Disaster
 @ thoutaylorbrown I feel like accidents are just drawn to you but I am happy you have survived all of them .  Hope you are okay ! ,Non-Disaster
Even when I was a kid haha super late but folks used to bash me for that shit I understand he survived cancer but he still cheated,Non-Disaster
 @ taaylordarr THANK YOU !  I survived  ? ,Non-Disaster
Meet the man who survived both Hiroshima and Nagasaki  ,Disaster
Electricity cant stop scofield .  Nigga survived a hotbox in SONA,Non-Disaster
It is a miracle that mankind survived 70 years since one of the worst days in its history .  All bets are off if it will survive the next 70 . ,Disaster
 @ TheSmallClark  ' He ' ll kill me instead if he survived the shot .  I do not exactly know .  I fled the scene and pulled the trigger with - ,Disaster
Not even the Berlin wall survived the 80 ' s I daubt they will ever be a generation like the 80 ' s  @ ChubyChux :   .  ,Non-Disaster
 @ rjkrraj  @ KarnakaranK  @ vimvith whether pressure or not NON wud not survived even if thalapathi did not release,Disaster
Not one character in the final destination series has ever survived  ? ,Non-Disaster
 @ Michael5SOS FUCKING LIVE HERE IM SURPRISED IVE SURVIVED THIS LONG,Non-Disaster
Just burst out in actual tears of joy when Cain survived  # Summer Fate  @ emmerdale,Non-Disaster
Nigerian boxer  ? who survived sessions with Klitschko becomes famous on YouTube ,Non-Disaster
" [  +  ] 

Such a lonely day
And it is mine
It is a day that I am glad I survived  . 

 ? ",Non-Disaster
How would I have survived without the mute option on whatsapp ! ,Non-Disaster
The  ' twins '  survived their first day of high school !  They are gonna have a great year !   # makinmemories 2015 ,Non-Disaster
Well me and dad survived my driving  ? ,Non-Disaster
By the grace of GOD I survived the 2am shift and im not that tired . ,Non-Disaster
 ' Planted 390 years ago '  it was moved to U - S .  This Bonsai Survived Hiroshima But Its Story Was Nearly Lost  via  @ NatGeo,Disaster
Only one man Tsutomi Yamaguchi is said to have survived both atomic bomb blasts at  # Hiroshima and  # Nagasaki .   # OTD ,Disaster
I Survived A 12 - Step Program for Sex Addiction  -  ,Non-Disaster
"Today your life could change forever  -   # Chronicillness cannot be avoided  -  It can be survived

Join  # MyLifeStory  >  >  >  ",Non-Disaster
Cute  &  all livin '  the life then you zoom in on one ' s face and you have a meme ready :   ' I have seen the Gates of Hell and survived ' ,Non-Disaster
Well said Sir .  My cousin was a POW .  Brutally treated .  Survived but never talked about it .  The bombing was justified ,Disaster
 @ PixelJanosz  @ Angelheartnight I remember now .   There was a British man who survived both also .   Cannot remember his name though . ,Non-Disaster
RT THR  ' RT THRArchives :  1928 :  When Leo the MGM Lion Survived a Plane Crash  # TBT   ' ,Disaster
 @ duchovbutt  @ Starbuck_Scully  @ MadMakNY  @ davidduchovny yeah we survived 9 seasons and 2 movies .  Let us hope for the good .  There is hope  ? ,Non-Disaster
There are people who plotted against me that are still wondering how I survived,Non-Disaster
Survived Spanish !   @  Sweet Ritual ,Non-Disaster
 @ BBCWomansHour :  Setsuko Thurlow survived the  # Hiroshima bomb .  This is her story :   ,Disaster
The Cafe Run by Acid Attack Survivors in  # India  ,Disaster
Dying with debt can be costly for survivors,Non-Disaster
Hiroshima survivors fight nuclear industry in Brazil Ì¢ ?  video ,Disaster
"Tricycle toddler atomic bomb
 In a fraction of a second Our decisions change the landscape of humanity . ",Disaster
Patient - reported outcomes in long - term survivors of metastatic colorectal cancer  -  British Journal of Surgery ,Disaster
Dear  @ POTUS In the name of humanityI apologized to  # Hiroshima Survivors . R u ready to do so ?  # Japan  # nuclearweapons ,Disaster
 # coppednews Haunting memories drawn by survivors ,Disaster
"RT  @ kotowsa :  South Sudans war on women :  survivors say rape has become  ' just a normal thing '  
 ",Disaster
Haunting memories drawn by survivors ,Disaster
Hiroshima survivors fight nuclear industry in Brazil  video ,Disaster
Survivors remorse is good,Non-Disaster
" # WorldNews
 Fears over missing migrants in Med  -  BBC News  -  Home : 
Rescuers search for survivors after a boat carr .  ",Disaster
 @ MithiTennis  @ CrackedGem Which is why I want her to be better  -  which means death awaits her .  Most of us are not heroes we are survivors,Non-Disaster
4 THOSE WHO CARE ABOUT SIBLING ABUSE SURVIVORS join the new family tree :   ,Non-Disaster
Breaking news :  Haunting memories drawn by survivors ,Disaster
Molecularly targeted cancer therapy for his  # LungCancer gave Rocky his life back .   ,Non-Disaster
Violators of the new improved Reddit will be shot into the sun .  Survivors will be hurled into a black hole and then nuked . ,Non-Disaster
As Anniversary Nears Atomic Bomb Survivors Speak Out Against Nuclear Power  -  ,Disaster
The second part which focuses on the survivors is really difficult to watch but at the same time is really powerful . ,Disaster
 @ Arovolturi3000 survived because of magic  she is searching the wood for survivors outside of London,Disaster
 @ FedPorn I feel your pain .  Survivors will look back on this period as most absurd in human history .  Satire indistinguishable from reality . ,Disaster
Faceless body belonged to my sister :   # Hiroshima  # Nagasaki  # nuke survivors recall horrors 70 years on  RT News ,Disaster
Survivors of Shanghai Ghetto reunite after 70 years  -    # Shanghai  # China  #  ? ,Non-Disaster
People with netflix there is a really good documentary about Hiroshima narrated by John Hurt .  2 Parter that interviews Pilots  +  Survivors . ,Non-Disaster
 @ LawfulSurvivor T - Dog had been holed up in an apartment store with several other survivors Glenn Morales Andrea Jacqui and Merle .  - ,Disaster
Stemming from my  # Cubs talk -  the team rosters 2 cancer survivors in  @ ARizzo44  &   @ JLester34 .  @ Cubs fans :  help another ,Disaster
Haley Lu Richardson Fights for Water in The Last Survivors  ( Review )  ,Non-Disaster
Remembrance    # Hiroshima ,Disaster
"Truth . 

 # News
 # BBC
 # CNN
 # Islam
 # Truth
 # god
 # ISIS
 # terrorism
 # Quran
 # Lies ",Non-Disaster
News786 - UK Islamist Cleric Anjem Choudary Charged Under Terrorism Act :  ,Disaster
 @ RobPulseNews  @ huyovoeTripolye Phillips should be charged for assisting terrorism .  LDNR - terrorists '  organizations .  ,Disaster
Preacher faces UK terrorism charges ,Disaster
Woman sneaks into airplane cockpit ;  terrorism not suspected  ,Disaster
NC Senate follows House on legal action on terrorism damages  -  Winston ,Disaster
 # Politics Democracys hatred for hate :   Dawabsha threaten to erode Israeli democracy .  Homegrown terrorism ha .   ,Disaster
OMEGA MEN Writer Explores Terrorism Religion In an  ' Epic KYLE RAYNER Story '   via  @ Newsarama,Non-Disaster
Cross - border terrorism :  Pakistan caught red - handed again ,Disaster
CTD arrest three vital criminals from Orangi :  KARACHI :  Counter - Terrorism Department  ( CTD )  of the Sindh Police  .  ,Disaster
Still domestic terrorism  ,Disaster
DireTube Information  Egypt Cyprus and Greece agreed to fightterrorism  ,Disaster
"Does this apply to Muslims / terrorism ? 
Or Catholicism / homophobia ? ",Non-Disaster
Perspectives on Terrorism  -  Understanding Jihadi Proto - States :  ,Disaster
DHS Refuses to Call Chattanooga Islamic Terrorism out of respect for MUSLIMS  .   via  @ po . st ,Disaster
Pakistan ' s Supreme Court rules to allow military trials for suspects in terrorism cases ,Disaster
Domestic terrorism .  No ifs ands or buts about it .  YOU CREATED THIS  @ GOP ,Non-Disaster
A good piece on Israeli incitement and Jewish terrorism by Beinart :  ,Disaster
In  # islam saving a person is equal in reward to saving all humans !  Islam is the opposite of terrorism ! ,Non-Disaster
OMEGA MEN Writer Explores Terrorism Religion In an  ' Epic KYLE RAYNER Story '    # Newsarama,Non-Disaster
 @ AdamNibloe Arrest report :  Affiliation with Terrorism,Disaster
Really cannot condemn an entire group based on the actions of a few .  A heart - warming unity against terrorism .  ,Disaster
 @ Kurt Schlichter  He is already done it by negotiating with the  # 1 state of terrorism in the World .  What was his hurry in trying to get a deal,Disaster
 :  Articles In Saudi Press Reject Russian Initiative For Regional Alliance With Assad Regime To Fight Terrorism,Non-Disaster
Pakistan Supreme Court endorses military courts for terrorism cases ,Disaster
Online Homeland security :  An Appraisal of  # Pakistans  # Anti - Terrorism  # Act ,Non-Disaster
Cross - border terrorism :  Pakistan caught red - handed again  -  The Times of India ,Disaster
Captured terrorist Naved not registered as our citizen :  Pakistan ,Disaster
Natural lubrication  !  # Metro Fm Talk,Non-Disaster
 @ OfficialMqm you are terrorist,Non-Disaster
Signing a petition to seek mercy on a death punishment for a convivted terrorist is a job well done in India .  But asking a foreign govt 1 / n,Disaster
Heres how media in Pakistan covered the capture of terrorist Mohammed Naved ,Disaster
Update on Pulwama encounter that began earlier today :  2nd terrorist killed by security forces .  Security forces .   ,Disaster
Fresh encounter in Pulwama of J & amp ; K one terrorist killed others holed up inside a house ,Disaster
 ' The Terrorist Tried to Get Out of the Car ;  I Shot Him '  ,Disaster
Me pulling over and fighting the hoes that called Zayn a terrorist  ,Disaster
Udhampur terror attack :  NIA takes over probe Pakistani terrorist quizzed ;  Pak denies link     # Elections  # AcheDin  # ,Disaster
 @ Narendra Modi  @ bjpsamvad Hiroshima is now beautiful on the ashes of the old .  So could be a terrorist Pakistan . ,Disaster
Seek help warra  # Metro Fm Talk,Non-Disaster
 @ rahulkanwal why  Jammu is soft target for terrorist,Disaster
Anyone missing their license plate ?  Two stolen ones found on terrorist ' s car .  ,Disaster
Pakistan Disowned Kasab Now Disowns Naved :  State of Denial ?  :  Naved the terrorist captured alive after an ,Disaster
The Pak terrorist who has been caught alive must be tried fast not delayed as KasabWe must send very hard message to Pak instead of Biryani,Disaster
 @ ShipsXAnchors IDEK HOW IS  THERE PEOPLE WHO ACTUALLY THINK HE ' S A TERRORIST,Non-Disaster
You May Know Me from Such Roles as Terrorist  # 4 ,Non-Disaster
 @ SwiftyCommissh  @ TaoistInsight  @ ImmortalTech Some jewish ppl agree tht Israel is a bully nd a terrorist state killin palestine kids nd women,Disaster
 @ BarackObama Senator John McCains Whoops Moment  :  Photographed Chilling With ISIS   @ acmilan ,Non-Disaster
"RT Abbs Winston :   # Zionist  # Terrorist Demolish Tire Repair Shop Structure in  # Bethlehem
 ",Disaster
Three Israeli soldiers wounded in West Bank terrorist attack  -  Haaretz ,Disaster
Three Israeli soldiers wounded in West Bank terrorist attack via  / r / worldnews ,Disaster
RT Abbs Winston :   # Zionist  # Terrorist kidnapped 15  # Palestinians in overnight terror on Palestinian Villages  ,Disaster
 # UdhampurAgain 2 terrorist shot dead .   # Udhampur,Disaster
 @ lovemywife1983  @ Fox News like shedid on 9 / 11 4the public facts I am not a journalist the Bush ' s washard on stopping more than just terrorist,Disaster
is not it ironic that on the anniversary of Hiroshima our current President is helping a terrorist nation acquire nuclear weapons .   # TRAITOR,Disaster
do not say  @ ALIPAPER :  women got problems this  # keepingtheviginaclean thing is very interesting n less expensive  # metrofmtalk ' ,Non-Disaster
Build and share your own custom applications all within  @ ThreatConnect with TC Exchange    # infosec  # DFIR  # ThreatIntel,Non-Disaster
Is this the end of Australias best burger ?   via  @ newscomauHQ,Non-Disaster
 @ KingGerudo_ to the largest moblin ' s he ' d leaving the biggest one for Red and fired .  With one strike already the threat was reduced  -  > ,Non-Disaster
WHITE AMERICANS ARE THE BIGGEST THREAT IN THE WORLD .  DUH ,Non-Disaster
The few I warned about  .  Were just as I expected .  They are a threat to his soul,Non-Disaster
"Generational British schism over privacy threat of drones 
   # drones  # privacy ",Non-Disaster
Get access to the most extensive sources of threat information right out of the box .  Then easily add your own internal intelligence .   # BHUSA,Non-Disaster
If a nigga was a threat then that boy ah be thru  ? ,Non-Disaster
Purple Heart Vet Finds Jihad Threat on His Car at Mall :  All of you Islamaphobe vets .  ,Non-Disaster
 @ dmassa5 Definite triple crown threat .  Him and Harper both . ,Disaster
Meek Mill responds to Drakes OVO Fest set with wedgie threat ,Disaster
Illusoria Icarus nowplaying check out ,Non-Disaster
Am I hearing thunder or trucks ? ,Non-Disaster
The worst part is seeing lightning and trying to guess when the thunder will crack,Non-Disaster
This thunder is beautiful,Non-Disaster
 # PlayingNow  # BLOODBOUND Seven Angels Media Stream ,Non-Disaster
 @ KristyLeeMusic brings her Alabama thunder back to the Attic SEPTEMBER 26 !  Tickets :  ,Non-Disaster
 @ DevinJoslyn thunder and lighting  ? ,Non-Disaster
Okay maybe not as extreme as thunder and lightning but pretty much all other types !   # Fifa 2016  ,Non-Disaster
 @ ATL_Events and thunder  :  - o,Non-Disaster
Random wind gust just came through  # Gander .   Probably some convection outflow .   Have not heard any thunder yet but a few spits of rain  # nlwx,Disaster
 @ LightUmUpBeast never watched pres think hes a dick like thunder though,Non-Disaster
 @ Funko  @ Spencers THUNDER BUDDYS !  THUNDER BUDDYS ! ,Disaster
 @ Funko  @ Spencers THUNDER BUDDYS ! ,Non-Disaster
Waldo Thunder 12U Cooperstown Dreams Park 2015 dedicated to  # JoeStrong  # GoKitGo ,Non-Disaster
The one thing I like about here is thunder  .  Heheh,Non-Disaster
Super loud thunder woke me up from my very nice nap,Non-Disaster
Heavy rain frequent thunder and gusty winds moving into parts of Uptown and Midtown .    -  CN ,Disaster
Ebay Snipe RT ?   Lego Power Miners Set 8960 Thunder Driller Boxed .   ? Please Favorite  &  Share,Non-Disaster
Thunder lightening torrential rain and a power cut ! ,Disaster
THIS IS RELAXING !   # thunder  # SoothMySlumber  # WATERMELOANN  # populardemand with  @ Soak .   ( Vine by  @ thewebbeffect19 )  ,Non-Disaster
The Flash And The Thunder by WC Quick on Amazon Kindle and soon in PRINT at Amazon Books via Create .   via  @ weebly,Non-Disaster
The thunder shook my house woke my sister and made car alarms go off  ? ,Disaster
I hear lightening and see thunder,Disaster
I was over here dreaming peacefully then that loud ass thunder wanted to scare me .   ? ,Disaster
My brother is crying cause the thunder laughing my ass off,Non-Disaster
That was the l9udest thunder I have  ever heard,Non-Disaster
 @ AsimTanvir  @ NemesisK_PES  @ KevR_7  Snow ?  Thunder and lightning ? ,Disaster
thunder is legit,Non-Disaster
"Oh shit its rly sheeting
Aaaaaand there is the thunder and lightning
I missed summer storms",Disaster
My mama scared of the thunder  ? ,Non-Disaster
"Please please u gotta listen to  @ leonalewis  #  essenceOfMe and thunder it is major
 # she is  # back  ? ",Non-Disaster
suddenly it is off  &  on gloomy  &  thunder so loud it shakes the windows ?  Not ever on the Bay Area .  Miss me withthat lol ,Disaster
 # thunder outside my house this afternoon  # Georgia Weather  ? ,Disaster
L B  # Oklahoma  # Thunder DURANT NBA ADIDAS OKLAHOMA CITY THUNDER YOUTH LARGE SWINGMAN JERSEY RETAIL  $ 75  # NBA  # Durant ,Non-Disaster
Did I just hear thunder ?   ? ,Non-Disaster
Thunder ? ,Non-Disaster
I love the sound of thunder rumbling across the mountains . ,Non-Disaster
 @ HaydnExists so glad i saved them all at once then didnt want you stealing my thunder  : P,Disaster
Severe Thunderstorm Warning for Oklahoma County until 10 : 30 PM .  Radar here :    # Oklahoma City Weather,Disaster
NIggas playing in the thunderstorm .   ' HOPE THE LORR BLESS EM '   ? ,Disaster
Advice from Noah :  Dont go running in a thunderstorm,Non-Disaster
 # United States National Weather Service Special Weather Statement issued August 05 at 10 : 40 PM EDT by NWS :   . STRONG THUNDERSTORM WILL IMPACT .  ,Disaster
Severe Thunderstorm Warning issued August 05 at 9 : 31PM CDT until August 05 at 10 : 15 PM CDT by NWS ,Disaster
OUN cancels Severe Thunderstorm Warning for Lincoln Logan Oklahoma  [ OK ]     # WX,Disaster
 # United States National Weather Service Severe Weather Statement issued August 05 at 10 : 38 PM EDT by NWS :   . THE SEVERE THUNDERSTORM WARNING  .  ,Disaster
 @ museawayfic  @ beenghosting  @ xylodemon ok ok what if I make the close quarters an abandoned cabin in the woods IN A THUNDERSTORM,Disaster
 @ RachelRofe tired it '  5 : 36 am .  Woke up to a thunderstorm lightning and rain .  How are you ? ,Non-Disaster
Beautiful lightning as seen from plane window  ,Non-Disaster
NWS has Continued a Severe Thunderstorm Warning for Oklahoma - OK until 10 : 30 PM,Disaster
THE NATIONAL WEATHER SERVICE IN LITTLE ROCK HAS ISSUED A  *  SEVERE THUNDERSTORM WARNING FOR .  VAN BUREN COUNTY IN  ,Disaster
iNWS Alert SPSGSP from 2015 - 08 - 05 10 : 40 PM to 11 : 15 PM EDT for Pickens County :  STRONG THUNDERSTORM WILL IMPACT .  ,Disaster
Severe Thunderstorm Warnings have been cancelled in central Oklahoma .  Still expect 50 mph winds penny sized hail,Disaster
"Conditions for Paris FR at 4 : 00 am CEST :  Current Conditions : 
Fair 68 FForecast : 
Thu  -  Sunny .  High :  87 Low :  61
Fri  -  PM Thunderstorm . ",Non-Disaster
Severe Weather Statement issued August 05 at 9 : 33PM CDT by NWS :   . THE SEVERE THUNDERSTORM WARN .    # Skywarn  # OKwx,Disaster
Severe Thunderstorm Warning including Russellville AR Clarksville AR Dardanelle AR until 10 : 15 PM CDT ,Disaster
RT  @ Living Safely :  NWS posts Severe  # Thunderstorm Warnings for parts of  # AR  # NC  # OK .  Seek strong shelter if at risk :  ,Disaster
Severe Thunderstorm Warning for Oklahoma County until 10 : 30 PM .    # Oklahoma City Weather,Disaster
Falling asleep to the sounds to thousands of River Plate fans in the stadium and a thunderstorm .   # VivaArgentina,Non-Disaster
Strong Thunderstorm 4 Miles East of Pickens Moving NE At 20 MPH .  Pea Size Hail and Wind Gusts Up to 40 MPH .   # South Carolina Weather ,Disaster
Severe Thunderstorm Warning for Oklahoma County in OK until 10 : 30 PM CDT .   # Oklahoma City Weather,Disaster
OUN continues Severe Thunderstorm Warning for Oklahoma  [ OK ]  till 10 : 30 PM CDT ,Disaster
Severe Thunderstorm Warning including Midwest City OK Del City OK Choctaw OK until 10 : 30 PM CDT ,Disaster
Severe Thunderstorm pictures from across the Mid - South ,Disaster
 [ HIGH PRIORITY ]  SEVERE THUNDERSTORM WATCH ENDED Issued for Lethbridge  [ Updated :  Aug 05th 20 : 29 MDT ]  ,Disaster
A STRONG THUNDERSTORM WILL AFFECT CENTRAL HALIFAX COUNTY THROUGH 1145 PM EDT for Halifax  [ VA ]  till 11 : 45 PM EDT ,Disaster
"Thunderstorm in Helsinki
 # thunder  # lightning  # lightningstrike  # thunderstorm  # nature  # Helsinki ",Disaster
9 : 35 pm .  Thunderstorm .  No rain .  90 degrees .  This weather weird . ,Disaster
Wed 20 : 30 :  Mainly cloudy .  60 percent chance of showers this evening with risk of a thunderstorm .  Low 10 . ,Non-Disaster
NWS has issued a Severe Thunderstorm Warning for Oklahoma - OK until 10 : 30 PM,Disaster
I need a thunderstorm please ! ,Non-Disaster
My room looks like a tornado passed through it and my OCD is not having it . ,Non-Disaster
 @ soonergrunt better than tornado ! ,Non-Disaster
 @ BrrookkllyynnR came through like a tornado and destroyed me .  such beautiful words,Non-Disaster
 # Tornado Giveaway   # thebookclub  Join in !   ,Non-Disaster
 @ ticklemeshawn  @ evebrigid I will bet I do,Non-Disaster
Lily Xo is a sexy cowgirl out in the sticks  View and download video,Non-Disaster
Blonde teen Courtney Laudner teases in her panties  View and download video,Non-Disaster
73rd GOODE Water Ski National Championships will go on as planned next week   .   ( Event with damage from a tornado on Mon ) ,Disaster
 ( AR )   Severe Thunderstorm Warning issued August 05 at 9 : 12PM CDT until August 05 at 9 : 45PM CDT by NWS   # Arkansas Weather,Disaster
Second tornado confirmed in Sundays storm ,Disaster
Dakota Skye gets horny with some porn then gets her juicy pussy pounded  View and download video,Non-Disaster
 ( OK )   Severe Thunderstorm Warning issued August 05 at 8 : 29PM CDT until August 05 at 9 : 15 PM CDT by NWS   # Oklahoma City Weather,Disaster
I liked a  @ YouTube video  Lexi Belle for Oklahoma tornado victims,Disaster
 @ SakhalinTribune Calgary area tornado warnings end as thunderstorms move eastward,Disaster
Guys he can run so fast he creates a tornado WITHOUT BREAKING A SWEAT .  He makes Superman look like a slowpoke .  He can be a POC . ,Non-Disaster
I am a tornado looking for a soul to take,Non-Disaster
Environment Canada confirms 2nd tornado touched down last weekend  ,Disaster
Pizza and beer in a tornado in Austin .  Windy af right now,Disaster
Still cannot get over the thunderstorm / tornado we were woken up to yesterday .  Half the street is still in the dark !  ,Disaster
" @ kunalkapoor Photo of the Day :  Storm
Chaser

 # photography  # pod",Disaster
Heather Night and Ava Sparxxx enjoy a wild teen threesome  View and download video,Non-Disaster
Brunette beauty Night A stretches out on a victorian sofa  View and download video,Non-Disaster
 @ Rebelmage2 I am glad you got away XD But My  ' be safe '  was in reference to a tornado near calgary and drum heller at around 4  : O,Disaster
Marley Brinx gives a striptease and then spreads her legs for a pussy pounding  View and download video,Non-Disaster
Weak but distinct rotation fully condenses near Villa Ridge MO today near MCV center .   A  ' sub - tornado ?  '  Video :  ,Disaster
 @ Ayshun_Tornado then do not,Non-Disaster
Brunette teen Giselle Locke teases at home  View and download video,Non-Disaster
Calgary area tornado warnings end as thunderstorms move eastward  -  CBC . ca :  CBC . ca Calgary area tornado warnings end ,Disaster
A tornado flew around my room before you came,Non-Disaster
Maybe that is what happens when a tornado meets a volcano,Disaster
I feel like a tornado ,Disaster
 @ Toocodtodd Hey  @ wyattb23 let us challenge then to a tornado tag tlc match .  Winner take all . ,Non-Disaster
Tornado has to make the playoffs .  They have 3 guys with 20 + homers already and they just added Tulowitzki and Price,Non-Disaster
Pretty teen Hayden Ryan poses and strips out of her purple top  View and download video,Non-Disaster
Rly tragedy in MP :  Some live to recount horror   # TopStories  # India timesofindia,Disaster
shit is hard to get over but sometimes the tragedy means it is over soulja . ,Disaster
Maaaaan I love Love Without Tragedy by  @ rihanna I wish she made the whole song,Non-Disaster
There is no greater tragedy than becoming comfortable with where you are in life . ,Non-Disaster
do not forget tragedy  ?  ,Non-Disaster
 ' you cant research collective memory '  The 1st Rule of writing diverse should be do not touch another group ' s tragedy ,Non-Disaster
Rly tragedy in MP :  Some live to recount horror :  When I saw coaches of my train plunging into water I called  .  ,Disaster
 ' Sometimes God uses sorrowful tragedy to set the stage for glorious redemption .  '   - David Platt Run for ,Non-Disaster
 @ HomeworldGym  @ thisisperidot D :  What ?  That is a tragedy .  You have a wonderful nose,Non-Disaster
"A real life tragedy : 
Monica ' s hair on any given season of Friends",Non-Disaster
Railways caught unawares by MP tragedy ;  Accident spot never marked as  ' vulnerable '   -  Times of   # News,Disaster
The tragedy of life is not that it ends so soon but that we wait so long to begin it .  ~ W . M .  Lewis  # quotes,Non-Disaster
Railways caught unawares by MP tragedy ;  Accident spot never marked as vulnerable ,Disaster
" @ TOIIndiaNews ofcourse 

Just 8 minute b4 tragedy another train had crossed this place 

N a flash flood caued washing of tracks . ",Disaster
 # Modi Ministry Rly tragedy in MP :  Some live to recount horror ,Disaster
 @ tanehisicoates even the second half has that great Greek Tragedy laced monologue by Charlize .  coulda been so much more . ,Non-Disaster
This is a tragedy :  I added the wrong book to my TBR list now I cannot find the right one .  This is what comes of browsing just on gr homepage . ,Non-Disaster
DTN India :  Rly tragedy in MP :  Some live to recount horror :  When I saw coaches of my train plunging into water .  ,Disaster
 @ sriramk  @ DLin71  @ Marc Andreessen Tragedy of commons pertains to public ownership .  Not property rights based markets .  The opposite of what you say . ,Non-Disaster
 # breakingnews Rly tragedy in MP :  Some live to recount horror :  When I saw coaches of my train plunging into wa .  ,Disaster
 @ itss_selenaluna like a beautiful ass tragedy lol,Disaster
Back home they mad cause I chill with the white boys  . ,Non-Disaster
Robert Gagnon reviews the catastrophe of imposing same - sex marriage and how Christians should respond ,Disaster
Rly tragedy in MP :  Some live to recount horror :  When I saw coaches of my train plunging into water I called my ,Disaster
"I am gunning down romance
It never did a thing for me
But heartache and misery
am not nothing but a tragedy ",Non-Disaster
Rly tragedy in MP :  Some live to recount horror :  When I saw coaches of my train plunging into water I called my daughters and said t . ,Disaster
Rt hirochii0 :  There is no country that making fun of Hiroshima  ' s tragedy but Korea .    # Indonesia  # Malaysia  # Jamaica  # ,Disaster
Cannot find my ariana grande shirt  this is a fucking tragedy,Non-Disaster
 @ CSAresu   American Tragedy ,Disaster
"Leitchfield KY : 

 Bella Edward  &  Rosalie need rescue / adoption / local foster home ( s )  / sponsorships . 

 Trapped  &  .  ",Disaster
 @ almusafirah_ you feel trapped innit  ? ,Non-Disaster
IM TRAPPED IN THE DAMN GAS PUMP THERE ARE TWO SUVS ON EITHER SIDE FUCK YOU DICKHEADS,Non-Disaster
Photo :  prettyboyshyflizzy :  Lol she trapped them into that so beautifully ,Non-Disaster
Hollywood Movie About Trapped Miners Released in Chile :   ' The 33 '  Hollywood movie about trapped miners starring .  ,Non-Disaster
 @ onihimedesu the whole city is trapped !  You cannot leave the city !  This was supposed to be a normal sports manga wit a love triangle  ( c ) ,Disaster
Bomb head ?  Explosive decisions dat produced more dead children than dead bodies trapped tween buildings on that day in September there,Disaster
salute to all the kids still trapped in adult bodies . ,Non-Disaster
 @ BattleRoyaleMod when they die they just get teleported into somewhere middle of ocean and stays trapped in there unless they decides 2 / 6,Non-Disaster
Hollywood movie about trapped miners released in Chile ,Non-Disaster
Hollywood movie about trapped miners released in  # Chile   # Zipped News ,Non-Disaster
"Billionaires have a plan to free half a billion dollars trapped in Venezuela for two years  @ BlakeSchmidt reports . 

",Non-Disaster
Hollywood movie about trapped miners released in Chile,Non-Disaster
 (  ? Eudry Lantiqua ?  )  Hollywood Movie About Trapped Miners Released in Chile :   ' The 33 '  Holly .    (  ? Eudry Lantiqua ?  ) ,Disaster
I feel like that episode of Victorious when they all got trapped in an RV and almost died of heat stroke  # MTV Hottest One Direction,Non-Disaster
 # entertainment Hollywood movie about trapped miners released in Chile :  SANTIAGO Chile  ( AP )   The Hollyw .    # news,Non-Disaster
Hollywood Movie About Trapped Miners Released in Chile ,Non-Disaster
Literally trapped in my room Cuz my bathroom being remodeled .  The only exit is through a window,Disaster
 @ dramaa_llama but otherwise i will stay trapped as the worst lilourry stan ever AND without zarry what am I left with ?  NARRY .  NO THANKS . ,Non-Disaster
trapped in its disappearance,Non-Disaster
I trapped this cat in my room and it is going insane but it is not leaving it is too pretty !  ,Non-Disaster
Hollywood Movie About Trapped Miners Released in Chile   # newsdict  # news   # Chile,Non-Disaster
 @ BoyInAHorsemask its a panda trapped in a dogs body,Disaster
 # NZ Hollywood movie about trapped miners released in Chile   # HugoMatz,Non-Disaster
Did you know  @ lilithsaintcrow had a new release this week ?  BLOOD CALL   ' An ancient evil has been trapped .  '   ,Non-Disaster
Photo :  lavender poetry cafe :  Trauma memories are encoded in images as trauma is a more sensory than cognitive .  ,Disaster
in response to trauma Children of Addicts develop a defensive self  -  one that decreases vulnerability .   ( 3,Non-Disaster
Your brain is particularly vulnerable to trauma at two distinct ages   @ qz  @ TaraSwart  @ vivian_giang,Non-Disaster
 # NissanNews  :  Trauma Alert and 1 Child Among 6 Hospitalized After 2 - Car Wreck on A1A Near Bing ' s Landing :  The  .  ,Disaster
 @ RaabChar_28  @ DrPhil  @ MorganLawGrp How do you self - inflict a wound to your side and blunt force trauma not consistent with fall dimensions ?  ! ,Non-Disaster
games that I really hope to see in AGDQ :  Trauma Center Second Opinion Kororinpa Marble Mania TLoZ Oracle of Ages Metroid II,Non-Disaster
 @ crazyindapeg  @ VETS78734 completely understandable considering the trauma  # ptsdchat,Non-Disaster
Trauma Team needs to come to the American E - shop . ,Non-Disaster
 @ PTSD_Chat Yes .  I feel the root of that is Shame  -  which can be found in the rubble of most trauma .   # PTSDchat,Disaster
Hiroshima :  They told me to paint my story :  Eighty - nine year old man recalls the terror and the trauma when the .  ,Disaster
Photo :  lavender poetry cafe :  The Forgotten History of Sexual Trauma Hysteria was an affliction seen primarily .  ,Disaster
Trauma injuries involving kids and sport usually cycling related  -  CBC . ca ,Disaster
Butt Trauma Extraordinaire,Disaster
Author Interview Michele Rosenthal - author of Your Life After Trauma . ,Non-Disaster
A1 :  I started writing when I could not talk about my trauma in therapy it was the only way I could communicate  # gravitychat,Non-Disaster
 @ AshGhebranious civil rights continued in the 60s .  And what about trans - generational trauma ?  if anything we should listen to the Americans . ,Non-Disaster
 @ thetimepast  @ saalon I have childhood trauma more resolved than theirs .  Actual trauma .  Fricken babies . ,Non-Disaster
"Why  # Marijuana Is Critical For Research in Treating  # PTSD

 
 # hemp oil  # cannabis  # marijuana ",Non-Disaster
Blood Memory :  Intragenerational Trauma and the Death of Sandra Bland ,Disaster
Both kids got haircuts w minimal trauma .  Clearly that calls for wine,Non-Disaster
 @ ARobotLegion so be it .  You cannot tell an oppressed group of people how to react to trauma .  That would be stupid and ignorant . ,Non-Disaster
I need to plan a trip to Cleveland soon !   ? ,Non-Disaster
Esteemed journalist recalls tragic effects of unaddressed  # childhood  # trauma .   @ keithboykin  @ RandallPinkston  @ pozarmy  ,Disaster
Trauma can happen anywhere  -  school home etc .   -  at any time .  Learn the ABC ' s of trauma and how to parent .   ,Disaster
What is the role of usg in paeds major trauma imaging decision tool ?   # FOAMed  # FOAMcc,Non-Disaster
It partially has something to do with my trauma as well .  But that is a long story and honestly I do not like to talk about it . ,Non-Disaster
 @ mustachemurse  @ dateswhitecoats the truth .  I pulled a 16 out .  And apparently a 22 in the crazy adult trauma .  And they mocked me for the 22 . ,Non-Disaster
"Simmering beneath  # NHL good times the league ' s own concussion issues  @ PioneerPress

",Non-Disaster
Today was trauma on top of trauma on top of  trauma in Richmond so I know work is going to be crazy the next two days,Non-Disaster
80  @ UChicago faculty members pushing university to overturn ban of trauma center protesters  ,Disaster
What happens to us as sexual trauma  # survivors defines us as much as we agree with the perpetrators who hurt us . ,Non-Disaster
Traumatised after seeing a baby literally fall out of that lady .  She only went for a wee great catch !   # oneborn,Non-Disaster
Back in Ireland v .  sad / traumatised as is freezing and not beautiful Parisian summer to which have become accustomed . ,Non-Disaster
WHY THE DEEP ROADS THO HAHAHAHA IM SO traumatized BY THE DEEP ROADS LOLOL,Non-Disaster
I am so traumatised . ,Non-Disaster
go easy on her paul the poor woman has been traumatised by a cake  # GBBO,Non-Disaster
 @ Ruddyyyyyy  @ JamieGriff97 Jamie is too traumatised to answer ,Non-Disaster
I am that traumatised that I cannot even spell properly !  Excuse the typos ! ,Non-Disaster
 @ AnnmarieRonan  @ niamhosullivanx I cannot watch tat show its like a horror movie to me I get flashbacks an everything  # traumatised,Non-Disaster
 @ PyramidHead76 one good thing came out of watching the film .   Was too traumatised to watch show so started Halt  &  Catch Fire on Amazon .   : D,Disaster
 @ ianokavo96 he is still traumatised,Non-Disaster
Think I am traumatised for life,Non-Disaster
America like South Africa is a traumatised sick country  -  in different ways of course  -  but still messed up . ,Non-Disaster
 . the kids at the orphanage were obviously not too traumatised .  ,Non-Disaster
 @ MPRnews 600 !  WOW !  that is a lot of traumatised kids ! ,Non-Disaster
Yessum I am traumatised  ? ,Non-Disaster
 @ PerkPearl that is just not on .  I would be traumatised are you OK ?  The car has gone and now for  # GBBO and relax . ,Non-Disaster
 @ vienna_butcher ITS NOT FUNNY IM traumatized,Non-Disaster
 @ wrongdejavu I am traumatised,Non-Disaster
 @ malabamiandsons she is proper traumatised that pepper is  ' dead '  I cannot wait to see her face,Non-Disaster
 @ disneyIrh so traumatised im  ?  ,Disaster
Sending a snapchat to the wrong person instead of your brother about the toilet  ?   ?   ?   # snapchatselfie  # wrongperson   # traumatised,Non-Disaster
 @ EMILY4EVEREVER haha it is alright . but more than twice is just stupid  ;  )  he is traumatised  ? ,Non-Disaster
I am so sad Kids Company has closed .  After all the talk thousands of traumatised young people will suffer .  But .  ,Non-Disaster
 @ Jude_Mugabi not that all abortions get you traumatised .  At times you are okay with the decision due to reasons like rape,Non-Disaster
" @ _keits :   @ LIVA_GOTTA get a gold chain you will understand

One boy gave me one and my neck went green It traumatised me",Non-Disaster
 @ CiaraMcKendry mine came on the day after my data renewed this month i was traumatised,Non-Disaster
A traumatised dog that was found buried up to its head in dirt in France is now in safe hands .  This is such a .  ,Non-Disaster
A spider has legit just run across my chest .  Traumatised .  For .  Life . ,Non-Disaster
 @ VickyBrush LOL !  I was a traumatised child .  On Wednesday  @ jimmy fallon releases topic for Thursday hashtag game .  This is this weeks .  Xoxo,Non-Disaster
I am slightly traumatised after this week ' s one born ! ,Non-Disaster
 @ KushWush I am still traumatised by your driving .  Having flashbacks of the lane hogging  ? ,Non-Disaster
 @ cwheate hahaha I am half traumatised half hoping my labour is that easy  ? ,Non-Disaster
I am traumatised ?   @ megancoopy  @ laurathorne97 ,Non-Disaster
 @ ArgentaElite haha traumatised  !  Hell no I want a job  ?  xxx,Non-Disaster
 @ brookesddl I am traumatised the lil shit nearly hopped in the bloody shower with me,Non-Disaster
Budget ?  Oh I am in trouble .  but yes I would agree .   # VarageSale   @ Candace_Dx,Non-Disaster
19 Things You ' ll Understand If You Have Trouble Talking to People ,Non-Disaster
Having trouble understanding the rotations within a left - leaning Red Black Tree .  :  My class is currently learni .  ,Non-Disaster
 @ lucysforsale funny cause my dumb ass was the young one to get n trouble the most lol,Disaster
A man a woman Romance  &  South Afrikaan Trouble  -  on  #  sale PreOrder  # theBargain  -  ,Non-Disaster
 @ canagal Good to hear it is back .  that storm ' s been given you guys trouble though  :  (   ^ SJ,Disaster
 @ BadAstronomer  . I have a lot of trouble getting both students and adults to understand that the moon is farther away than they think . ,Non-Disaster
Noel back up,Non-Disaster
Trouble trouble when I do not get my way  ? ,Non-Disaster
 @ smoak_queen  ' I am going to be in so much trouble .  ' ,Non-Disaster
 @ JusstdoitGirl never said it was a problem and shit working tryna stay out of trouble wbu big homie,Non-Disaster
 @ comcastcares hey it is happing again .  Any trouble shooting steps for when this happens ? ,Non-Disaster
 @ annajhm  @ JCOMANSE  @ paul_staubs  @ rslm72254  @ blanktgt You must ' ve got in trouble  ? that is why you have  # Fartanxiety now ? ,Non-Disaster
OH MY GOD RYANS IN TROUBLE ,Disaster
Live updates :  Boyd gets out of trouble in 5th  via  @ detroitnews,Non-Disaster
Strawberries are in big trouble .  Scientists race to find solution .   ,Disaster
 @ YMcglaun :   @ JulieKragt  @ WildWestSixGun You are a lot safer that way . yeah a lot more stable  &  if I get in trouble I have a seat right there,Non-Disaster
The trouble in one of Buffett ' s favorite sectors ,Non-Disaster
When there is trouble you know who to caaaaaall,Non-Disaster
why is it trouble @ niallhariss  /   @ simply_vain live on ,Non-Disaster
 @ cspan  # Prez .  Mr .  President you are the biggest terrorist and trouble maker in the world .  You create terrorist you sponsor terrorist . ,Disaster
The worst  voice I can ever hear is the  ' Nikki your in trouble '  voice from my mom,Non-Disaster
 @ _charleyisqueen Yeah well maybe if the barber did not cut my hair too short on top I would not of gone through the egg trouble ? ,Non-Disaster
Love how I do not get in any trouble for having people over and the house still being trashed,Non-Disaster
 @ KerryKatona7 hello wud u kindly consider following me bak please I am never any trouble lol many thanks  :  -  ) ,Non-Disaster
 @ TJ_Robertson2 no bc we always got in trouble for laughing too much  ? ,Non-Disaster
 @ charlieputh that song have a Cool beat like Nothing But Trouble,Non-Disaster
Reddit is new content policy shows that maybe Reddit cannot have it all  via  @ nkulw ,Non-Disaster
 @ astros stunningly poor defense it is not all on the pitcher .  If our bats are MIA like the top of 1st inning this team is in trouble . ,Non-Disaster
 @ PrinceofFencing frickin summer and its humidity building up and causing trouble,Non-Disaster
If you have trouble getting motivated remember that time is going to pass and that regret is going to make its way around  -  Matthew Donnelly,Non-Disaster
Nothing but trouble  -  Lil Wayne  &  Charlie Puth ? ,Non-Disaster
Trouble with mental fog ?  Consider these tests :  ,Non-Disaster
I feel so lucky rn,Non-Disaster
So did we have a hurricane tornado tsunami ?  Someone please tell me what the hell happened  # nopower,Disaster
 @ helene_yancey God ' s Love  &   # thank you my sister Helene for RT of NEW VIDEO  The Coming Apocalyptic US Earthquake  &  Tsunami,Disaster
 @ freefromwolves God ' s Love  &   # thank you brother Danny for RT of NEW VIDEO  The Coming Apocalyptic US Earthquake  &  Tsunami,Non-Disaster
I am at Baan Thai  /  Tsunami Sushi in Washington DC ,Non-Disaster
she keep it wet like tsunami . ,Non-Disaster
 # BBShelli seems pretty sure she is the one that is going to stay !   # BB17,Non-Disaster
"Crptotech tsunami and banks . 
   # Banking  # tech  # bitcoing  # blockchain",Disaster
 # sing  # tsunami Beginners  # computer tutorial .  :   Everyone Wants To Learn To Build A Pc .  Re ,Non-Disaster
It is my senior year I just wanna go all out,Non-Disaster
An optical illusion  -  clouds rolling in over the mountains looks like a Tsunami  -  Geneva  -  Switzerland ,Disaster
Earthquake and tsunami that occurred in Japan  ' free speech '  is also swallowed .  ,Disaster
Tsunami  -  DVBBS  &  Borgeous  ( Arceen Festival Trap Remix )   via  @ YouTube,Non-Disaster
 @ tsunami_esh  ?  hey Esh,Non-Disaster
 ' Anyway '  the old lady went on  ' I have something to ask of you  -  and you alone .  '  THE COMING TSUNAMI ,Non-Disaster
6 Trends Are Driving a Data Tsunami for Startups   # startup,Non-Disaster
" ?  # FUKUSHIMA ?  # TEPCO ? 
Mountains of debris from the Japanese tsunami have floated to the West Coast
",Disaster
 @ TSUNAMI_nopeach  ?  I am weak af,Non-Disaster
Man my stomach feel like a tsunami  ?  . ,Non-Disaster
 @ slone did the First World War Ever Truly End ?  The Ripples Are With Still and have been compound into low level Tsunami,Disaster
I hope this tsunami clears b4 i have to walk outside to my car  ? ,Disaster
 @ tsunami_esh ESH PLEASE OKAY ! ,Non-Disaster
 @ author_mike Amen today is the Day of Salvation .  THX brother Mike for your great encouragement .   -   Coming US Tsunami,Disaster
and i dont get waves of missing you anymore theyre more like tsunami tides in my eyesss,Disaster
Dr .  Jim  &  the tsunami :  The latest New Yorker warned us in no uncertain terms .  Have not you heard ?  The tsunami ' s .  ,Non-Disaster
I do not get waves of missing you anymore .  They are more like tsunami tides in my eyes,Non-Disaster
 @ Kamunt Holy crap it is been forever since I saw this movie but the nostalgia wave just hit me like a tsunami !  Thank youuu ! ,Non-Disaster
I liked a  @ YouTube video  Call of Duty :  Ghosts  -  Campanha  -  EP 6  ' Tsunami ' ,Non-Disaster
Meet Brinco your own personal earthquake snd tsunami early warning beacon .  ,Disaster
I want some tsunami take out,Non-Disaster
 @ GreenLacey God ' s Love  &   # thank you my sister for RT of NEW VIDEO  The Coming Apocalyptic US Earthquake  &  Tsunami,Non-Disaster
All of this energy,Non-Disaster
 @ Eric_Tsunami worry about yourself,Non-Disaster
It is alil twister at Tha end to !  I was like oh nah  ? ,Disaster
Gail and Russell saw lots of hail at their Dalroy home  -  they have video of twister 1 / 2 mile from their home  # yyc ,Disaster
Want Twister Tickets AND A CHANCE AT A VIP EXPERIENCE To See SHANIA !  CLICK HERE :  ,Non-Disaster
Just stop fucking saying a whole nother .  It just sounds fucking stupid .  You fucking mean a whole other .  Not a fucking tongue - twister . ,Non-Disaster
"950 .  If a landslide tumbles down todayI am on your side

And if a twister sweeps it all away - 

YOU ' RE ON YOUR OWN BITCH !  * runs into distance * ",Disaster
love 106 . 1 The Twister  @ 1061thetwister  and Maddie and Tae  # OKTXDUO,Non-Disaster
Brain twister homefolks are opinionated over against proposal modernized canada :  oMw,Non-Disaster
Crazy Mom Threw Teen Daughter a NUDE Twister Sex Party According To Her Friend59 more pics  ,Non-Disaster
The Sharper Image Viper 24 '  Hardside Twister  ( Black )  ,Non-Disaster
Twister was fun ,Non-Disaster
Brain twister let drop up telly structuring cast :  EDcXO,Non-Disaster
I am in bed eating a twister and drinking a cup of tea .  I am not dunking the twister in the tea .  That would be well weird . ,Non-Disaster
 @ sarahmcpants  @ JustJon I will give him a titty twister,Non-Disaster
Last Second outbid RT ?   2  -  Catlow C720 Twister Swivels 3 / 4 '  3dc Fuel Line Made In Usa  ? Please Favorite  &  Shar,Non-Disaster
Reasons brain twister oneself should discount redesigning yours website :  ItrAWcWB,Non-Disaster
"Check out  ' Want Twister Tickets AND A VIP EXPERIENCE To See SHANIA ?  CLICK HERE :  '  at  
I would Love Love Love !  To win",Non-Disaster
This is my jam :  Riser by Dierks Bentley  @ 1061TheTwister  ?   # iHeartRadio  # NowPlaying  ,Non-Disaster
Bulgarian Tittie Twister By NoEmotion Produced By EDK PathFinders  ( HD )  M .  :   via YouTube,Non-Disaster
 @ ellenfromnowon 7 - speed nexus shifter å£9 !   ( For community cargo bike ?  )  ,Non-Disaster
Anyone wanna come over and watch Twister with me ?   # toosoon  :  -  ) ,Non-Disaster
Crazy Mom Threw Teen Daughter a NUDE Twister Sex Party According To Her Friend50  =  >  ,Disaster
 @ briannafrost Twister with Bill Paxton and Helen Hunt ! ,Non-Disaster
 @ carolinagutierr grande twister ! ,Non-Disaster
HAPPY 24 TWISTER !  Thank you for all the laughs sticking by my side no matter what and also for ,Non-Disaster
" ' How many men would a human hew if a human could hew men ?  ' 

 - popular tongue twister among woodchucks",Non-Disaster
I liked a  @ YouTube video  EXTREME PAINT TWISTER,Non-Disaster
Tornadoes :  El Nino may give Canada ' s twister season a boost  # Toronto ,Disaster
 @ ElianaRaquel Like GG was BAD in the end .  But at least I cared a little when GG was Dan .  Cause it was a twister .  I do not know Wilden IDC,Non-Disaster
You are listening to LLEGASTE TU  -  TWISTER EL REY,Non-Disaster
White Twister Black shift knob M6x1 . 00 Thread Size  ,Non-Disaster
TWISTER DANCE Game  Dance Console Instructions Cable 5 Pre Loaded Songs  ,Non-Disaster
 @ rodarmer21 10 dolla says wicked twister will not be running,Non-Disaster
Wish I had a personal hair twister,Non-Disaster
Does the opening scene of Harry Potter and the Order of the Phoenix remind anyone else of the movie Twister ?  Just me ?  Okay,Non-Disaster
Drunk twister is so hard  ? ,Non-Disaster
 @ mrsbinker  @ EmilioRivera48  @ davidlabrava Mine are Diesel and Twister both small for the breed but very strong !  I have a beautiful pug too,Non-Disaster
 @ TheBuffShow  @ TheTwisterOkc My boyfriend wants too see  @ ShaniaTwain too !   # TwisterLovesShania  ?  ,Non-Disaster
Some curls come out so pretty and some look like I just finished shooting the movie Twister,Non-Disaster
Am now repped by the fantastic Laura Milne  @ TheJonesesVoice for all your liguistic needs .  And that is some tongue twister tweets,Non-Disaster
 @ jrlallo My narrator will have to say  ' chemically interesting lavatory '  for DB5 .  Not quite the tongue twister but certainly odd .   : P,Non-Disaster
 # Breaking144 Obama Declares Disaster for Typhoon Devastated Saipan :  Obama signs disaster declarat .    # AceNewsDesk,Disaster
Map :  Typhoon Soudelor ' s predicted path as it approaches Taiwan ;  expected to make landfall over southern China by S ,Disaster
Find out how your fund was used for Typhoon Haiyan in the Philippines .  See  @ DevPeace Haiyan Relief Funds Report ,Disaster
Global precipitation measurement satellite captures 3 - D image of Typhoon Soudelor  -  NASA Hurricane .  Visit :  ,Disaster
 # breaking  # news Global precipitation measurement satellite captures 3 - D image of Typhoon Soudelor  -   @ NASA Hurricane ,Disaster
 @ Fox News let me report it to u people instead Mr . Obama just declares CNMI federal disaster area post typhoon soudelor .  U guys 2slow2report . ,Disaster
Typhoon Soudelor :  When will it hit Taiwan  and how bad will it be ?   # GeneralNews ,Disaster
RT America :  RT RT_com :  Eye of Super Typhoon Soudelor seen from space  ( TIME - LAPSE )   ,Disaster
Global precipitation measurement satellite captures 3 - D image of Typhoon Soudelor  -   @ NASA Hurricane ,Disaster
Obama Declares Disaster for Typhoon Devastated Saipan   # international,Disaster
nbanews Soudelor Typhoon Soudelor is taking dead aim at Taiwan and is expected to make landfall Friday according to the Joint Typhoon,Disaster
Obama Declares Disaster for Typhoon Devastated Saipan,Disaster
Price of vegetables rises on Typhoon Soudelor concerns ,Disaster
Map :  Typhoon Soudelor ' s predicted path as it approaches Taiwan ;  expected to make landfall over southern China by .  ,Disaster
Obama Declares Disaster for Typhoon Devastated Saipan :  Obama signs disaster declaration for Northern Marians after typhoon hits US territory,Disaster
Photos :  Typhoon Soudelor Has Its Aim Set on Taiwan andChina ,Disaster
Satellite Spies Super Typhoon Soudelor from Space  ( Photo )  ,Non-Disaster
Massive Typhoon heads toward Taiwan .  ,Disaster
A GPM satellite  ' bullseye '  in Typhoon Soudelor ,Disaster
"4Yygb mhtw4fnet

Thousands evacuated as Taiwan prepares for strongest typhoon of 2015  -  ABC Online",Disaster
I think a Typhoon just passed through here lol,Disaster
Please recover from the Typhoon .   ? ,Disaster
 # ABCNews Obama Declares Disaster for Typhoon Devastated Saipan :  Obama signs disaster declaration for No .    # World,Disaster
Buddha was  ' man for his time '   -  massive urbanisation and social upheaval also challenged Brahmans dominance  (  ' Genius of the Ancient World '  )  . ,Non-Disaster
A look at state actions a year after Ferguson ' s upheaval ,Non-Disaster
USW :   ' The damage from abandoning the deal could well create a new level of uncertainty . economic upheaval  &  military unrest ' ,Non-Disaster
R ' lyeh by Upheaval ,Non-Disaster
A look at state actions a year after Fergusons upheaval  ,Non-Disaster
Series finale of  # TheGame  :  (  It survived so much upheaval but the audience got so much good story . ,Non-Disaster
Newberg upheaval :  Jacque Betz responds  ' looking forward to the day '  she can answer    # news ,Non-Disaster
Save the upset and stress of upheaval and let us help keep  # elderly people independent !   # companionship  # care  # Chester  @ chestertweetsuk,Non-Disaster
"Medieval Upheaval  ( Hardy Boys :  The Secret Files Book 18 ) 
Franklin W .  Dixon  -  Aladdin  -  Kindle Edition .  ",Non-Disaster
Upheaval high note for bush opera   # Sydney  # News  # Aus,Non-Disaster
An indepth look at the new world of work and how young people businesses and economies are coping with huge upheaval ,Non-Disaster
Ancient Mayan Tablet with Hieroglyphics Honors Lowly King  ,Non-Disaster
In depth :  the new world of work and how young people businesses and economies are coping with huge upheaval  via  @ ft,Non-Disaster
"But .  !  Oh !  

How rich the soil ?  ! 

How wonderful the upheaval !  ? 

 -  @ ENTERSHIKARI",Non-Disaster
Tt kettlebell upheaval blueprint over chris lopez hindsight :  JhmNYe,Non-Disaster
"How long O Lord  ( Study 3 ) 
 The sixth seal opens the events of Revelation 12 .  The political upheaval in the Roman .  ",Disaster
Loan Upheaval Is The Way In Which Oneself Can Save Your House Leaving out Being Foreclosed On . TEJc,Non-Disaster
Ancient Mayan Tablet Found in Jungle Temple ,Disaster
Acquire your postexistence straight a elevation in addition to upheaval ideas yet perquisite :  bRZjc,Non-Disaster
 # Tigers Wonder how much the upheaval with team is affecting different players tonight ? ,Non-Disaster
Ancient Mayan Tablet with Hieroglyphics Honors Lowly King ,Non-Disaster
Diageo ' s CEO stresses that a board revolt at United Spirits has not impacted Indian operations ,Non-Disaster
RT  '  @ LiveScience :  Ancient Mayan Tablet with Hieroglyphics Honors Lowly King :   ,Non-Disaster
Ancient Mayan Tablet with Hieroglyphics Honors Lowly King :  A 1600 - year - old Mayan stone tablet describing the  .  ,Non-Disaster
A Look at State Actions a Year after Fergusons Upheaval  MD is mentioned in the last group for a  ' reporting '  bill,Disaster
Ancient Mayan Tablet found via    ,Non-Disaster
August 5 :  Your daily horoscope :  A relationship upheaval over the next few months may be disruptive but in the  .  ,Non-Disaster
Lyf needs quality and a certain sense of security .  Being with a person you cannot trust can only cause stress and emotional upheaval . ,Non-Disaster
A Look at State Actions a Year After  # Ferguson ' s Upheaval ,Disaster
The Great Upheaval By Winik Jay  ,Non-Disaster
To navigate inevitable upheaval internal audit must lead the way ,Non-Disaster
Newberg upheaval :  Jacque Betz responds  ' looking forward to the day '  she can answer questions  # orcot  # orpol ,Non-Disaster
" @ nytimes 
Due to upheaval created by the west in Iraq Syria Libya etc . ",Disaster
 @ abcnews UK scandal of 2009 caused major upheaval to Parliamentary expenses with subsequent sackings and prison .  What are we waiting for ? ,Non-Disaster
Terrifying POV footage captures violent landing from inside a passenger jet during a storm in Amsterdam   # travel,Disaster
Rather violent storm .  Possibility of no stream tonight . ,Disaster
Violent Storm Causes Damage Flooding in Watertown  -  ,Disaster
"Thunder pounds north goes black
a deep bruise on the sky ' s chest
wind cries its pain .   
A summer storm has a tough life
short violent . ",Disaster
 # stormchase Violent Record Breaking EF - 5 El Reno Oklahoma Tornado Nearly Runs Over  .   -   ,Disaster
 # Amsterdam POV video captures violent landing at Amsterdam Airport Schiphol during a st .   ,Disaster
Storm batters Auckland and Northland :  A violent overnight storm has battered Auckland and Northland uprooting .  ,Disaster
"Violent Forces Radio :  Now Playing Agony  -  Storm of the apocalypse
TuneIn Player  @  ",Non-Disaster
 '  @ NASA Solar System :  Jupiter ' s Great Red Spot is a violent storm larger than the entire Earth .    ' ,Non-Disaster
After a violent afternoon storm more severe weather heads for Chicago tonight .  Details  -  >  ,Disaster
Jupiter ' s Great Red Spot is a violent storm larger than the entire Earth .   ,Non-Disaster
I do not understand  ' taking '  ANY life as a trophy .  It is violent killing .    # Cecil The Lion  # BADChoices  # BANTROPHYHUNTING,Disaster
"Violent Forces Radio :  Now Playing Acid Storm  -  Scourgue Of The Gods
TuneIn Player  @  ",Disaster
"U . S . PACIFIC COMMAND . 
I can see it ! 
They gave their all in the peace unity festival
It disappears when freedom
A Violent Storm hit Sea",Disaster
 @ Skarletan  the storm .  A violent swell of emotions then nothing . ,Non-Disaster
 @ Vickie627 Desert Storm was an unqualified victory a treaty was signed .   Under Clinton the situation only got worse and more violent .   # tcot,Disaster
POV footage captures violent landing from inside plane during storm ,Disaster
RT  '  @ NASA Solar System :  Jupiter ' s Red Spot is a violent storm larger than the entire Earth :   ,Non-Disaster
 @ TeaFrystlik  -  causing the entire sky around their battle to darken to a violent storm as an ungodly powerful bolt of lightning struck at - ,Non-Disaster
Dramatic Video Shows Plane Landing During Violent Storm  -   ,Disaster
Dramatic Video Shows Plane Landing During Violent Storm ,Disaster
I think that none of us know the impact we have on the lives of those around us .  Even the slightest stirring can create a violent storm . ,Non-Disaster
POV video captures violent landing at Amsterdam Airport Schiphol during a storm  .  ,Disaster
Storm blitzes Traverse City disrupts Management Briefing Seminars :  A violent summer storm blitzed through Tra .  ,Disaster
This is one violent and belligerent storm .  I am enjoying watching it unfold,Disaster
 @ iateyourfood yikes .   Poor pup .   What a weird violent storm . ,Disaster
A brief violent storm swept through the Chicago area Sunday afternoon leading to one death and an evacuation of Lollapalooza and more,Disaster
Storm batters top half of North Island :  A violent overnight storm has battered the upper North Island uprootin .  ,Disaster
Slow clap for this pilot .  Dramatic Video Shows Plane Landing During Violent Storm ,Disaster
If you were the NWS wth a rotating storm with a report of a  ' HUGE '   /   ' MASSIVE '   /   ' VIOLENT '  tornado what would you do ?  ,Disaster
POV video captures violent landing at Amsterdam Airport Schiphol during a storm  -  Daily Mail   # Amsterdam  # News,Disaster
"Violent video :  Ukraine rioters brutally beat police storm local admin building
WE ' RE ALL FIGHTING BACK  ",Disaster
Jetstar and Virgin forced to cancel Bali flights again because of ash from Mount Raung volcano ,Disaster
"nside a Dragon ' s belly .  Or an ice cave under
a volcano in Kamchatka  |  Photography by
å©Daniel Korzhonov
",Disaster
"Japan Aogashima Volcano .  By Unknown  -  Check It Out !  
  # Aogashima  # Japan  # photography  # Volcano",Disaster
 # Earthquake  # Sismo M 1 . 9  -  5km S of Volcano Hawaii :  Time 2015 - 08 - 06 01 : 04 : 01 UTC 2015 - 08 - 05 15 : 04 : 01  - 10 : 00 at  .  ,Disaster
Maailiss :  Diaporama  :  sixpenceee :  Karymsky Lake is a crater lake located in the Karymsky volcano in Russia .  With a ,Non-Disaster
1 . 94 earthquake occurred 5km S of Volcano Hawaii at 01 : 04 UTC !   # earthquake  # Volcano ,Disaster
1 . 9  # Earthquake in 5Km S Of Volcano Hawaii  # iPhone users download the Earthquake app for more information ,Disaster
Eruption of Indonesian volcano sparks transport chaos :  In this picture done from video Mount Raung in   ? ,Disaster
  # shoes Asics GT - II Super Red 2 . 0 11 Ronnie Fieg Kith Red White 3M x gel grey volcano 2 ,Non-Disaster
USGS EQ :  M 1 . 9  -  5km S of Volcano Hawaii :  Time 2015 - 08 - 06 01 : 04 : 01 UTC 2015 - 08 - 05 15 : 04 : 01  - 10 : 00 a .    # EarthQuake,Disaster
 # USGS M 1 . 9  -  5km S of Volcano Hawaii :  Time 2015 - 08 - 06 01 : 04 : 01 UTC 2015 - 08 - 05 15 : 04 : 01  - 10 : 00 at epicenter .    # SM,Disaster
 @ MrMikeEaton  @ Muazimus_Prime hill hill mountain volcano of hell mountain hill hil . ,Disaster
Diaporama  :  sixpenceee :  Karymsky Lake is a crater lake located in the Karymsky volcano in Russia .  With a .  ,Non-Disaster
M1 . 94  [ 01 : 04 UTC ]  ? 5km S of Volcano Hawaii .  ,Disaster
 @ songhey89 well I am also gay but girls like some too .  So .   I predict tsunami  &  volcano  &  earthquakes .  A gift from God ?  Am Christian but,Non-Disaster
I added a video to a  @ YouTube playlist  Doc :  Volcanoes and Earthquakes  -  Inside the Volcano,Disaster
Not only does he know the latest research the kiddo ' s GI specialist sang the volcano number from Inside Out .  Now THAT is whole person care . ,Disaster
 @ alextucker VOLCANO BOWL DRINK,Disaster
Brian Shaw  +  J . J .  Hickson  +  Kenneth Faried trying to defend LaMarcus Aldridge was A BLOOD VOLCANO ,Non-Disaster
The Architect Behind Kanye Wests Volcano ,Non-Disaster
Zeal is a volcano the peak of which the grass of indecisiveness does not grow,Disaster
 @ lexi_purduee the volcano by it  ? ,Non-Disaster
 @ volcano_tornado live somewhere else for a while and Da Mill am not too bad son !   # perspective,Disaster
 # Sismo M 1 . 9  -  5km S of Volcano Hawaii :  Time 2015 - 08 - 06 01 : 04 : 01 UTC 2015 - 08 - 05 15 : 04 : 01  - 10 : 00 at ep .    # CSismica,Disaster
This LA Startup Is So Hot that Their Flowers Come Straight from a Volcano  via  @ LATechWatch,Non-Disaster
Sitting still in the  # CityofMemphis traffic is like sitting in a war zone !  They do not move for the Police .  They do not care,Non-Disaster
Zone of the Enders MGS2 God of War .  RT  @ D_PageXXI :  Quote this with your favorite PS2 game,Non-Disaster
Bedroom clean  bathroom clean  laundry done  .  Shit was looking like a war zone in here  ? ,Non-Disaster
This bed looks like a war zone . ,Non-Disaster
Thank you to  @ scegnews !  Our neighborhood looks like a war zone but we had power back in 4 hours ! ,Disaster
Rip mama but I am still thuggin cause the world is a war zone,Non-Disaster
Camping in a war zone with roving raccoons toughens city slicker ,Non-Disaster
GEARS OF WAR 1 !  ( preview member )  Come chat !  XB1 !  Welcome to the DANGER zone !  :  ,Non-Disaster
They turned Jasmines house into a war zone .   ?   # LittleWomenLA,Non-Disaster
Sundays during football season from about 9 am  -  11 pm women should not even log onshit be a complete war zone,Non-Disaster
mama I am still thugging the world is a war zone,Non-Disaster
the war on drugs has turned the U . S .  into a WAR zone . ,Disaster
 # debate questions we want to hear If U start another war would U B willing 2 go 2 the war - zone yourself or send UR sons and / or daughters 2 fight ? ,Disaster
Mama I am still thuggin the world is a war zone my homies is inmate and most of em dead wrong . ,Non-Disaster
 # WorldWatchesFerguson  # Florida  @ GovJayNixon  @ clairecmc How dare you turn our streets into a war zone  - a war against CITIZENS ? ,Disaster
Packing for CT aka my room looks like a war zone,Non-Disaster
 @ kasiakosek the drive sucks in my case because I know my desk looks like a war zone and then everyone goes into the  ' I need this '  mode,Non-Disaster
Looks and sounds like a war zone,Disaster
How do people bake without turning their kitchen into a war zone of eggs and flour,Non-Disaster
Greedy had me in the war zone  !  Lmao,Non-Disaster
 @ RobertONeill31 Getting hit by a foul ball while sitting there is hardly a freak accident .  It is a war zone . ,Non-Disaster
 # GrowingupBlack walking past chicken frying was like entering a war zone . ,Non-Disaster
THIS IS A ONE DIRECTION CONCERT NOT A WAR ZONE WHAT IS THIS  # OTRAMETLIFE ,Disaster
Looks like a war zone outside .  What is going on ? ,Disaster
70 years ago today the U . S .   dropped a nuclear weapon on Japan .  Here are some articles that share my opinion on that decision,Disaster
 - honey you am not no angel .  You like to scream these words as a weapon .  Well go ahead take your best shot woman .  I wanna leave you it is,Non-Disaster
Abe government said the missiles were not  ' weapon '  so JSDF could provide them to the ally when collective self defense right was exercised . ,Disaster
Please allow me to reiterate it is not the weapon it is the mindset of the individual !   # professional  # help !   - LEGION !  ,Disaster
Fur Leather Coats sprite  &  weapon of choice was a lifestyle chosen back in  ' 02 ,Non-Disaster
 @ RogueWatson Nothing wrong with that .  The Lethal Weapon series is great .  Yes they are ALL great . ,Non-Disaster
 @ junsuisengen changing my weapon ! ,Non-Disaster
 @ DwarfOnJetpack I guess I can say you and me might have one thing in common my biological father made me this way to be his weapon,Non-Disaster
FUCK NUCLEAR WEAPON,Non-Disaster
Cat Of Nine Irons XII :  This nightmarishly brutal weapon is used in ritualistic country club de  ,Disaster
BUT I will be uploading these videos ASAP so you guys get to see the new weapon types in action ! ,Non-Disaster
GUN FIREARM WEAPON VECTOR CLIP ART FOR VINYL SIGN CUTTER RIFLE GUNS WEAPONS  ,Non-Disaster
 @ RosemaryTravale Do we all use the same weapon ?   ' cause we might be screwed XD,Non-Disaster
 @ Weapon_X_music hey guys thanks for a rock in my world and for the follow ? ,Non-Disaster
" @ muttatek m believe my  ' blue '  not isis kwwwkwwwk 
Without weapon  ' blue '  will hug me jiahahahha 
Yeyeulala . ",Non-Disaster
Iranian warship points weapon at U . S .  helicopter official says   # tcot,Disaster
I .  I might buy my esoteric weapon for astrologian . ,Non-Disaster
 @ abcnews A nuclear bomb is a terrible weapon ! ,Disaster
Pulse rifles after weapon tuning ?  ,Non-Disaster
Rare insight into  # terror and How to fight it   # Cameroon  # USA  # Whitehouse  # ES  # FR  # Nigeria  # UK  # Africa  # DE  # CA  # AU  # JP,Disaster
Back to back like I am on the cover of lethal weapon,Non-Disaster
 # Insane Limits  # plugin enabled   @  '      = TPS =   |  TDM  |  400T  |  HARDCORE  |  LOCKER  |  WEAPON RULES '  using 3 limits,Non-Disaster
Abe ' s government made clear that grenades were not  ' weapon .  ' ,Disaster
only weapon im scared off is karma,Non-Disaster
 @ Camilla_33  @ CrayKain Hate to shatter your delusions but a hatchet is a deadly weapon justifying lethal force .   # gun sense,Non-Disaster
Even if u have your weapon and your badge we gonna put them choppas on your ass ? ,Disaster
"Slosher is GOAT .  Freaking love that weapon .  Cannot wait to do an episode of Splatdown with it . 

Switching to the Splatling Gun now . ",Non-Disaster
 @ ThatRussianMan you are too busy finishing those weapon designs,Non-Disaster
So yeah splatoon is still lots of fun and default splattershot jr is still the only weapon layout I am good at,Non-Disaster
 ' Education is the most powerful weapon which you can use to change the world .  '  Nelson  # Mandela  # quote ,Non-Disaster
 @ SalmanMyDarling I will watch your dub again it will be 100  %  again  ?  I also have other 3  . will use one weapon today  : p,Non-Disaster
 @ Snazzychipz OMG .  WHAT IS THE SUB WEAPON,Non-Disaster
Weapon ' s catalogue~,Non-Disaster
That day remember the nuclear weapon power . Hiroshima 70th,Disaster
03 / 08 / 11 :  Police stop a 41 - year - old in the Bronx citing  ' casing a victim or location .  '  No weapon is found . ,Disaster
"Lol
Look how tough some people talk that live in some of the most gang infested cities in America
Your mouth is not a weapon
You fucking wimp",Disaster
I am servicin in my section I am lurkin I am with my weapon,Non-Disaster
Iranian warship points weapon at American helicopter .  ,Disaster
 @ danagould  @ WaynesterAtl I agree with background checks .  I just think guns or weapons in general are the great equalizer . ,Non-Disaster
 # Kick Hendrixonfire   @  '  = BLACKCATS =   |  BIG NOOB CONQUEST  |  MIXED MAPS  |  ALL WEAPONS '  for violated K / DR  Limit  / Server  max 3,Non-Disaster
Agreed there  -  especially on automatic weapons .  There is no legitimate reason for needing one  @ Argus_99  @ HeidiA1438,Disaster
"The thing with rules is break it once it becomes easier the next time . 
  ",Non-Disaster
I am sorry but if you have to resort to weapons to settle something you are a pussy win or lose take your shit like a man  &  leave it at that,Disaster
Incredulous at continued outcry of welfare being a waste of taxpayers money but never similar objection to å£100bn on nuclear weapons,Disaster
Since the chemical - weapons  ' red line '  warning on 20 August 2012 LCC have confirmed that at least 96355 people have been killed in  # Syria . ,Disaster
Weapons stolen from National Guard Armory in New Albany still missing  # Gunsense ,Non-Disaster
Friendly reminder that the only country to ever use nuclear weapons is the U . S .  And it was against civilians .  ,Disaster
Hello Twitter i need some book bloggers and interviews regarding my book Weapons Formed Against Me  # ineedexposure,Non-Disaster
I liked a  @ YouTube video from  @ dannyonpc  Battlefield Hardline  -  11 NEW WEAPONS  -  New map  -  Throwing knives ! ,Non-Disaster
Hiroshima and Nagasaki I remember all those killed in alleged US war crimes using nuclear weapons   # USWarCrimes,Disaster
WOOOOOOO RT  @ GameRant :  Call of Duty :  Black Ops 3 eSports Mode Lets Players Ban Weapons  ,Non-Disaster
A thought on not dismantling our weapons  ' yet '  ,Non-Disaster
Weapons :  Twin Knives  # OjouBot,Non-Disaster
 @ NRO Except when ordered not to carry unauthorized weapons while on duty or in military uniforms .  THATS THE RULE FOOL,Disaster
Ukraine argues for US weapons during Pelosi ' s visit to Kiev  ,Disaster
 @ DorisMatsui thank you for supporting the President .  The  # Iran Deal takes nuclear weapons out of the hands of Iran and keeps everyone safer . ,Non-Disaster
Mere sight of a gun makes police  and public  more aggressive experts say ,Non-Disaster
" @ James Melville Some old testimony of weapons used to promote conflicts
Tactics  -  corruption  &  infiltration of groups
",Non-Disaster
Your Router is One of the Latest DDoS Attack Weapons   # phone  # gaming  # tv  # news,Non-Disaster
 @ eyecuts  @ Erasuterism I love 96 Gal Deco to death even if it is a bit trickier to be great with .  Glad more weapons are getting Splash Wall,Disaster
 # Battlefield 1942 forgotten hope secret weapons,Disaster
WWII Memories Plus Lessons of Hiroshima We Still Need Nuclear Weapons   # denver  # billings  # Rapid City  # seattle  # cheyenne,Disaster
I think this is my plan for retirement .  Check out the weapons of mass instruction !   # bookmobile  # libraries  # reading ,Non-Disaster
 # bigbrother  # ch4 The X - 37b ' s big brother revealed :  Boeing bags  $ 6 . 6m contract to design  .   -  Daily Mail ,Non-Disaster
PM Abe pledged to make every effort to seek a world without nuclear weapons .  ,Disaster
 @ david_hurn  @ ToKTeacher Why is there something in place to prevent skynet ?  Because perhaps there should be !  ,Non-Disaster
I will adamantly opposed to nuclear weapons . ,Disaster
 @ kirstiealley  @ _AnimalAdvocate Or pay it for a photo safari no weapons allowed .  Otherwise = they just like to kill something . ,Non-Disaster
"Slightly does not help that he has Suh and Wake in practice .  But think he will get there .  A lot of weapons !   # FinsUp 
",Non-Disaster
 @ Glosblue66 no idea what this means .  Look at our violent crime rate without weapons .  Ban guns we become like Mexico not Australia,Non-Disaster
Death certificates safes weapons and Teslas :  DEF CON 23  # Security ,Non-Disaster
"Navy :  No charges against officer for weapons violations in Chattanooga attack
 ",Disaster
 ' The Reagan Administration had arranged for Israeli weapons to be sent to the Guatemalan Army  ,Disaster
In memory of the victims of Hiroshima and Nagasaki .  Never again !  Ban nuclear weapons !   :  ,Disaster
Hey all you love birds !  We have been getting submissions for the Whirlwind Wedding Wars and they are so fantastic !  Keep sending them guys ! ,Non-Disaster
"I stand alone
do not piss and moan
about my choices made
If I must reap the whirlwind so be it
I will do so with demeanor calm and staid",Non-Disaster
A quarter whirlwind .  They do not see it coming . ,Disaster
HELP I am IN A WHIRLWIND OF NOSTALGIA,Non-Disaster
Sitting in a cafe enjoying a bite and cramming for my meeting during my whirlwind 14 - hours in NYC !  ,Non-Disaster
Weather forecast for Thailand  A Whirlwind is coming  . 2 september ,Disaster
Only been back 10  &  a whirlwind has hit jaiden started open his present straight away did not even get chance get in  &  sit down lol,Non-Disaster
"life can wild when .  
you are caught in a whirlwind  ? ",Disaster
It was a whirlwind love affair that began over back fat and grew into much more . ,Non-Disaster
Eyes smile .  Pretty smile .   Good hair .  Miss Luhan in exo .   ?  ,Non-Disaster
NEW YORK :  A whirlwind day of activities in New York .  Breakfast at the Millennium Hotel United Nations Plaza .  Lunch .  ,Non-Disaster
PawSox owners public return from whirlwind trip to Durham  -  Knoxville News Sentinel  ,Non-Disaster
 @ DrMartyFox     In the U . S .  government and Libs made evil good and good evil .  We will reap the whirlwind .  Lord have mercy on us . ,Non-Disaster
Back from Seattle Tacoma and Portland .  Whirlwind !  ,Disaster
 @ VixMeldrew sounds like a whirlwind life ! ,Non-Disaster
I moved to England five years ago today .  What a whirlwind of time it has been !  ,Disaster
Whirlwind Medusa Audio Snake :  16 microphone inputs 0 returns 150 ft  ,Disaster
" { INFO }  Baekhyun and Suho will be attending the Idol Sports Championship on August 10th
Cr :  SYJEXO 
 ",Non-Disaster
 @ byuwnbeki The sad eyes and tacit stories in your heart that night in which the whirlwind was raging,Disaster
My  # mantra this morning !  Heading out to Make a whirlwind trip down south ,Non-Disaster
Whirlwind that has lasted for more than an hour and still strong .  A standstill in parts of middle east . ,Disaster
 ?  throwback Thurs  ?   ?   Will You Still Love Me Tomorrow   ?     @ LucyMayOfficial   ?   ?   # Whirlwind ,Non-Disaster
Last Second outbid RT ?   30pcs 12mm Ab Resin Flower Whirlwind Flatback Rhinestone Wedding Decoration  ? Please Fa,Non-Disaster
Two hours to get to a client meeting .  Whirlwind of emotions with this  # tube strike,Disaster
Whirlwind Head Scissor on  @ alexhammerstone  @ kttape ktfounder  # RemyMarcel  # FroFroFro ,Non-Disaster
Feel like I have got no control of anything that goes on in my life at the minute .   # whirlwind  # drained,Disaster
Richard returns after whirlwind few days   # MLB,Disaster
Set a new record .  7 states in 4 days .  I do not even know where I am when I wake up anymore .  What a whirlwind !  Loving every minute though . ,Non-Disaster
reap the whirlwind,Non-Disaster
 @ TheEmoBrago back doing another jitsu making a hexagon on the ground as you laid there .  *  64 palms of whirlwind  *  I yelled as air began to  + ,Non-Disaster
 @ ckosova Read Whirlwind about this subject amongst others .  The bomb saved millions of lives yes that is true . ,Disaster
In  @ edfringe ?  We highly recommend  @ M00NF00L  # Titania  @ Summerhallery A whirlwind reimagining  / Shakespeare ' s Midsummer ,Non-Disaster
The Whirlwind !  Scourge of Europe !  RT  @ whedonesque Or you could just watch the Fanged Four ,Non-Disaster
Whirlwind weekend  # 1 starts in 12 hours  # cantwaittoplayinminneapolis,Non-Disaster
this week has been a whirlwind but this  is exactly what i imagined the nyc version of my career to be like,Non-Disaster
MY GIRL GOT A GIRLFRIEND CHEVY BLUE LIKE WHIRLWIND . ,Non-Disaster
 # picthis   And Im off !  Thank you so much  # Toronto .  It has been such a whirlwind of amazingness .  So glad I finall,Non-Disaster
This past week has been an absolute whirlwind .  Athens bound,Disaster
WIN :  Lisowski whitewashes the Whirlwind 5 - 0 in round 2 of Shanghai Masters Quals !   |     # snooker ,Disaster
As wild fires blacken northern California parched Harris County becomes tinder box .   ,Disaster
Collection of Articals and Video of West Coast Wild Fires by  @ ABC ,Disaster
My brother - n - law riooooos got the call to head up north and fight the wild fires .  Dudes a beast at ,Disaster
Several wild fires have burned a lot of land in California .  Here is one of the larger fires .   ,Disaster
Map shows where all of California ' s wild # fires are burning :  This map created by CAL FIRE  ,Disaster
Some great footage of STRONG work from San Bernardino County Fire who is also working the wild fires right now .  ,Disaster
God forbid this is true  # California has enough problems with severe  # drought  &   # wild fires .    # Nuclear Power  # SanOnofre,Disaster
Firefighters Headed To California To Fight Wild Fires ,Disaster
 # FOXDebateQuestions :   To what degree has Obama ' s efforts to institute Sharia Law exacerbated the California wild fires ? ,Disaster
PRAYERS FOR MY COUSIN !  He is in California helping with the wild fires . ,Disaster
Catastrophic wild fires threatening U . S .  Mid west  &  Republicans fighting new climate change rules I guess this is the ultimate in Darwinism,Disaster
 @ Jennife29916207 I was thinking about you today when I was reading about the wild fires,Disaster
 @ cnni  @ PrisonPlanet Climate Change CNN weather  ' specialist '  warning : wild fires rain flooding noting about the sun ?  ,Disaster
 @ SenFeinstein   Thanks Sen .  Feinstein now hurry home because California is a huge uncontrolled wild fire .  Lightening is starting new fires . ,Disaster
Wild fires freak me the fuck out .  Like hell no,Disaster
Man !  What I would give to be in CA right now to help with the wild fires . ,Disaster
In Europe nature is kind while in US they have tornados hurricanes wild fires earthquakes flash floods mega snow droughts . ,Disaster
They should just have load shedding permanently and we will all just live like we in the wild and have camp fires  cook with fire etc,Non-Disaster
Firefighters from Connecticut are headed to California to fight wild fires  ,Disaster
These wild fires out west are crazy . ,Disaster
DEEP crew to help with California wild fires  via  @ thedayct,Disaster
 @ Aria Ahrary  @ TheTawniest The out of control wild fires in California even in the Northern part of the state .  Very troubling . ,Disaster
Full Episode :   WN 08 / 02 / 15 :  California Wild Fires Force 12000 to Evacuate  # Worldnews ,Disaster
Man selling WILD MORELS at Ambleside Farmr Mart . Sun .  - MUSHROOM forageSECRET IS TO KNOW WHAT TREES they grow under  &  BEST AFTER FOREST FIRES,Non-Disaster
 @ randerson62 Watching news of wild fires and hope all is ok . ,Disaster
" ' Your love will surely come find us
Like blazing wild fires singing Your name ' ",Non-Disaster
 @ EnzasBargains A5 Donated some fruit snacks  &  handi wipes to our fire fighters battling wild fires !   # ProfitToThePeople,Disaster
Wild land fires .  Here I come .   ? ,Disaster
 @ WBCShirl2 Yes God doessnt change  he says not to rejoice over the fall of people or calamities like wild fires  ect  you wanna be punished ? ,Non-Disaster
My heart goes out to all those effected by the wild fires in Cali ? ,Disaster
Wild fires in California .  Must be Global Warming .  Cannot just be extreme heat combined with dry foliage ignited by some douchebag hiker . ,Disaster
Does the  # FingerRockFire make you wonder  ' am I prepared for a wildfire '  .  Find out at   # Arizona Weather ,Disaster
"kc5kH mhtw4fnet

Crews gaining on huge Northern California wildfire  -  CBS News",Disaster
Fire in Pisgah National Forest grows to 375 acres  -  WSOC Charlotte ,Disaster
Route Complex AM Fire Update  ( Route Complex Wildfire )  :  FIRE UPDATE :  ROUTE COMPLEX Thursday Morning Aug .    # CAFire,Disaster
Parker Ridge Fact Sheet Aug 6 2015  ( Parker Ridge Wildfire )  :  Information Phone :  208 - 267 - 6773 Email :  pa .    # Idaho Fire,Disaster
We should all have a fire safety plan .  RT  @ Matt_Kroschel :  MOCK WILDFIRE near  # Vail as agencies prepare for the worst .  ,Non-Disaster
 ' Some hearths they burn like a wildfire '   by Bees Knees,Disaster
NowPlaying GT  &  Wildfire feat .  Freaks In Love Feels Like It Should  ( Original Mix )  Massive Dance Radio ListenLive :  ,Non-Disaster
Drones Under Fire :  Officials Offer  $ 75000 Reward Leading To Pilots Who Flew Over Wildfire   # photography  # arts,Disaster
Be ember aware !  ,Disaster
California wildfire destroys more homes but crews advance  Free tool online ,Disaster
 # Idaho Fire Parker Ridge Fact Sheet Aug 6 2015  ( Parker Ridge Wildfire )  :  Information Phone :  208 - 267 - 6773 Email :  pa .  ,Disaster
Is LA at Risk for a Giant Wildfire ?   -  Which Way L . A .  ?  on KCRW ,Disaster
California is battling its scariest 2015 wildfire so far .  ,Disaster
Wildfire Burns On California U . s .  China Economic Net   :    ,Disaster
Dr .  Bengston on  # wildfire management :  numbers and size of fires areas affected and costs of fighting them all show upward trend .   # smem,Disaster
The Latest :  Washington  # Wildfire misses town ;  evacuations end  -  KHQ Right Now ,Disaster
I honestly wonder what it is that I had to do so wrong to lose everyone . ,Non-Disaster
PHOTOS :  The Rocky Fire has grown into California ' s most destructive wildfire this year .   ,Disaster
Wildfire near Columbia River town is 50 percent contained   # FireNews  # WA ,Disaster
 !  Residents Return To Destroyed Homes As Washington Wildfire Burns on ,Disaster
California is battling its scariest 2015 wildfire so far  -  the Rocky Fire ,Disaster
Solitude Fire Update August 6 2015  ( Solitude Wildfire )  :  Summary :  This lightning - caused fire is being  .    # UTFire,Disaster
The Latest :  More homes razed by Northern California wildfire  -  LancasterOnline   # Lancaster,Disaster
Reuters Top News :  PHOTOS :  The Rocky Fire has grown into California ' s most  .   -    # News In Tweets ,Disaster
This machine really captured my attention .   # helicopter  # firefighting  # wildfire  # oregon  # Eastern Oregon ,Disaster
 @ _wildfire_  ?  Bruh that is the lady from Mulan ! ,Non-Disaster
For those impacted by the  # CalWildfires here are some great recovery tips to help you in the aftermath ,Disaster
 # Idaho Fire Cherokee Road and Road 22  ( Three Sisters Wildfire )  :  There are two roads closed to the general public :   .  ,Disaster
Oregon ' s biggest wildfire slows growth  via  @ katunews,Disaster
Media Release  -  Firefighters Ask Hikers to Sign - in at Local Trailheads  ( Parker Ridge Wildfire )  :  Parker .    # Idaho Fire,Disaster
The Latest :   # Wildfire destroys more homes but crews advance  -  WQOW TV News 18 ,Disaster
 # California  # wildfire destroys more homes but crews advance .   ,Disaster
For sixth year in a row premium costs for windstorm insurance to climb .  This time by 5 percent .   # GalvNews  ,Non-Disaster
Windstorm lastingness perquisite  -  acquiesce in a twister retreat :  ZiUW ,Disaster
 ' My Fifty Online Dates and why I am still single '  by Michael Windstorm  $ 2 . 99 B & N     # nook  # books  # TheBachelorette,Non-Disaster
Reality Training :  Train falls off elevated tracks during windstorm   # Paramedic  # EMS,Disaster
Texas Seeks Comment on Rules for Changes to Windstorm Insurer   # insurance,Non-Disaster
IJ :  Texas Seeks Comment on Rules for Changes to Windstorm Insurer ,Disaster
 * looks outside at the windstorm *  niiiice,Disaster
Texas Seeks Comment on Rules for Changes to Windstorm Insurer ,Disaster
When I breathe it sounds like a windstorm .  Haha cool,Non-Disaster
Wind Storm WSVR1686B Cover for V - Hull Runabout Boat including euro - style with wi  ,Non-Disaster
NEMA Ekiti distributed relief materials to affected victims of Rain / Windstorm disaster at Ode - Ekiti in Gbonyin LGA . ,Disaster
Reality Training :  Train falls off elevated tracks during windstorm ,Disaster
 # Insurance Texas Seeks Comment on Rules for Changes to Windstorm Insurer :  The Texas Department of Insurance is .   ,Disaster
 # NowPlaying School Of Seven Bells  -  Windstorm  # WZBT,Non-Disaster
Windstorm board OKs rate hike before change   # politics  # Texas Legislature  # Texas Windstorm Insurance Association,Non-Disaster
Reality Training :  Train falls off elevated tracks during windstorm   # fire  # ems,Disaster
One thing I wanna see before I die >   # Trump standing in a good windstorm with no hat on !   # Hardball,Non-Disaster
 @ chriscesq The average GOP voter would go to a big - tent circus in a hailstorm / windstorm no ?   :  -  ) ,Non-Disaster
 @ Charles Adler Ian Lee ' s word is like  ' A fart in a windstorm '  .  Such a browner . ,Non-Disaster
My precious olive tree lost this battle . another crazy windstorm in  # yyc !   @ weather network ,Disaster
Shirley Caesar  -  Windstorm   # nowplaying  # listen live,Non-Disaster
If you find your patio table umbrella and chairs flipped over and suspect foul play  ( instead of windstorm )  you may be a suspense writer . ,Non-Disaster
I like the weird ones like Rain of Mystical or Windstorm or Ocean Waves ,Non-Disaster
A fierce windstorm cannot take place without da calm / stillness of the eye / center so with that said ur internal aspects weigh more than external,Non-Disaster
NW Michigan  # Wind Storm  ( Sheer )  Recovery Updates :  Leelanau  &  Grand Traverse  -  State of Emergency 2b extended   # BeSafe,Disaster
New roof and hardy up . Windstorm inspection tomorrow ,Non-Disaster
School Of Seven Bells  -  Windstorm    # nowplaying,Non-Disaster
 # Insurance :  Texas Seeks Comment on Rules for Changes to Windstorm Insurer ,Non-Disaster
Damn . was wondering where my drone ended up after the freak windstorm .  ?  ,Disaster
 @ blakeshelton DO NOT be a FART  ? in a WINDSTORM . FOLLOW ME ALREADY .  JEEZ . ,Disaster
TWIA board approves 5 percent rate hike :  The Texas Windstorm Insurance Association  ( TWIA )  Board of Directors v .  ,Non-Disaster
Texas Seeks Comment on Rules for Changes to Windstorm Insurer  via  @ ijournal,Non-Disaster
the windstorm blew thru my open window and now my bong is in pieces just another example of nature ' s indifference to human suffering,Non-Disaster
 ' My Fifty Online Dates and why I am still single '  by Michael Windstorm  $ 2 . 99 Amazon      # kindle   # dating tips  # goodreads,Non-Disaster
 @ rangerkaitimay had major windstorm thunder and some rain down here near Jackson . calm now . ,Disaster
Texas Seeks Comment on Rules for Changes to Windstorm Insurer  ,Non-Disaster
Gunmen kill four in El Salvador bus attack :  Suspected Salvadoran gang members killed four people and wounded s .  ,Disaster
Police Officer Wounded Suspect Dead After Exchanging Shots ,Disaster
I also loved  ' Bury my heart at wounded knee '  too !   # TheGame,Non-Disaster
The whole food stamp gov .  assistance program needs to be retooled for wounded veterans retirees and handicapped only .    # No More Handouts,Non-Disaster
Gunmen open fire on bus near El Salvador ' s capital killing 4 a week after gang attacks killed 8 bus drivers :   bit,Disaster
Officer Wounded Suspect Killed in Exchange of Gunfire :  Richmond police officer wounded suspect killed in exc .  ,Disaster
One man fatally shot another wounded on Vermont Street  # Buffalo  -  ,Disaster
Richmond police officer wounded suspect killed ,Disaster
Twilight ' s Encore  ( Wounded Hearts Book 3 )  by Jacquie Biggar  via  @ amazon  # Kindle Countdown  # Sale  # MFRWauthor  # MGTAB,Non-Disaster
"Prince Phillip said of the numbers of those murdered by the British at Amritsar . 

Thats a bit exaggerated it must include the wounded . ",Disaster
California cops have sketch of gunman who killed one wounded two deputies via the  @ Fox News app ,Disaster
Police Officer Wounded Suspect Dead After Exchanging Shots :  Richmond police officer wounded suspect killed after exchange of gunfire,Disaster
Let us not forget our wounded female veterans .  ,Disaster
"Have you ever seen the President 
who killed your wounded child ? 
Or the man that crashed your sister ' s plane 
claimin '  he was sent of God ? ",Non-Disaster
GENERAL AUDIENCE :  On Wounded Families  |  ZENIT  -  The World Seen From Rome ,Non-Disaster
DESCRIPTIONS OF  ' WOUNDED CATS BEING  ' EXCITING '  ,Non-Disaster
Love is the weapon for this wounded generation love,Non-Disaster
 @ AsterPuppet wounded and carried her back to where his brothers and sisters were and entered the air ship to go back to Academia,Non-Disaster
Police officer wounded suspect dead after exchanging shots :  RICHMOND Va .   ( AP )   A Richmond police officer wa .  ,Disaster
Police Officer Wounded Suspect Dead After Exchanging Shots  -  ,Disaster
Police Officer Wounded Suspect Dead After Exchanging Shots   # ABC  # News  # AN247,Disaster
 @ wocowae Police Officer Wounded Suspect Dead After Exchanging Shots  ushed,Disaster
The Police Chief assured the crowd that this officer - related shooting would be investigated :   .  ,Disaster
Police Officer Wounded Suspect Dead After Exchanging Shots :  Richmond police officer wounded suspect killed a .  ,Disaster
I am liable to sound like a wounded animal during sex if the  ?  is good lol,Non-Disaster
Police Officer Wounded Suspect Dead After Exchanging Shots,Disaster
Officer wounded suspect killed in exchange of gunfire :  Richmond police say an officer has been wounded and a  .  ,Disaster
 .  @ wwp is serving more than 75k veterans .  52k OIF / OEF vets have physical wounds ;  many more have invisible ones   # client,Disaster
 [  # Latest news ]  Police officer wounded suspect dead after exchanging shots :  RICHMOND Va .   ( AP )   A Richmond pol .  ,Disaster
ABC News :  Police Officer Wounded Suspect Dead After Exchanging Shots .  More  # news  -  ,Disaster
National free root beer float day is tomorrow at A & W from 2pm - close !  Help support the Wounded Warrior Project with donations !   :  ) ,Non-Disaster
 -  small bag from the bottom the wounded hero shakes it .  A Senzu Bean falls from it .  Gohans surprised .  Shakes the pouch once more but  - ,Non-Disaster
 @ wocowae Officer Wounded Suspect Killed in Exchange of Gunfire  ushed,Disaster
Gunshot wound  # 9 is in the bicep .  The only one of the ten wounds that is not in the chest / torso area .    # Kerrick Trial  # Jonathan Ferrell,Disaster
 @ Charles Dagnall He is getting 50 here I think .  Salt .  Wounds .  Rub .  In . ,Non-Disaster
Nout like rubbin salt in the wounds dad .   ?  ,Non-Disaster
Read ~ THE unhealed WOUNDS OF AN UNENDING CONFLICT  # Kashmir  # Pakistan  # India   # End Occupation  # End Conflict  # Free Kashmir,Disaster
We would become the mirrors that reflected each other ' s most private wounds and desires . ,Non-Disaster
Acc to the study conducted by SKIMS morethan 50 %  population in  # Kashmir suffer psychiatric disorders   # Kashmir Conflict,Disaster
You are equally as scared cause this somehow started to heal you fill your wounds that you once thought were permanent . ,Non-Disaster
RT  @ Dianne Gallagher :  Gunshot wound  # 9 is in the bicep .  only 1 of the 10 wounds that is not in the chest / torso area .    # Kerrick Trial  # Jonathan Ferrell,Non-Disaster
"white ppl bruise easily .  where ur bullet wounds at  ?  

",Non-Disaster
Help yourself or those you love who suffer from self - esteem wounds .  You can today !   ,Non-Disaster
Crack in the path where I wiped out this morning during beach run .  Surface wounds on left elbow and right knee .  ,Non-Disaster
Dr .  Owen says four of Ferrell ' s ten bullet wounds were  ' rapidly lethal '   # Kerrick Trial  # TWCNewsCLT ,Disaster
 @ Matt Mosley post a pic of your wounds please,Non-Disaster
11 puncture wounds,Non-Disaster
Having your wounds kissed by Someone who does not see them as disasters in your soul but rather cracks to pour their love into is amazing . ,Non-Disaster
 @ FEVWarrior  - in the Vault that could take a look at those wounds of yours if You would like to go to one of these places first .  '  Zarry has had - ,Non-Disaster
Cutting for some celebrety and then posting the wounds online is a no - go . ,Non-Disaster
If time heals all wounds how come the belly button stays the same ? ,Non-Disaster
and I thought my surgical wounds were healed !  this weather am not helping either  )  : ,Non-Disaster
Woodlawn Shooting Wounds 79 - Year - Old Woman Teen  -  Woodlawn  -   Chicago ,Disaster
It is not always friendship when kisses show up neither is it always enemity that shows up when wounds show up .   # Bishop Fred,Non-Disaster
I keep scrolling to find out what he said or did . but there seems to be no exact starting point .   Wounds run deep .   :   / ,Non-Disaster
 @ British Bake Off This has opened up old baked alaskan shaped wounds .  Too soon GBBO too soon .   # neverforget,Non-Disaster
 @ ego_resolution im glad .  My gay can heal 1000 wounds,Non-Disaster
Court back in session .  Testimony continues with med .  examiner discussing gunshot wounds  # Kerrick Trial,Non-Disaster
 @ IcyMagistrate her upper arm those  / friggin /  icicle projectiles and leg from various other wounds the girl looks like a miniature more,Disaster
Explosion in Gaza Strip kills four wounds 30 ;  cause unknown  via  @ Reuters,Disaster
 @ NicolaClements4 Im not sure that covering my head in wounds and scabs is the solution  ;  ) ,Non-Disaster
 @ DauntedPsyche  -  Man gently dabbed the cotton rag across each one of his wounds ;  the pain a lot more worse than Glenn had ever  - ,Non-Disaster
"Crawling in my skin
These wounds they will not hea",Disaster
Driver rams car into Israeli soldiers wounds 3 :  military :  A driver rammed a car into a group of Israeli soldi .  ,Disaster
Sorrower   -  Fresh Wounds Over Old Scars   ( 2015 Death Metal )   ,Disaster
ME says many of these wounds could be fatal some rather quickly others slower and a couple not lethal at all .   # Kerrick Trial,Non-Disaster
 @ Squeaver just hangin out in star buck watchin my boy wreck this septic tank,Non-Disaster
 @ Captainn_Morgan car wreck  ? ,Disaster
I am a wreck,Non-Disaster
Season 3 of New Girl was such a emotional train wreck I just wanted to cry laugh and eat a lot of ice cream,Non-Disaster
wreck ?  wreck wreck wreck wreck wreck wreck wreck wreck wreck wreck wreck wreck ? ,Non-Disaster
Did I drink too much ?  Am I losing touch ?  Did I build a ship to wreck ? ,Non-Disaster
"I am a friggin wreck destiel sucks  ( read the vine description ) 
",Non-Disaster
Watertown Gazette owner charged in wreck ,Disaster
How many cars do those cyclists wreck going past scratching with pedals .  They should be banned  # c4 news,Non-Disaster
LARGE SHIP WRECK FISH TANK ORNAMENT FOR SALE LARGE SHIP WRECK FISH TANK AQUA . ,Non-Disaster
 @ Memenaar But the design decision to  ' Let us make something fresh and beautiful and wonderful and then WRECK IT '  is kindof odd in restrospect,Non-Disaster
 @ Pokemon Cards  @ IceQueenFroslas why did they have to wreck it with ON SALE HERE  ;  -  ; ,Non-Disaster
Ranking  # artectura  # pop 2015  # Nå¼36 Florence  +  The Machine  -  Ship To Wreck    # music  # playlist  # YouTube,Non-Disaster
the sunset boys wreck my bed   original 1979 usa gimp label  vinyl 7 '  45  newave  ,Disaster
 # Trump debate will be most highly watched show tonight even among progressives .  I too will watch hoping for a spectacular flaming wreck . ,Non-Disaster
Anyone know if Fox News will be live - streaming tonights Republican debate online ?  I want to watch the train wreck . ,Non-Disaster
 @ girlthatsrio have my uncles wreck their shit,Non-Disaster
First wreck today .  So so glad me and mom are okay .  Could have been a lot worse .  So happy the lord was with us today  ? ,Non-Disaster
I am an emotional wreck right now . ,Non-Disaster
My emotions are a train wreck .  My body is a train wreck .  I am a wreck,Non-Disaster
act my age was a MESS everyone was so wild it was so fun my videos a wreck,Non-Disaster
 @ George Foster and The Wreck of the Edmund Fitzgerald,Disaster
GOP debate drinking game .  For anyone looking for a bit of fun while watching this train wreck .   ,Non-Disaster
Wreck with road blockage Woodward Avenue Northbound at Davison in M . S .   # shoals traffic,Disaster
Got in a car wreck .  The car in front of me did not put their blinker on  :  -  )  but it really does feel great outside so lol,Non-Disaster
do not think I Can take anymore emotional wreck watching  @ emmerdale  # Summer Fate  @ Michael Parr  @ Charley Webb,Non-Disaster
The court system is truly broken indeed !  But then its no surprise based on who it is run by !  ,Non-Disaster
Greer man dies in wreck ,Disaster
Amazon Deals :  Skylanders Trap Team :  Flip Wreck Character Pack  -  down 4 . 53 %   (  $ 0 . 45 )  to  $ 9 . 49 from  $ 9 . 94  # Sale ,Non-Disaster
A staged locomotive wreck what could possibly go wrong ?  ,Non-Disaster
i still do not see the point of a frozen sequel like where is the wreck it ralph sequel,Non-Disaster
I still need to finish the lover but I am watching this other drama for 8 hours now and I am an emotional wreck so the lover needs to wait,Non-Disaster
Omg if Cain dies i will be an emotional wreck  # emmerdale,Disaster
 @ TitorTau The Loretta Lynch one was fuckin '  HI - LARIOUS to watch in realtime .  It was like a train wreck of fact - checking and ombudsmanship . ,Non-Disaster
 @ raineishida lol . Im just a nervous wreck  : P,Non-Disaster
Amazon Prime Day :  12 quick takeaways from Amazons magnificent train wreck  -  ,Non-Disaster
I am an emotional wreck watching emmerdale,Non-Disaster
Wreckage  ' Conclusively Confirmed '  as From Malaysia Airlines Flight 370 :  Malaysia PM :  Investigators and the families of those who were .  ,Disaster
Wreckage Confirmed As Part of Missing Malaysia Airlines Flight Malaysia Airlines Flight 370   ( VICE News ) ,Disaster
Malaysia Airlines Flight 370 victim ' s family furious the media was told about wreckage confirmation first ,Disaster
 # Australia  # News  ;  RT janeenorman :   ' High probability '  aircraft wreckage is from  # Malaysia Airlines Flight 370 according to Deputy Prime  ,Disaster
KUALA LUMPUR  ( Reuters )   -  A piece of a wing that washed up on an Indian Ocean island beach last week was part of the wreckage of Malaysian A,Disaster
 # science Now that a piece of wreckage from flight Malaysia Airlines Flight 370 has been confirmed on Reunion Island is it possible t .   ,Disaster
Malaysia PM confirms wreckage belongs to Malaysia Airlines Flight 370  ,Disaster
CIA plot !   * rolling eyes *  RT  @ ajabrown :  Chinese relatives of Malaysia Airlines Flight 370 victims say reunion island wreckage was planted ,Disaster
Wreckage  ' Conclusively Confirmed '  as From Malaysia Airlines Flight 370 :  Malaysia PM,Disaster
"Related News :  

Plane Wreckage Found Is Part Of Missing Malaysia Airlines Flight 370 Malaysia Prime Minister ? Says
  -  World  -  BuzzFeed  |   ",Disaster
Malaysian prime minister says Reunion Island wreckage is from Malaysia Airlines Flight 370 :   via  @ slate,Disaster
The first piece of wreckage from the first - ever lost Boeing 777 which vanished back in early March along with the 239 people on board has,Disaster
"Wreckage is Malaysia Airlines Flight 370 :  Najib
  # Malaysia Airlines Flight 370  # najibrazak  # Malaysia Airlines",Disaster
Check out  ' Malaysia Confirms Plane Wreckage Is From Flight Malaysia Airlines Flight 370 '  at  ,Disaster
Wreckage  ' conclusively confirmed '  as from Malaysia Airlines Flight 370 :  Malaysia PM   |  ,Disaster
Wreckage  ' conclusively confirmed '  as from missing flight Malaysia Airlines Flight 370 via  @ Yahoo News Digest,Disaster
Wrecked an hour on YouTube with  @ julian_lage  @ GrantGordy  &   @ RossMartin7 and now it is practice time again . ,Non-Disaster
late night mcdonalds with friends  =  hilarious although my car is wrecked and there is half a steak pastie in the industrial estate,Non-Disaster
good luck to everyone who has school soon but your sleeping schedule is wrecked beyond repair,Non-Disaster
I wonder how times someone has wrecked trying to do the  ' stare and drive '  move from 2 Fast 2 Furious,Non-Disaster
Four hundred wrecked cars  ( costing  $ 100 apiece )  were purchased for the making of this 1986 film  -  ,Non-Disaster
Cramer :  Igers 3 words that wrecked Disneys stock CNBC ,Non-Disaster
Poor Liv and I getting our phones wrecked on the same day  @ oliviaapalmerr  # that is what friends are for,Non-Disaster
On the freeway to Africa til I wrecked my Audi,Non-Disaster
"Israel wrecked my home .  Now it wants my land .  
",Disaster
 # news Cramer :  Iger ' s 3 words that wrecked Disney ' s stock   # until now  # CNBC,Non-Disaster
James Kunstler :  How bad architecture wrecked cities   # residual income  # mlm ,Non-Disaster
 :  Iger ' s 3 words that wrecked Disney ' s stock  ,Non-Disaster
The Twitter update pretty much wrecked the app,Non-Disaster
You wrecked me .  Never felt so low in my life .  But it is okay God got me,Non-Disaster
coleslaw  # wrecked ,Non-Disaster
"300K exotic car wrecked in train accident 
",Disaster
The twins pitcher ' s ego is now WRECKED,Non-Disaster
 @ Tunes_WGG lol .  U got wrecked,Non-Disaster
you wrecked my whole world,Non-Disaster
I wrecked my stomach help,Non-Disaster
 @ _ohhmyjoshh  @ stevenrulles he not gonna be thinking that when he gets his shit wrecked on the first day of school  ? ,Non-Disaster
Wrecked tired but not gonna be asleep before 3 ? ,Non-Disaster
 Cramer :  Iger ' s 3 words that wrecked Disney ' s stock ,Non-Disaster
Wrecked emotions . ,Non-Disaster
The Riddler would be the best early - exit primary presidential wannabe ever all certain of his chances until he gets wrecked by a rich guy,Non-Disaster
 @ marynmck That is beyond adorable .  I hope it will not be wrecked now that it is been noticed  . ,Non-Disaster
Cramer :  Iger ' s 3 words that wrecked Disney ' s stock   # cnbc  # topnews,Non-Disaster
 @ Caitsroberts see U the night wee bArra to get absolutely wrecked  ? ,Non-Disaster
 @ Kirafrog  @ mount_wario Did you get wrecked again ? ,Disaster
Had an awesome time gettin wrecked at bowling last night !  ,Non-Disaster
Cramer :  3 words that wrecked DIS stock  -  ,Non-Disaster
On the bright side I wrecked ,Non-Disaster
He just wrecked all of you ,Non-Disaster
 @ widda16  .  He is gone .  You can relax .  I thought the wife who wrecked her cake was a goner mind lol  # whoops,Non-Disaster
 @ jt_ruff23  @ cameronhacker and I wrecked you both,Non-Disaster
Three days off from work and they have pretty much all been wrecked hahaha shoutout to my family for that one,Non-Disaster
 # FX  # forex  # trading Cramer :  Iger ' s 3 words that wrecked Disney ' s stock ,Non-Disaster
 @ engineshed Great atmosphere at the British Lion gig tonight .  Hearing is wrecked .  ,Non-Disaster
Cramer :  Iger ' s 3 words that wrecked Disney ' s stock  -  CNBC ,Non-Disaster
These boxes are ready to explode !  Exploding Kittens finally arrived !  gameofkittens  # explodingkittens ,Non-Disaster
Calgary Police Flood Road Closures in Calgary .  ,Disaster
 # Sismo Detected  # Japan 15 : 41 : 07 Seismic intensity 0 Iwate Miyagi JST  #  ?  ,Disaster
Sirens everywhere ! ,Non-Disaster
BREAKING :   # ISIS claims responsibility for mosque attack in Saudi Arabia that killed 13  ,Disaster
Omg earthquake,Disaster
SEVERE WEATHER BULLETIN No .  5 FOR :  TYPHOON  # Typhoon Hanna  ( Soudelor )  TROPICAL CYCLONE :  WARNING ISSUED AT 5 : 00 PM 06 .   ,Disaster
Heat wave warning aa ?  Ayyo dei .  Just when I plan to visit friends after a year . ,Disaster
An IS group suicide bomber detonated an explosives - packed vest in a mosque inside a Saudi special forces headquarters killing 15 people . ,Disaster
I just heard a really loud bang and everyone is asleep great,Non-Disaster
A gas thing just exploded and I heard screams and now the whole street smells of gas  .   ? ,Disaster
NWS :  Flash Flood Warning Continued for Shelby County until 08 : 00 PM Wednesday .    # Tennessee Weather,Disaster
RT  @ Living Safely :   # NWS issues Severe  # Thunderstorm Warnings for parts of  # AR  # NC  # OK .  Expect more trauma cases :  ,Disaster
 #  ?   #  ?   #  ?   #  ?  Malaysia Airlines Flight 370 :  Aircraft debris found on La Reunion is from missing Malaysia Airlines  .  ,Disaster
Father - of - three Lost Control of Car After Overtaking and Collided  # Bath and North East Somerset ,Disaster
1 . 3  # Earthquake in 9Km Ssw Of Anza California  # iPhone users download the Earthquake app for more information ,Disaster
 # breaking  # LA Refugio oil spill may have been costlier bigger than projected ,Disaster
a siren just went off and it was not the Forney tornado warning  ? ,Disaster
Officials say a quarantine is in place at an Alabama home over a possible Ebola case after developing symptoms .  ,Disaster
 # WorldNews Fallen powerlines on G : link tram :  UPDATE :  FIRE crews have evacuated up to 30 passengers who were tr .  ,Disaster
on the flip side I am at Walmart and there is a bomb and everyone had to evacuate so stay tuned if I blow up or not,Disaster
Suicide bomber kills 15 in Saudi security site mosque  -  Reuters via World  -  Google News  -  Wall  .  ,Disaster
